<?xml version='1.0' encoding='UTF-8'?>
<gpx version="1.1" creator="https://www.komoot.de" xmlns="http://www.topografix.com/GPX/1/1" xmlns:xsi="http://www.w3.org/2001/XMLSchema-instance" xsi:schemaLocation="http://www.topografix.com/GPX/1/1 http://www.topografix.com/GPX/1/1/gpx.xsd">
  <metadata>
    <name>Gravel Baura agosto 2026</name>
    <author>
      <link href="https://www.komoot.de">
        <text>komoot</text>
        <type>text/html</type>
      </link>
    </author>
  </metadata>
  <wpt lat="44.852749" lon="11.718446">
    <name>START</name>
    <desc>INIZIO GIRO</desc>
    <sym>Flag, Blue</sym>
  </wpt>
  <wpt lat="44.893089" lon="11.800762">
    <name>Acqua</name>
    <sym>Drinking Water</sym>
  </wpt>
  <wpt lat="44.925486" lon="11.867747">
    <name>Punto ristoro</name>
    <sym>Medical Facility</sym>
  </wpt>
  <wpt lat="44.912977" lon="11.690072">
    <name>Acqua</name>
    <sym>Drinking Water</sym>
  </wpt>
  <wpt lat="44.853182" lon="11.717799">
    <name>Punto di ritrovo</name>
    <desc>ARRIVO E PASTA PARTY</desc>
    <sym>Flag, Blue</sym>
  </wpt>
  <trk>
    <name>Gravel Baura agosto 2026</name>
    <type>touring_bicycle</type>
    <trkseg>
      <trkpt lat="44.852749" lon="11.718446">
        <ele>4.705355</ele>
        <time>2026-08-05T06:33:47.762Z</time>
      </trkpt>
      <trkpt lat="44.852746" lon="11.718452">
        <ele>4.705355</ele>
        <time>2026-08-05T06:33:47.879Z</time>
      </trkpt>
      <trkpt lat="44.852666" lon="11.718722">
        <ele>4.705355</ele>
        <time>2026-08-05T06:33:52.520Z</time>
      </trkpt>
      <trkpt lat="44.852561" lon="11.718708">
        <ele>4.705355</ele>
        <time>2026-08-05T06:33:54.874Z</time>
      </trkpt>
      <trkpt lat="44.852491" lon="11.718721">
        <ele>4.705355</ele>
        <time>2026-08-05T06:33:56.473Z</time>
      </trkpt>
      <trkpt lat="44.852458" lon="11.718734">
        <ele>4.705355</ele>
        <time>2026-08-05T06:33:57.223Z</time>
      </trkpt>
      <trkpt lat="44.851721" lon="11.719216">
        <ele>4.721611</ele>
        <time>2026-08-05T06:34:15.380Z</time>
      </trkpt>
      <trkpt lat="44.850531" lon="11.719720">
        <ele>4.781717</ele>
        <time>2026-08-05T06:34:44.501Z</time>
      </trkpt>
      <trkpt lat="44.850243" lon="11.719871">
        <ele>4.810151</ele>
        <time>2026-08-05T06:34:52.042Z</time>
      </trkpt>
      <trkpt lat="44.849982" lon="11.720062">
        <ele>4.870170</ele>
        <time>2026-08-05T06:34:59.152Z</time>
      </trkpt>
      <trkpt lat="44.849468" lon="11.720555">
        <ele>4.997048</ele>
        <time>2026-08-05T06:35:14.066Z</time>
      </trkpt>
      <trkpt lat="44.848930" lon="11.721078">
        <ele>5.130422</ele>
        <time>2026-08-05T06:35:29.591Z</time>
      </trkpt>
      <trkpt lat="44.848486" lon="11.720222">
        <ele>5.321223</ele>
        <time>2026-08-05T06:35:47.960Z</time>
      </trkpt>
      <trkpt lat="44.848338" lon="11.719983">
        <ele>5.380919</ele>
        <time>2026-08-05T06:35:53.497Z</time>
      </trkpt>
      <trkpt lat="44.848297" lon="11.719916">
        <ele>5.397569</ele>
        <time>2026-08-05T06:35:55.038Z</time>
      </trkpt>
      <trkpt lat="44.848137" lon="11.719634">
        <ele>5.465515</ele>
        <time>2026-08-05T06:36:01.378Z</time>
      </trkpt>
      <trkpt lat="44.847907" lon="11.719189">
        <ele>5.569113</ele>
        <time>2026-08-05T06:36:10.938Z</time>
      </trkpt>
      <trkpt lat="44.847888" lon="11.718906">
        <ele>5.622590</ele>
        <time>2026-08-05T06:36:15.800Z</time>
      </trkpt>
      <trkpt lat="44.847905" lon="11.718745">
        <ele>5.616771</ele>
        <time>2026-08-05T06:36:18.537Z</time>
      </trkpt>
      <trkpt lat="44.847886" lon="11.718555">
        <ele>5.572890</ele>
        <time>2026-08-05T06:36:21.697Z</time>
      </trkpt>
      <trkpt lat="44.847803" lon="11.718474">
        <ele>5.540334</ele>
        <time>2026-08-05T06:36:24.001Z</time>
      </trkpt>
      <trkpt lat="44.847795" lon="11.718369">
        <ele>5.516184</ele>
        <time>2026-08-05T06:36:25.625Z</time>
      </trkpt>
      <trkpt lat="44.847441" lon="11.718370">
        <ele>5.401998</ele>
        <time>2026-08-05T06:36:33.014Z</time>
      </trkpt>
      <trkpt lat="44.847113" lon="11.718278">
        <ele>5.294127</ele>
        <time>2026-08-05T06:36:39.797Z</time>
      </trkpt>
      <trkpt lat="44.846772" lon="11.718072">
        <ele>5.174471</ele>
        <time>2026-08-05T06:36:47.344Z</time>
      </trkpt>
      <trkpt lat="44.846126" lon="11.717593">
        <ele>5.077882</ele>
        <time>2026-08-05T06:37:02.321Z</time>
      </trkpt>
      <trkpt lat="44.845104" lon="11.716780">
        <ele>5.146414</ele>
        <time>2026-08-05T06:37:29.013Z</time>
      </trkpt>
      <trkpt lat="44.844929" lon="11.716589">
        <ele>5.159338</ele>
        <time>2026-08-05T06:37:34.455Z</time>
      </trkpt>
      <trkpt lat="44.844741" lon="11.716366">
        <ele>5.196122</ele>
        <time>2026-08-05T06:37:40.536Z</time>
      </trkpt>
      <trkpt lat="44.844540" lon="11.716160">
        <ele>5.237692</ele>
        <time>2026-08-05T06:37:46.605Z</time>
      </trkpt>
      <trkpt lat="44.844159" lon="11.715994">
        <ele>5.304409</ele>
        <time>2026-08-05T06:37:56.091Z</time>
      </trkpt>
      <trkpt lat="44.844006" lon="11.715841">
        <ele>5.335788</ele>
        <time>2026-08-05T06:38:00.535Z</time>
      </trkpt>
      <trkpt lat="44.844004" lon="11.715779">
        <ele>5.343151</ele>
        <time>2026-08-05T06:38:01.563Z</time>
      </trkpt>
      <trkpt lat="44.843970" lon="11.715654">
        <ele>5.359033</ele>
        <time>2026-08-05T06:38:03.729Z</time>
      </trkpt>
      <trkpt lat="44.843899" lon="11.715562">
        <ele>5.375164</ele>
        <time>2026-08-05T06:38:05.899Z</time>
      </trkpt>
      <trkpt lat="44.843807" lon="11.715523">
        <ele>5.391236</ele>
        <time>2026-08-05T06:38:07.987Z</time>
      </trkpt>
      <trkpt lat="44.843745" lon="11.715531">
        <ele>5.401653</ele>
        <time>2026-08-05T06:38:09.353Z</time>
      </trkpt>
      <trkpt lat="44.843698" lon="11.715555">
        <ele>5.410016</ele>
        <time>2026-08-05T06:38:10.450Z</time>
      </trkpt>
      <trkpt lat="44.843605" lon="11.715676">
        <ele>5.431185</ele>
        <time>2026-08-05T06:38:13.202Z</time>
      </trkpt>
      <trkpt lat="44.843578" lon="11.715809">
        <ele>5.447596</ele>
        <time>2026-08-05T06:38:15.337Z</time>
      </trkpt>
      <trkpt lat="44.843582" lon="11.715887">
        <ele>5.456873</ele>
        <time>2026-08-05T06:38:16.515Z</time>
      </trkpt>
      <trkpt lat="44.843480" lon="11.716426">
        <ele>5.352786</ele>
        <time>2026-08-05T06:38:24.738Z</time>
      </trkpt>
      <trkpt lat="44.843403" lon="11.716771">
        <ele>5.274886</ele>
        <time>2026-08-05T06:38:29.836Z</time>
      </trkpt>
      <trkpt lat="44.842954" lon="11.718401">
        <ele>4.907576</ele>
        <time>2026-08-05T06:38:56.016Z</time>
      </trkpt>
      <trkpt lat="44.842741" lon="11.718981">
        <ele>4.839858</ele>
        <time>2026-08-05T06:39:06.543Z</time>
      </trkpt>
      <trkpt lat="44.842566" lon="11.719438">
        <ele>4.786011</ele>
        <time>2026-08-05T06:39:14.845Z</time>
      </trkpt>
      <trkpt lat="44.842428" lon="11.719913">
        <ele>4.732792</ele>
        <time>2026-08-05T06:39:22.971Z</time>
      </trkpt>
      <trkpt lat="44.842289" lon="11.721070">
        <ele>4.532127</ele>
        <time>2026-08-05T06:39:40.427Z</time>
      </trkpt>
      <trkpt lat="44.842275" lon="11.721180">
        <ele>4.498798</ele>
        <time>2026-08-05T06:39:41.990Z</time>
      </trkpt>
      <trkpt lat="44.842255" lon="11.721363">
        <ele>4.443579</ele>
        <time>2026-08-05T06:39:44.581Z</time>
      </trkpt>
      <trkpt lat="44.842173" lon="11.723141">
        <ele>3.912218</ele>
        <time>2026-08-05T06:40:10.745Z</time>
      </trkpt>
      <trkpt lat="44.842173" lon="11.723710">
        <ele>3.726414</ele>
        <time>2026-08-05T06:40:19.269Z</time>
      </trkpt>
      <trkpt lat="44.842010" lon="11.723721">
        <ele>3.650606</ele>
        <time>2026-08-05T06:40:22.836Z</time>
      </trkpt>
      <trkpt lat="44.840164" lon="11.724718">
        <ele>2.830593</ele>
        <time>2026-08-05T06:41:05.090Z</time>
      </trkpt>
      <trkpt lat="44.837571" lon="11.726589">
        <ele>2.152730</ele>
        <time>2026-08-05T06:42:10.572Z</time>
      </trkpt>
      <trkpt lat="44.837432" lon="11.726716">
        <ele>2.169464</ele>
        <time>2026-08-05T06:42:14.387Z</time>
      </trkpt>
      <trkpt lat="44.837242" lon="11.726944">
        <ele>2.194670</ele>
        <time>2026-08-05T06:42:20.162Z</time>
      </trkpt>
      <trkpt lat="44.837052" lon="11.727267">
        <ele>2.224737</ele>
        <time>2026-08-05T06:42:27.113Z</time>
      </trkpt>
      <trkpt lat="44.836024" lon="11.729391">
        <ele>2.499417</ele>
        <time>2026-08-05T06:43:10.862Z</time>
      </trkpt>
      <trkpt lat="44.835969" lon="11.729486">
        <ele>2.518540</ele>
        <time>2026-08-05T06:43:12.963Z</time>
      </trkpt>
      <trkpt lat="44.834775" lon="11.731115">
        <ele>2.803477</ele>
        <time>2026-08-05T06:43:52.989Z</time>
      </trkpt>
      <trkpt lat="44.834108" lon="11.732017">
        <ele>2.902159</ele>
        <time>2026-08-05T06:44:14.782Z</time>
      </trkpt>
      <trkpt lat="44.833900" lon="11.732215">
        <ele>2.894888</ele>
        <time>2026-08-05T06:44:20.428Z</time>
      </trkpt>
      <trkpt lat="44.833780" lon="11.732666">
        <ele>2.797686</ele>
        <time>2026-08-05T06:44:32.711Z</time>
      </trkpt>
      <trkpt lat="44.833597" lon="11.733546">
        <ele>2.612633</ele>
        <time>2026-08-05T06:44:55.825Z</time>
      </trkpt>
      <trkpt lat="44.833654" lon="11.733612">
        <ele>2.591646</ele>
        <time>2026-08-05T06:44:58.434Z</time>
      </trkpt>
      <trkpt lat="44.834049" lon="11.733816">
        <ele>2.471947</ele>
        <time>2026-08-05T06:45:13.354Z</time>
      </trkpt>
      <trkpt lat="44.834401" lon="11.733996">
        <ele>2.415696</ele>
        <time>2026-08-05T06:45:26.851Z</time>
      </trkpt>
      <trkpt lat="44.834586" lon="11.734023">
        <ele>2.425470</ele>
        <time>2026-08-05T06:45:33.676Z</time>
      </trkpt>
      <trkpt lat="44.834846" lon="11.733897">
        <ele>2.439916</ele>
        <time>2026-08-05T06:45:43.923Z</time>
      </trkpt>
      <trkpt lat="44.835796" lon="11.733141">
        <ele>2.497237</ele>
        <time>2026-08-05T06:46:25.425Z</time>
      </trkpt>
      <trkpt lat="44.836168" lon="11.732539">
        <ele>2.483707</ele>
        <time>2026-08-05T06:46:46.679Z</time>
      </trkpt>
      <trkpt lat="44.836979" lon="11.731431">
        <ele>2.438726</ele>
        <time>2026-08-05T06:47:27.922Z</time>
      </trkpt>
      <trkpt lat="44.837546" lon="11.730762">
        <ele>2.375783</ele>
        <time>2026-08-05T06:47:54.727Z</time>
      </trkpt>
      <trkpt lat="44.837818" lon="11.730557">
        <ele>2.344310</ele>
        <time>2026-08-05T06:48:05.982Z</time>
      </trkpt>
      <trkpt lat="44.839341" lon="11.729599">
        <ele>2.314173</ele>
        <time>2026-08-05T06:49:07.713Z</time>
      </trkpt>
      <trkpt lat="44.839553" lon="11.729402">
        <ele>2.337939</ele>
        <time>2026-08-05T06:49:17.252Z</time>
      </trkpt>
      <trkpt lat="44.840040" lon="11.728555">
        <ele>2.410320</ele>
        <time>2026-08-05T06:49:46.479Z</time>
      </trkpt>
      <trkpt lat="44.840096" lon="11.728400">
        <ele>2.426780</ele>
        <time>2026-08-05T06:49:51.104Z</time>
      </trkpt>
      <trkpt lat="44.840188" lon="11.727941">
        <ele>2.483035</ele>
        <time>2026-08-05T06:50:03.810Z</time>
      </trkpt>
      <trkpt lat="44.840287" lon="11.727728">
        <ele>2.513071</ele>
        <time>2026-08-05T06:50:10.560Z</time>
      </trkpt>
      <trkpt lat="44.840761" lon="11.727242">
        <ele>2.610543</ele>
        <time>2026-08-05T06:50:32.630Z</time>
      </trkpt>
      <trkpt lat="44.841030" lon="11.726852">
        <ele>2.674710</ele>
        <time>2026-08-05T06:50:47.221Z</time>
      </trkpt>
      <trkpt lat="44.841454" lon="11.726248">
        <ele>2.798324</ele>
        <time>2026-08-05T06:51:01.779Z</time>
      </trkpt>
      <trkpt lat="44.842188" lon="11.725371">
        <ele>3.020418</ele>
        <time>2026-08-05T06:51:25.359Z</time>
      </trkpt>
      <trkpt lat="44.842213" lon="11.728616">
        <ele>3.206973</ele>
        <time>2026-08-05T06:52:17.155Z</time>
      </trkpt>
      <trkpt lat="44.842089" lon="11.731326">
        <ele>2.776461</ele>
        <time>2026-08-05T06:52:58.018Z</time>
      </trkpt>
      <trkpt lat="44.841994" lon="11.731828">
        <ele>2.729361</ele>
        <time>2026-08-05T06:53:06.045Z</time>
      </trkpt>
      <trkpt lat="44.841676" lon="11.732771">
        <ele>2.634699</ele>
        <time>2026-08-05T06:53:22.528Z</time>
      </trkpt>
      <trkpt lat="44.841606" lon="11.733004">
        <ele>2.611759</ele>
        <time>2026-08-05T06:53:26.446Z</time>
      </trkpt>
      <trkpt lat="44.841574" lon="11.733213">
        <ele>2.592376</ele>
        <time>2026-08-05T06:53:29.723Z</time>
      </trkpt>
      <trkpt lat="44.841607" lon="11.733379">
        <ele>2.576747</ele>
        <time>2026-08-05T06:53:32.360Z</time>
      </trkpt>
      <trkpt lat="44.841837" lon="11.733925">
        <ele>2.484489</ele>
        <time>2026-08-05T06:53:41.969Z</time>
      </trkpt>
      <trkpt lat="44.842323" lon="11.735471">
        <ele>2.218339</ele>
        <time>2026-08-05T06:54:07.214Z</time>
      </trkpt>
      <trkpt lat="44.842819" lon="11.737294">
        <ele>2.285211</ele>
        <time>2026-08-05T06:54:38.184Z</time>
      </trkpt>
      <trkpt lat="44.843470" lon="11.738939">
        <ele>2.573732</ele>
        <time>2026-08-05T06:55:09.342Z</time>
      </trkpt>
      <trkpt lat="44.843533" lon="11.739191">
        <ele>2.634756</ele>
        <time>2026-08-05T06:55:13.812Z</time>
      </trkpt>
      <trkpt lat="44.844120" lon="11.742619">
        <ele>3.543512</ele>
        <time>2026-08-05T06:56:13.195Z</time>
      </trkpt>
      <trkpt lat="44.844339" lon="11.743631">
        <ele>3.794947</ele>
        <time>2026-08-05T06:56:31.283Z</time>
      </trkpt>
      <trkpt lat="44.844612" lon="11.745275">
        <ele>4.170744</ele>
        <time>2026-08-05T06:56:59.225Z</time>
      </trkpt>
      <trkpt lat="44.844769" lon="11.745931">
        <ele>4.256022</ele>
        <time>2026-08-05T06:57:10.424Z</time>
      </trkpt>
      <trkpt lat="44.844975" lon="11.746446">
        <ele>4.319399</ele>
        <time>2026-08-05T06:57:19.929Z</time>
      </trkpt>
      <trkpt lat="44.845570" lon="11.747422">
        <ele>4.457360</ele>
        <time>2026-08-05T06:57:40.715Z</time>
      </trkpt>
      <trkpt lat="44.845570" lon="11.747422">
        <ele>4.457360</ele>
        <time>2026-08-05T06:57:40.725Z</time>
      </trkpt>
      <trkpt lat="44.846022" lon="11.747919">
        <ele>4.625375</ele>
        <time>2026-08-05T06:57:55.546Z</time>
      </trkpt>
      <trkpt lat="44.846475" lon="11.748416">
        <ele>4.800378</ele>
        <time>2026-08-05T06:58:10.386Z</time>
      </trkpt>
      <trkpt lat="44.846757" lon="11.748607">
        <ele>4.895769</ele>
        <time>2026-08-05T06:58:22.494Z</time>
      </trkpt>
      <trkpt lat="44.848028" lon="11.749200">
        <ele>5.044420</ele>
        <time>2026-08-05T06:59:13.686Z</time>
      </trkpt>
      <trkpt lat="44.850180" lon="11.750014">
        <ele>4.712529</ele>
        <time>2026-08-05T07:00:34.098Z</time>
      </trkpt>
      <trkpt lat="44.850351" lon="11.750058">
        <ele>4.667355</ele>
        <time>2026-08-05T07:00:40.382Z</time>
      </trkpt>
      <trkpt lat="44.850897" lon="11.750082">
        <ele>4.547493</ele>
        <time>2026-08-05T07:01:00.178Z</time>
      </trkpt>
      <trkpt lat="44.852582" lon="11.750958">
        <ele>4.255882</ele>
        <time>2026-08-05T07:02:05.358Z</time>
      </trkpt>
      <trkpt lat="44.852587" lon="11.750960">
        <ele>4.255688</ele>
        <time>2026-08-05T07:02:05.543Z</time>
      </trkpt>
      <trkpt lat="44.852690" lon="11.751001">
        <ele>4.251686</ele>
        <time>2026-08-05T07:02:09.483Z</time>
      </trkpt>
      <trkpt lat="44.853945" lon="11.751423">
        <ele>4.203447</ele>
        <time>2026-08-05T07:02:57.418Z</time>
      </trkpt>
      <trkpt lat="44.854118" lon="11.751531">
        <ele>4.196741</ele>
        <time>2026-08-05T07:03:04.407Z</time>
      </trkpt>
      <trkpt lat="44.854173" lon="11.751619">
        <ele>4.193947</ele>
        <time>2026-08-05T07:03:07.497Z</time>
      </trkpt>
      <trkpt lat="44.854247" lon="11.751879">
        <ele>4.187273</ele>
        <time>2026-08-05T07:03:14.837Z</time>
      </trkpt>
      <trkpt lat="44.854327" lon="11.752313">
        <ele>4.176591</ele>
        <time>2026-08-05T07:03:26.575Z</time>
      </trkpt>
      <trkpt lat="44.854392" lon="11.752975">
        <ele>4.160672</ele>
        <time>2026-08-05T07:03:44.031Z</time>
      </trkpt>
      <trkpt lat="44.854435" lon="11.754262">
        <ele>4.119267</ele>
        <time>2026-08-05T07:04:17.715Z</time>
      </trkpt>
      <trkpt lat="44.854424" lon="11.754868">
        <ele>4.088682</ele>
        <time>2026-08-05T07:04:33.532Z</time>
      </trkpt>
      <trkpt lat="44.854185" lon="11.756310">
        <ele>4.013964</ele>
        <time>2026-08-05T07:05:12.040Z</time>
      </trkpt>
      <trkpt lat="44.854080" lon="11.756730">
        <ele>3.963684</ele>
        <time>2026-08-05T07:05:23.723Z</time>
      </trkpt>
      <trkpt lat="44.853484" lon="11.758328">
        <ele>3.746244</ele>
        <time>2026-08-05T07:06:10.787Z</time>
      </trkpt>
      <trkpt lat="44.852889" lon="11.760132">
        <ele>3.328348</ele>
        <time>2026-08-05T07:07:00.425Z</time>
      </trkpt>
      <trkpt lat="44.852723" lon="11.760531">
        <ele>3.222815</ele>
        <time>2026-08-05T07:07:12.007Z</time>
      </trkpt>
      <trkpt lat="44.852336" lon="11.761314">
        <ele>3.258552</ele>
        <time>2026-08-05T07:07:37.347Z</time>
      </trkpt>
      <trkpt lat="44.852176" lon="11.761710">
        <ele>3.370281</ele>
        <time>2026-08-05T07:07:50.127Z</time>
      </trkpt>
      <trkpt lat="44.852075" lon="11.762118">
        <ele>3.476216</ele>
        <time>2026-08-05T07:08:02.052Z</time>
      </trkpt>
      <trkpt lat="44.851988" lon="11.762696">
        <ele>3.621060</ele>
        <time>2026-08-05T07:08:18.407Z</time>
      </trkpt>
      <trkpt lat="44.851898" lon="11.762871">
        <ele>3.674056</ele>
        <time>2026-08-05T07:08:24.392Z</time>
      </trkpt>
      <trkpt lat="44.851802" lon="11.762928">
        <ele>3.710072</ele>
        <time>2026-08-05T07:08:28.437Z</time>
      </trkpt>
      <trkpt lat="44.851605" lon="11.763046">
        <ele>3.777154</ele>
        <time>2026-08-05T07:08:36.807Z</time>
      </trkpt>
      <trkpt lat="44.851169" lon="11.763232">
        <ele>3.903410</ele>
        <time>2026-08-05T07:08:54.484Z</time>
      </trkpt>
      <trkpt lat="44.850591" lon="11.763254">
        <ele>4.063678</ele>
        <time>2026-08-05T07:09:15.999Z</time>
      </trkpt>
      <trkpt lat="44.850384" lon="11.763301">
        <ele>4.121793</ele>
        <time>2026-08-05T07:09:23.963Z</time>
      </trkpt>
      <trkpt lat="44.850082" lon="11.763496">
        <ele>4.213854</ele>
        <time>2026-08-05T07:09:36.646Z</time>
      </trkpt>
      <trkpt lat="44.849764" lon="11.763760">
        <ele>4.340951</ele>
        <time>2026-08-05T07:09:50.733Z</time>
      </trkpt>
      <trkpt lat="44.849429" lon="11.763967">
        <ele>4.479110</ele>
        <time>2026-08-05T07:10:04.822Z</time>
      </trkpt>
      <trkpt lat="44.849060" lon="11.764147">
        <ele>4.626602</ele>
        <time>2026-08-05T07:10:19.937Z</time>
      </trkpt>
      <trkpt lat="44.849026" lon="11.764263">
        <ele>4.660219</ele>
        <time>2026-08-05T07:10:23.367Z</time>
      </trkpt>
      <trkpt lat="44.849170" lon="11.764314">
        <ele>4.716304</ele>
        <time>2026-08-05T07:10:26.917Z</time>
      </trkpt>
      <trkpt lat="44.849292" lon="11.764444">
        <ele>4.774063</ele>
        <time>2026-08-05T07:10:30.577Z</time>
      </trkpt>
      <trkpt lat="44.849377" lon="11.764582">
        <ele>4.823021</ele>
        <time>2026-08-05T07:10:33.670Z</time>
      </trkpt>
      <trkpt lat="44.849398" lon="11.764616">
        <ele>4.835098</ele>
        <time>2026-08-05T07:10:34.437Z</time>
      </trkpt>
      <trkpt lat="44.849630" lon="11.765009">
        <ele>4.947515</ele>
        <time>2026-08-05T07:10:43.149Z</time>
      </trkpt>
      <trkpt lat="44.850502" lon="11.766275">
        <ele>5.161722</ele>
        <time>2026-08-05T07:11:13.104Z</time>
      </trkpt>
      <trkpt lat="44.850285" lon="11.766488">
        <ele>5.206977</ele>
        <time>2026-08-05T07:11:18.813Z</time>
      </trkpt>
      <trkpt lat="44.849919" lon="11.767092">
        <ele>4.900483</ele>
        <time>2026-08-05T07:11:30.269Z</time>
      </trkpt>
      <trkpt lat="44.850252" lon="11.767452">
        <ele>4.548873</ele>
        <time>2026-08-05T07:11:44.481Z</time>
      </trkpt>
      <trkpt lat="44.851041" lon="11.768199">
        <ele>3.752513</ele>
        <time>2026-08-05T07:12:16.363Z</time>
      </trkpt>
      <trkpt lat="44.851041" lon="11.768199">
        <ele>3.752513</ele>
        <time>2026-08-05T07:12:16.373Z</time>
      </trkpt>
      <trkpt lat="44.850992" lon="11.769419">
        <ele>3.145408</ele>
        <time>2026-08-05T07:12:38.775Z</time>
      </trkpt>
      <trkpt lat="44.850942" lon="11.770639">
        <ele>2.542469</ele>
        <time>2026-08-05T07:13:01.179Z</time>
      </trkpt>
      <trkpt lat="44.850892" lon="11.771859">
        <ele>2.107238</ele>
        <time>2026-08-05T07:13:23.584Z</time>
      </trkpt>
      <trkpt lat="44.851130" lon="11.772732">
        <ele>1.790040</ele>
        <time>2026-08-05T07:13:46.888Z</time>
      </trkpt>
      <trkpt lat="44.851353" lon="11.773414">
        <ele>1.587743</ele>
        <time>2026-08-05T07:14:05.789Z</time>
      </trkpt>
      <trkpt lat="44.852169" lon="11.775001">
        <ele>1.357310</ele>
        <time>2026-08-05T07:14:56.421Z</time>
      </trkpt>
      <trkpt lat="44.852445" lon="11.775432">
        <ele>1.315686</ele>
        <time>2026-08-05T07:15:11.802Z</time>
      </trkpt>
      <trkpt lat="44.852690" lon="11.775631">
        <ele>1.312962</ele>
        <time>2026-08-05T07:15:22.381Z</time>
      </trkpt>
      <trkpt lat="44.852840" lon="11.775692">
        <ele>1.311458</ele>
        <time>2026-08-05T07:15:28.232Z</time>
      </trkpt>
      <trkpt lat="44.855586" lon="11.776398">
        <ele>1.224035</ele>
        <time>2026-08-05T07:17:11.388Z</time>
      </trkpt>
      <trkpt lat="44.855640" lon="11.776480">
        <ele>1.220273</ele>
        <time>2026-08-05T07:17:14.278Z</time>
      </trkpt>
      <trkpt lat="44.855675" lon="11.776810">
        <ele>1.190133</ele>
        <time>2026-08-05T07:17:22.933Z</time>
      </trkpt>
      <trkpt lat="44.855863" lon="11.784232">
        <ele>0.072858</ele>
        <time>2026-08-05T07:20:33.910Z</time>
      </trkpt>
      <trkpt lat="44.855830" lon="11.784496">
        <ele>0.007093</ele>
        <time>2026-08-05T07:20:40.664Z</time>
      </trkpt>
      <trkpt lat="44.855783" lon="11.784602">
        <ele>-0.024306</ele>
        <time>2026-08-05T07:20:43.808Z</time>
      </trkpt>
      <trkpt lat="44.855224" lon="11.785561">
        <ele>-0.336115</ele>
        <time>2026-08-05T07:21:15.204Z</time>
      </trkpt>
      <trkpt lat="44.854363" lon="11.785949">
        <ele>-0.575261</ele>
        <time>2026-08-05T07:21:47.189Z</time>
      </trkpt>
      <trkpt lat="44.854170" lon="11.786222">
        <ele>-0.584179</ele>
        <time>2026-08-05T07:21:57.119Z</time>
      </trkpt>
      <trkpt lat="44.854024" lon="11.786509">
        <ele>-0.592350</ele>
        <time>2026-08-05T07:22:06.319Z</time>
      </trkpt>
      <trkpt lat="44.853939" lon="11.787112">
        <ele>-0.606570</ele>
        <time>2026-08-05T07:22:22.333Z</time>
      </trkpt>
      <trkpt lat="44.853883" lon="11.787337">
        <ele>-0.612086</ele>
        <time>2026-08-05T07:22:28.575Z</time>
      </trkpt>
      <trkpt lat="44.853656" lon="11.787724">
        <ele>-0.623705</ele>
        <time>2026-08-05T07:22:41.990Z</time>
      </trkpt>
      <trkpt lat="44.853491" lon="11.788079">
        <ele>-0.485329</ele>
        <time>2026-08-05T07:22:53.772Z</time>
      </trkpt>
      <trkpt lat="44.853417" lon="11.788494">
        <ele>-0.307160</ele>
        <time>2026-08-05T07:23:05.886Z</time>
      </trkpt>
      <trkpt lat="44.853412" lon="11.788856">
        <ele>-0.156412</ele>
        <time>2026-08-05T07:23:16.298Z</time>
      </trkpt>
      <trkpt lat="44.853541" lon="11.789373">
        <ele>0.071786</ele>
        <time>2026-08-05T07:23:31.909Z</time>
      </trkpt>
      <trkpt lat="44.853654" lon="11.790396">
        <ele>0.426156</ele>
        <time>2026-08-05T07:24:00.877Z</time>
      </trkpt>
      <trkpt lat="44.853765" lon="11.790917">
        <ele>0.412093</ele>
        <time>2026-08-05T07:24:15.619Z</time>
      </trkpt>
      <trkpt lat="44.853769" lon="11.791287">
        <ele>0.402527</ele>
        <time>2026-08-05T07:24:25.394Z</time>
      </trkpt>
      <trkpt lat="44.853324" lon="11.792580">
        <ele>0.365371</ele>
        <time>2026-08-05T07:25:01.865Z</time>
      </trkpt>
      <trkpt lat="44.853273" lon="11.792861">
        <ele>0.369687</ele>
        <time>2026-08-05T07:25:09.261Z</time>
      </trkpt>
      <trkpt lat="44.853316" lon="11.793708">
        <ele>0.383863</ele>
        <time>2026-08-05T07:25:31.418Z</time>
      </trkpt>
      <trkpt lat="44.853366" lon="11.794184">
        <ele>0.391896</ele>
        <time>2026-08-05T07:25:44.227Z</time>
      </trkpt>
      <trkpt lat="44.853504" lon="11.795071">
        <ele>0.407056</ele>
        <time>2026-08-05T07:26:08.625Z</time>
      </trkpt>
      <trkpt lat="44.853530" lon="11.795446">
        <ele>0.428455</ele>
        <time>2026-08-05T07:26:18.796Z</time>
      </trkpt>
      <trkpt lat="44.853530" lon="11.795787">
        <ele>0.448629</ele>
        <time>2026-08-05T07:26:27.911Z</time>
      </trkpt>
      <trkpt lat="44.853493" lon="11.796112">
        <ele>0.468102</ele>
        <time>2026-08-05T07:26:36.605Z</time>
      </trkpt>
      <trkpt lat="44.853429" lon="11.796381">
        <ele>0.484889</ele>
        <time>2026-08-05T07:26:44.047Z</time>
      </trkpt>
      <trkpt lat="44.852981" lon="11.797531">
        <ele>0.570038</ele>
        <time>2026-08-05T07:27:18.441Z</time>
      </trkpt>
      <trkpt lat="44.852853" lon="11.797984">
        <ele>0.642173</ele>
        <time>2026-08-05T07:27:31.465Z</time>
      </trkpt>
      <trkpt lat="44.852649" lon="11.799355">
        <ele>0.849395</ele>
        <time>2026-08-05T07:28:09.556Z</time>
      </trkpt>
      <trkpt lat="44.852564" lon="11.799710">
        <ele>0.904822</ele>
        <time>2026-08-05T07:28:19.763Z</time>
      </trkpt>
      <trkpt lat="44.852482" lon="11.799897">
        <ele>0.928248</ele>
        <time>2026-08-05T07:28:25.698Z</time>
      </trkpt>
      <trkpt lat="44.852388" lon="11.800018">
        <ele>0.901539</ele>
        <time>2026-08-05T07:28:30.484Z</time>
      </trkpt>
      <trkpt lat="44.852006" lon="11.800393">
        <ele>0.803858</ele>
        <time>2026-08-05T07:28:47.528Z</time>
      </trkpt>
      <trkpt lat="44.851690" lon="11.800756">
        <ele>0.718323</ele>
        <time>2026-08-05T07:29:02.042Z</time>
      </trkpt>
      <trkpt lat="44.851493" lon="11.801055">
        <ele>0.657586</ele>
        <time>2026-08-05T07:29:12.329Z</time>
      </trkpt>
      <trkpt lat="44.851389" lon="11.801294">
        <ele>0.615859</ele>
        <time>2026-08-05T07:29:19.390Z</time>
      </trkpt>
      <trkpt lat="44.851339" lon="11.801533">
        <ele>0.578781</ele>
        <time>2026-08-05T07:29:25.652Z</time>
      </trkpt>
      <trkpt lat="44.851289" lon="11.802118">
        <ele>0.615947</ele>
        <time>2026-08-05T07:29:40.721Z</time>
      </trkpt>
      <trkpt lat="44.851248" lon="11.802996">
        <ele>0.739630</ele>
        <time>2026-08-05T07:30:04.180Z</time>
      </trkpt>
      <trkpt lat="44.851256" lon="11.803254">
        <ele>0.775931</ele>
        <time>2026-08-05T07:30:11.245Z</time>
      </trkpt>
      <trkpt lat="44.851350" lon="11.803410">
        <ele>0.804709</ele>
        <time>2026-08-05T07:30:16.890Z</time>
      </trkpt>
      <trkpt lat="44.851433" lon="11.803433">
        <ele>0.821480</ele>
        <time>2026-08-05T07:30:20.195Z</time>
      </trkpt>
      <trkpt lat="44.851787" lon="11.803382">
        <ele>0.892035</ele>
        <time>2026-08-05T07:30:34.154Z</time>
      </trkpt>
      <trkpt lat="44.851865" lon="11.803386">
        <ele>0.907510</ele>
        <time>2026-08-05T07:30:37.186Z</time>
      </trkpt>
      <trkpt lat="44.851934" lon="11.803444">
        <ele>0.923587</ele>
        <time>2026-08-05T07:30:40.332Z</time>
      </trkpt>
      <trkpt lat="44.852049" lon="11.803310">
        <ele>0.953552</ele>
        <time>2026-08-05T07:30:44.068Z</time>
      </trkpt>
      <trkpt lat="44.852189" lon="11.803207">
        <ele>0.985271</ele>
        <time>2026-08-05T07:30:47.986Z</time>
      </trkpt>
      <trkpt lat="44.852738" lon="11.802911">
        <ele>1.103338</ele>
        <time>2026-08-05T07:31:02.227Z</time>
      </trkpt>
      <trkpt lat="44.855830" lon="11.801767">
        <ele>1.184104</ele>
        <time>2026-08-05T07:32:16.008Z</time>
      </trkpt>
      <trkpt lat="44.856113" lon="11.801635">
        <ele>1.165734</ele>
        <time>2026-08-05T07:32:22.848Z</time>
      </trkpt>
      <trkpt lat="44.856411" lon="11.801367">
        <ele>1.143954</ele>
        <time>2026-08-05T07:32:30.957Z</time>
      </trkpt>
      <trkpt lat="44.858098" lon="11.799604">
        <ele>1.120791</ele>
        <time>2026-08-05T07:33:19.335Z</time>
      </trkpt>
      <trkpt lat="44.859598" lon="11.798506">
        <ele>1.212882</ele>
        <time>2026-08-05T07:33:58.944Z</time>
      </trkpt>
      <trkpt lat="44.859921" lon="11.798270">
        <ele>1.236194</ele>
        <time>2026-08-05T07:34:07.560Z</time>
      </trkpt>
      <trkpt lat="44.860212" lon="11.798025">
        <ele>1.226383</ele>
        <time>2026-08-05T07:34:15.590Z</time>
      </trkpt>
      <trkpt lat="44.860956" lon="11.796794">
        <ele>1.179239</ele>
        <time>2026-08-05T07:34:42.356Z</time>
      </trkpt>
      <trkpt lat="44.861122" lon="11.796640">
        <ele>1.171071</ele>
        <time>2026-08-05T07:34:46.793Z</time>
      </trkpt>
      <trkpt lat="44.861544" lon="11.796394">
        <ele>1.104666</ele>
        <time>2026-08-05T07:34:56.691Z</time>
      </trkpt>
      <trkpt lat="44.861708" lon="11.796210">
        <ele>1.063114</ele>
        <time>2026-08-05T07:35:01.134Z</time>
      </trkpt>
      <trkpt lat="44.862130" lon="11.794892">
        <ele>0.859835</ele>
        <time>2026-08-05T07:35:23.642Z</time>
      </trkpt>
      <trkpt lat="44.862927" lon="11.792937">
        <ele>1.205838</ele>
        <time>2026-08-05T07:36:03.328Z</time>
      </trkpt>
      <trkpt lat="44.863072" lon="11.792511">
        <ele>1.305443</ele>
        <time>2026-08-05T07:36:11.342Z</time>
      </trkpt>
      <trkpt lat="44.863477" lon="11.790989">
        <ele>1.373343</ele>
        <time>2026-08-05T07:36:38.094Z</time>
      </trkpt>
      <trkpt lat="44.863749" lon="11.789863">
        <ele>1.394503</ele>
        <time>2026-08-05T07:36:57.677Z</time>
      </trkpt>
      <trkpt lat="44.863856" lon="11.789558">
        <ele>1.388623</ele>
        <time>2026-08-05T07:37:03.309Z</time>
      </trkpt>
      <trkpt lat="44.863963" lon="11.789364">
        <ele>1.384375</ele>
        <time>2026-08-05T07:37:07.397Z</time>
      </trkpt>
      <trkpt lat="44.864861" lon="11.788122">
        <ele>1.353721</ele>
        <time>2026-08-05T07:37:35.935Z</time>
      </trkpt>
      <trkpt lat="44.865744" lon="11.786621">
        <ele>1.584862</ele>
        <time>2026-08-05T07:38:08.958Z</time>
      </trkpt>
      <trkpt lat="44.867986" lon="11.782146">
        <ele>2.653492</ele>
        <time>2026-08-05T07:39:44.063Z</time>
      </trkpt>
      <trkpt lat="44.868003" lon="11.782114">
        <ele>2.660407</ele>
        <time>2026-08-05T07:39:44.719Z</time>
      </trkpt>
      <trkpt lat="44.868066" lon="11.782014">
        <ele>2.683540</ele>
        <time>2026-08-05T07:39:46.942Z</time>
      </trkpt>
      <trkpt lat="44.871858" lon="11.776942">
        <ele>1.765247</ele>
        <time>2026-08-05T07:41:43.737Z</time>
      </trkpt>
      <trkpt lat="44.872002" lon="11.776791">
        <ele>1.734949</ele>
        <time>2026-08-05T07:41:47.911Z</time>
      </trkpt>
      <trkpt lat="44.872075" lon="11.776754">
        <ele>1.725830</ele>
        <time>2026-08-05T07:41:49.703Z</time>
      </trkpt>
      <trkpt lat="44.872752" lon="11.776624">
        <ele>1.719591</ele>
        <time>2026-08-05T07:42:05.692Z</time>
      </trkpt>
      <trkpt lat="44.872990" lon="11.776618">
        <ele>1.717417</ele>
        <time>2026-08-05T07:42:11.241Z</time>
      </trkpt>
      <trkpt lat="44.873193" lon="11.776650">
        <ele>1.715552</ele>
        <time>2026-08-05T07:42:15.996Z</time>
      </trkpt>
      <trkpt lat="44.873363" lon="11.776758">
        <ele>1.713850</ele>
        <time>2026-08-05T07:42:20.299Z</time>
      </trkpt>
      <trkpt lat="44.874297" lon="11.777513">
        <ele>2.014766</ele>
        <time>2026-08-05T07:42:45.373Z</time>
      </trkpt>
      <trkpt lat="44.874514" lon="11.777642">
        <ele>2.131664</ele>
        <time>2026-08-05T07:42:51.084Z</time>
      </trkpt>
      <trkpt lat="44.874702" lon="11.777695">
        <ele>2.226839</ele>
        <time>2026-08-05T07:42:55.889Z</time>
      </trkpt>
      <trkpt lat="44.874806" lon="11.777690">
        <ele>2.278499</ele>
        <time>2026-08-05T07:42:58.545Z</time>
      </trkpt>
      <trkpt lat="44.874957" lon="11.777549">
        <ele>2.368388</ele>
        <time>2026-08-05T07:43:03.255Z</time>
      </trkpt>
      <trkpt lat="44.875107" lon="11.777249">
        <ele>2.497556</ele>
        <time>2026-08-05T07:43:10.257Z</time>
      </trkpt>
      <trkpt lat="44.875206" lon="11.776870">
        <ele>2.639656</ele>
        <time>2026-08-05T07:43:18.221Z</time>
      </trkpt>
      <trkpt lat="44.875306" lon="11.776169">
        <ele>2.891200</ele>
        <time>2026-08-05T07:43:32.032Z</time>
      </trkpt>
      <trkpt lat="44.875379" lon="11.775848">
        <ele>3.009793</ele>
        <time>2026-08-05T07:43:38.290Z</time>
      </trkpt>
      <trkpt lat="44.875545" lon="11.775424">
        <ele>3.180197</ele>
        <time>2026-08-05T07:43:47.015Z</time>
      </trkpt>
      <trkpt lat="44.875606" lon="11.775331">
        <ele>3.224775</ele>
        <time>2026-08-05T07:43:49.222Z</time>
      </trkpt>
      <trkpt lat="44.875678" lon="11.775292">
        <ele>3.263059</ele>
        <time>2026-08-05T07:43:51.114Z</time>
      </trkpt>
      <trkpt lat="44.875753" lon="11.775297">
        <ele>3.300332</ele>
        <time>2026-08-05T07:43:52.819Z</time>
      </trkpt>
      <trkpt lat="44.875817" lon="11.775345">
        <ele>3.336311</ele>
        <time>2026-08-05T07:43:54.480Z</time>
      </trkpt>
      <trkpt lat="44.875885" lon="11.775462">
        <ele>3.389540</ele>
        <time>2026-08-05T07:43:56.871Z</time>
      </trkpt>
      <trkpt lat="44.875951" lon="11.775655">
        <ele>3.464925</ele>
        <time>2026-08-05T07:44:00.209Z</time>
      </trkpt>
      <trkpt lat="44.876141" lon="11.776468">
        <ele>3.286152</ele>
        <time>2026-08-05T07:44:12.775Z</time>
      </trkpt>
      <trkpt lat="44.876439" lon="11.777349">
        <ele>3.020616</ele>
        <time>2026-08-05T07:44:27.081Z</time>
      </trkpt>
      <trkpt lat="44.876559" lon="11.777595">
        <ele>2.939381</ele>
        <time>2026-08-05T07:44:31.417Z</time>
      </trkpt>
      <trkpt lat="44.876995" lon="11.778149">
        <ele>2.735439</ele>
        <time>2026-08-05T07:44:43.579Z</time>
      </trkpt>
      <trkpt lat="44.877128" lon="11.778369">
        <ele>2.675188</ele>
        <time>2026-08-05T07:44:47.977Z</time>
      </trkpt>
      <trkpt lat="44.877265" lon="11.778744">
        <ele>2.587285</ele>
        <time>2026-08-05T07:44:54.391Z</time>
      </trkpt>
      <trkpt lat="44.877285" lon="11.778868">
        <ele>2.560789</ele>
        <time>2026-08-05T07:44:56.315Z</time>
      </trkpt>
      <trkpt lat="44.877405" lon="11.779942">
        <ele>2.334257</ele>
        <time>2026-08-05T07:45:12.549Z</time>
      </trkpt>
      <trkpt lat="44.877986" lon="11.780168">
        <ele>2.069807</ele>
        <time>2026-08-05T07:45:34.357Z</time>
      </trkpt>
      <trkpt lat="44.878807" lon="11.780287">
        <ele>1.649409</ele>
        <time>2026-08-05T07:46:03.506Z</time>
      </trkpt>
      <trkpt lat="44.879376" lon="11.780447">
        <ele>1.356550</ele>
        <time>2026-08-05T07:46:23.448Z</time>
      </trkpt>
      <trkpt lat="44.879977" lon="11.780705">
        <ele>1.176275</ele>
        <time>2026-08-05T07:46:45.443Z</time>
      </trkpt>
      <trkpt lat="44.880339" lon="11.780915">
        <ele>1.063956</ele>
        <time>2026-08-05T07:46:59.665Z</time>
      </trkpt>
      <trkpt lat="44.880715" lon="11.781247">
        <ele>0.936675</ele>
        <time>2026-08-05T07:47:15.825Z</time>
      </trkpt>
      <trkpt lat="44.880790" lon="11.781389">
        <ele>0.900661</ele>
        <time>2026-08-05T07:47:20.487Z</time>
      </trkpt>
      <trkpt lat="44.880915" lon="11.781880">
        <ele>0.839338</ele>
        <time>2026-08-05T07:47:34.359Z</time>
      </trkpt>
      <trkpt lat="44.881029" lon="11.782692">
        <ele>0.823976</ele>
        <time>2026-08-05T07:47:56.539Z</time>
      </trkpt>
      <trkpt lat="44.881017" lon="11.783163">
        <ele>0.815229</ele>
        <time>2026-08-05T07:48:08.845Z</time>
      </trkpt>
      <trkpt lat="44.880889" lon="11.783980">
        <ele>0.799701</ele>
        <time>2026-08-05T07:48:30.163Z</time>
      </trkpt>
      <trkpt lat="44.880671" lon="11.784918">
        <ele>0.906059</ele>
        <time>2026-08-05T07:48:56.029Z</time>
      </trkpt>
      <trkpt lat="44.880461" lon="11.785443">
        <ele>0.985775</ele>
        <time>2026-08-05T07:49:12.131Z</time>
      </trkpt>
      <trkpt lat="44.880325" lon="11.785918">
        <ele>1.053517</ele>
        <time>2026-08-05T07:49:26.020Z</time>
      </trkpt>
      <trkpt lat="44.880298" lon="11.786179">
        <ele>1.088394</ele>
        <time>2026-08-05T07:49:33.245Z</time>
      </trkpt>
      <trkpt lat="44.880280" lon="11.787851">
        <ele>1.424467</ele>
        <time>2026-08-05T07:50:19.567Z</time>
      </trkpt>
      <trkpt lat="44.880218" lon="11.788544">
        <ele>1.576771</ele>
        <time>2026-08-05T07:50:38.691Z</time>
      </trkpt>
      <trkpt lat="44.880221" lon="11.788652">
        <ele>1.600338</ele>
        <time>2026-08-05T07:50:41.577Z</time>
      </trkpt>
      <trkpt lat="44.880277" lon="11.788858">
        <ele>1.648447</ele>
        <time>2026-08-05T07:50:47.420Z</time>
      </trkpt>
      <trkpt lat="44.880445" lon="11.789120">
        <ele>1.648995</ele>
        <time>2026-08-05T07:50:56.602Z</time>
      </trkpt>
      <trkpt lat="44.880647" lon="11.789348">
        <ele>1.575021</ele>
        <time>2026-08-05T07:51:05.827Z</time>
      </trkpt>
      <trkpt lat="44.880755" lon="11.789510">
        <ele>1.529946</ele>
        <time>2026-08-05T07:51:11.366Z</time>
      </trkpt>
      <trkpt lat="44.880822" lon="11.789678">
        <ele>1.490879</ele>
        <time>2026-08-05T07:51:16.161Z</time>
      </trkpt>
      <trkpt lat="44.881035" lon="11.790724">
        <ele>1.270331</ele>
        <time>2026-08-05T07:51:43.508Z</time>
      </trkpt>
      <trkpt lat="44.881136" lon="11.791070">
        <ele>1.194499</ele>
        <time>2026-08-05T07:51:53.097Z</time>
      </trkpt>
      <trkpt lat="44.881361" lon="11.791689">
        <ele>1.189275</ele>
        <time>2026-08-05T07:52:11.076Z</time>
      </trkpt>
      <trkpt lat="44.881528" lon="11.791998">
        <ele>1.201181</ele>
        <time>2026-08-05T07:52:21.427Z</time>
      </trkpt>
      <trkpt lat="44.881655" lon="11.792156">
        <ele>1.208501</ele>
        <time>2026-08-05T07:52:27.881Z</time>
      </trkpt>
      <trkpt lat="44.881894" lon="11.792432">
        <ele>1.221853</ele>
        <time>2026-08-05T07:52:39.776Z</time>
      </trkpt>
      <trkpt lat="44.881996" lon="11.792594">
        <ele>1.228492</ele>
        <time>2026-08-05T07:52:45.697Z</time>
      </trkpt>
      <trkpt lat="44.882118" lon="11.793005">
        <ele>1.242143</ele>
        <time>2026-08-05T07:52:57.760Z</time>
      </trkpt>
      <trkpt lat="44.882125" lon="11.794437">
        <ele>0.868705</ele>
        <time>2026-08-05T07:53:34.228Z</time>
      </trkpt>
      <trkpt lat="44.882148" lon="11.794783">
        <ele>0.758626</ele>
        <time>2026-08-05T07:53:42.848Z</time>
      </trkpt>
      <trkpt lat="44.882246" lon="11.795249">
        <ele>0.604653</ele>
        <time>2026-08-05T07:53:54.793Z</time>
      </trkpt>
      <trkpt lat="44.882422" lon="11.795721">
        <ele>0.442043</ele>
        <time>2026-08-05T07:54:07.873Z</time>
      </trkpt>
      <trkpt lat="44.882535" lon="11.795960">
        <ele>0.412150</ele>
        <time>2026-08-05T07:54:14.914Z</time>
      </trkpt>
      <trkpt lat="44.882778" lon="11.796390">
        <ele>0.354926</ele>
        <time>2026-08-05T07:54:28.475Z</time>
      </trkpt>
      <trkpt lat="44.883211" lon="11.796994">
        <ele>0.265533</ele>
        <time>2026-08-05T07:54:50.484Z</time>
      </trkpt>
      <trkpt lat="44.883295" lon="11.797167">
        <ele>0.243714</ele>
        <time>2026-08-05T07:54:56.109Z</time>
      </trkpt>
      <trkpt lat="44.883367" lon="11.797401">
        <ele>0.217172</ele>
        <time>2026-08-05T07:55:03.076Z</time>
      </trkpt>
      <trkpt lat="44.883432" lon="11.797739">
        <ele>0.182062</ele>
        <time>2026-08-05T07:55:12.758Z</time>
      </trkpt>
      <trkpt lat="44.883458" lon="11.798070">
        <ele>0.298176</ele>
        <time>2026-08-05T07:55:22.088Z</time>
      </trkpt>
      <trkpt lat="44.883450" lon="11.798349">
        <ele>0.395532</ele>
        <time>2026-08-05T07:55:29.943Z</time>
      </trkpt>
      <trkpt lat="44.883389" lon="11.798861">
        <ele>0.576552</ele>
        <time>2026-08-05T07:55:44.552Z</time>
      </trkpt>
      <trkpt lat="44.883402" lon="11.799063">
        <ele>0.647271</ele>
        <time>2026-08-05T07:55:50.244Z</time>
      </trkpt>
      <trkpt lat="44.883456" lon="11.799302">
        <ele>0.734735</ele>
        <time>2026-08-05T07:55:57.250Z</time>
      </trkpt>
      <trkpt lat="44.883634" lon="11.799949">
        <ele>0.976726</ele>
        <time>2026-08-05T07:56:16.512Z</time>
      </trkpt>
      <trkpt lat="44.883823" lon="11.800201">
        <ele>1.065384</ele>
        <time>2026-08-05T07:56:26.482Z</time>
      </trkpt>
      <trkpt lat="44.884006" lon="11.800339">
        <ele>1.063443</ele>
        <time>2026-08-05T07:56:34.296Z</time>
      </trkpt>
      <trkpt lat="44.884136" lon="11.800507">
        <ele>1.061794</ele>
        <time>2026-08-05T07:56:40.901Z</time>
      </trkpt>
      <trkpt lat="44.884490" lon="11.801166">
        <ele>1.056312</ele>
        <time>2026-08-05T07:57:02.477Z</time>
      </trkpt>
      <trkpt lat="44.884818" lon="11.801715">
        <ele>1.051552</ele>
        <time>2026-08-05T07:57:21.117Z</time>
      </trkpt>
      <trkpt lat="44.885163" lon="11.802990">
        <ele>1.041227</ele>
        <time>2026-08-05T07:57:56.185Z</time>
      </trkpt>
      <trkpt lat="44.885333" lon="11.803381">
        <ele>1.037613</ele>
        <time>2026-08-05T07:58:08.048Z</time>
      </trkpt>
      <trkpt lat="44.885733" lon="11.804305">
        <ele>1.035788</ele>
        <time>2026-08-05T07:58:36.794Z</time>
      </trkpt>
      <trkpt lat="44.885826" lon="11.804587">
        <ele>1.111917</ele>
        <time>2026-08-05T07:58:45.250Z</time>
      </trkpt>
      <trkpt lat="44.885885" lon="11.804881">
        <ele>1.186703</ele>
        <time>2026-08-05T07:58:53.623Z</time>
      </trkpt>
      <trkpt lat="44.885909" lon="11.805136">
        <ele>1.249662</ele>
        <time>2026-08-05T07:59:00.674Z</time>
      </trkpt>
      <trkpt lat="44.885928" lon="11.806364">
        <ele>1.550281</ele>
        <time>2026-08-05T07:59:34.544Z</time>
      </trkpt>
      <trkpt lat="44.885951" lon="11.806605">
        <ele>1.609798</ele>
        <time>2026-08-05T07:59:41.233Z</time>
      </trkpt>
      <trkpt lat="44.886018" lon="11.806872">
        <ele>1.670250</ele>
        <time>2026-08-05T07:59:48.947Z</time>
      </trkpt>
      <trkpt lat="44.886994" lon="11.806490">
        <ele>1.911254</ele>
        <time>2026-08-05T08:00:13.173Z</time>
      </trkpt>
      <trkpt lat="44.887069" lon="11.806499">
        <ele>1.929165</ele>
        <time>2026-08-05T08:00:15.002Z</time>
      </trkpt>
      <trkpt lat="44.887331" lon="11.806645">
        <ele>1.996191</ele>
        <time>2026-08-05T08:00:21.795Z</time>
      </trkpt>
      <trkpt lat="44.887566" lon="11.806665">
        <ele>2.052211</ele>
        <time>2026-08-05T08:00:27.487Z</time>
      </trkpt>
      <trkpt lat="44.887662" lon="11.807044">
        <ele>2.102069</ele>
        <time>2026-08-05T08:00:34.369Z</time>
      </trkpt>
      <trkpt lat="44.887782" lon="11.807392">
        <ele>2.139001</ele>
        <time>2026-08-05T08:00:40.960Z</time>
      </trkpt>
      <trkpt lat="44.888620" lon="11.808929">
        <ele>2.315440</ele>
        <time>2026-08-05T08:01:13.457Z</time>
      </trkpt>
      <trkpt lat="44.888819" lon="11.809438">
        <ele>2.222199</ele>
        <time>2026-08-05T08:01:22.865Z</time>
      </trkpt>
      <trkpt lat="44.888929" lon="11.809438">
        <ele>2.197297</ele>
        <time>2026-08-05T08:01:25.347Z</time>
      </trkpt>
      <trkpt lat="44.889040" lon="11.809445">
        <ele>2.172144</ele>
        <time>2026-08-05T08:01:27.819Z</time>
      </trkpt>
      <trkpt lat="44.889067" lon="11.810374">
        <ele>2.023021</ele>
        <time>2026-08-05T08:01:41.992Z</time>
      </trkpt>
      <trkpt lat="44.889154" lon="11.810904">
        <ele>1.935766</ele>
        <time>2026-08-05T08:01:50.530Z</time>
      </trkpt>
      <trkpt lat="44.889307" lon="11.811119">
        <ele>1.921550</ele>
        <time>2026-08-05T08:01:55.424Z</time>
      </trkpt>
      <trkpt lat="44.889353" lon="11.811165">
        <ele>1.925304</ele>
        <time>2026-08-05T08:01:56.724Z</time>
      </trkpt>
      <trkpt lat="44.889425" lon="11.811184">
        <ele>1.930181</ele>
        <time>2026-08-05T08:01:58.395Z</time>
      </trkpt>
      <trkpt lat="44.889427" lon="11.811334">
        <ele>1.937258</ele>
        <time>2026-08-05T08:02:00.880Z</time>
      </trkpt>
      <trkpt lat="44.889473" lon="11.811412">
        <ele>1.942045</ele>
        <time>2026-08-05T08:02:02.540Z</time>
      </trkpt>
      <trkpt lat="44.889593" lon="11.811475">
        <ele>1.950570</ele>
        <time>2026-08-05T08:02:05.540Z</time>
      </trkpt>
      <trkpt lat="44.890045" lon="11.811417">
        <ele>1.980789</ele>
        <time>2026-08-05T08:02:16.145Z</time>
      </trkpt>
      <trkpt lat="44.890048" lon="11.811521">
        <ele>1.985699</ele>
        <time>2026-08-05T08:02:17.880Z</time>
      </trkpt>
      <trkpt lat="44.890051" lon="11.811619">
        <ele>1.990326</ele>
        <time>2026-08-05T08:02:19.526Z</time>
      </trkpt>
      <trkpt lat="44.890473" lon="11.811588">
        <ele>2.018462</ele>
        <time>2026-08-05T08:02:29.912Z</time>
      </trkpt>
      <trkpt lat="44.890467" lon="11.811483">
        <ele>2.023431</ele>
        <time>2026-08-05T08:02:31.735Z</time>
      </trkpt>
      <trkpt lat="44.890487" lon="11.811481">
        <ele>2.024766</ele>
        <time>2026-08-05T08:02:32.205Z</time>
      </trkpt>
      <trkpt lat="44.891367" lon="11.811414">
        <ele>2.006764</ele>
        <time>2026-08-05T08:02:52.158Z</time>
      </trkpt>
      <trkpt lat="44.891291" lon="11.809749">
        <ele>1.950301</ele>
        <time>2026-08-05T08:03:17.729Z</time>
      </trkpt>
      <trkpt lat="44.891320" lon="11.809674">
        <ele>1.941627</ele>
        <time>2026-08-05T08:03:19.019Z</time>
      </trkpt>
      <trkpt lat="44.891371" lon="11.809643">
        <ele>1.933670</ele>
        <time>2026-08-05T08:03:20.227Z</time>
      </trkpt>
      <trkpt lat="44.891485" lon="11.809575">
        <ele>1.915935</ele>
        <time>2026-08-05T08:03:22.881Z</time>
      </trkpt>
      <trkpt lat="44.891501" lon="11.809473">
        <ele>1.905329</ele>
        <time>2026-08-05T08:03:24.494Z</time>
      </trkpt>
      <trkpt lat="44.891452" lon="11.808391">
        <ele>1.795262</ele>
        <time>2026-08-05T08:03:41.606Z</time>
      </trkpt>
      <trkpt lat="44.891375" lon="11.806667">
        <ele>1.791188</ele>
        <time>2026-08-05T08:04:09.705Z</time>
      </trkpt>
      <trkpt lat="44.891298" lon="11.804953">
        <ele>1.934206</ele>
        <time>2026-08-05T08:04:39.113Z</time>
      </trkpt>
      <trkpt lat="44.891260" lon="11.804121">
        <ele>1.933237</ele>
        <time>2026-08-05T08:04:52.868Z</time>
      </trkpt>
      <trkpt lat="44.891219" lon="11.803209">
        <ele>1.932174</ele>
        <time>2026-08-05T08:05:07.651Z</time>
      </trkpt>
      <trkpt lat="44.891168" lon="11.802080">
        <ele>1.958828</ele>
        <time>2026-08-05T08:05:26.099Z</time>
      </trkpt>
      <trkpt lat="44.891148" lon="11.801632">
        <ele>1.987904</ele>
        <time>2026-08-05T08:05:33.733Z</time>
      </trkpt>
      <trkpt lat="44.891134" lon="11.801328">
        <ele>2.007636</ele>
        <time>2026-08-05T08:05:38.986Z</time>
      </trkpt>
      <trkpt lat="44.891181" lon="11.801315">
        <ele>2.012015</ele>
        <time>2026-08-05T08:05:40.145Z</time>
      </trkpt>
      <trkpt lat="44.891256" lon="11.801234">
        <ele>2.020649</ele>
        <time>2026-08-05T08:05:42.436Z</time>
      </trkpt>
      <trkpt lat="44.891283" lon="11.801107">
        <ele>2.029237</ele>
        <time>2026-08-05T08:05:44.722Z</time>
      </trkpt>
      <trkpt lat="44.892514" lon="11.801040">
        <ele>1.985829</ele>
        <time>2026-08-05T08:06:13.449Z</time>
      </trkpt>
      <trkpt lat="44.892513" lon="11.800951">
        <ele>1.972068</ele>
        <time>2026-08-05T08:06:14.852Z</time>
      </trkpt>
      <trkpt lat="44.892696" lon="11.800835">
        <ele>1.928289</ele>
        <time>2026-08-05T08:06:19.288Z</time>
      </trkpt>
      <trkpt lat="44.892888" lon="11.800768">
        <ele>1.885127</ele>
        <time>2026-08-05T08:06:23.649Z</time>
      </trkpt>
      <trkpt lat="44.893089" lon="11.800762">
        <ele>1.841252</ele>
        <time>2026-08-05T08:06:28.070Z</time>
      </trkpt>
      <trkpt lat="44.893183" lon="11.800760">
        <ele>1.820735</ele>
        <time>2026-08-05T08:06:30.136Z</time>
      </trkpt>
      <trkpt lat="44.893324" lon="11.800760">
        <ele>1.789964</ele>
        <time>2026-08-05T08:06:33.199Z</time>
      </trkpt>
      <trkpt lat="44.893461" lon="11.800784">
        <ele>1.759837</ele>
        <time>2026-08-05T08:06:36.209Z</time>
      </trkpt>
      <trkpt lat="44.893496" lon="11.800790">
        <ele>1.752142</ele>
        <time>2026-08-05T08:06:36.987Z</time>
      </trkpt>
      <trkpt lat="44.893359" lon="11.801731">
        <ele>1.649011</ele>
        <time>2026-08-05T08:06:51.887Z</time>
      </trkpt>
      <trkpt lat="44.893049" lon="11.803860">
        <ele>1.480550</ele>
        <time>2026-08-05T08:07:27.437Z</time>
      </trkpt>
      <trkpt lat="44.892879" lon="11.805690">
        <ele>1.421137</ele>
        <time>2026-08-05T08:07:57.321Z</time>
      </trkpt>
      <trkpt lat="44.892818" lon="11.806763">
        <ele>1.405770</ele>
        <time>2026-08-05T08:08:14.869Z</time>
      </trkpt>
      <trkpt lat="44.892824" lon="11.807011">
        <ele>1.405007</ele>
        <time>2026-08-05T08:08:18.957Z</time>
      </trkpt>
      <trkpt lat="44.892856" lon="11.807304">
        <ele>1.404095</ele>
        <time>2026-08-05T08:08:23.855Z</time>
      </trkpt>
      <trkpt lat="44.893008" lon="11.807985">
        <ele>1.401900</ele>
        <time>2026-08-05T08:08:35.695Z</time>
      </trkpt>
      <trkpt lat="44.893422" lon="11.809230">
        <ele>1.391091</ele>
        <time>2026-08-05T08:08:58.312Z</time>
      </trkpt>
      <trkpt lat="44.893505" lon="11.809744">
        <ele>1.384890</ele>
        <time>2026-08-05T08:09:06.770Z</time>
      </trkpt>
      <trkpt lat="44.893571" lon="11.809964">
        <ele>1.382080</ele>
        <time>2026-08-05T08:09:10.612Z</time>
      </trkpt>
      <trkpt lat="44.893715" lon="11.810288">
        <ele>1.377580</ele>
        <time>2026-08-05T08:09:16.767Z</time>
      </trkpt>
      <trkpt lat="44.894045" lon="11.810833">
        <ele>1.392890</ele>
        <time>2026-08-05T08:09:28.485Z</time>
      </trkpt>
      <trkpt lat="44.894324" lon="11.811354">
        <ele>1.570005</ele>
        <time>2026-08-05T08:09:42.366Z</time>
      </trkpt>
      <trkpt lat="44.894547" lon="11.811859">
        <ele>1.731382</ele>
        <time>2026-08-05T08:09:55.375Z</time>
      </trkpt>
      <trkpt lat="44.894848" lon="11.812757">
        <ele>2.000792</ele>
        <time>2026-08-05T08:10:17.702Z</time>
      </trkpt>
      <trkpt lat="44.895338" lon="11.814383">
        <ele>2.336888</ele>
        <time>2026-08-05T08:10:56.619Z</time>
      </trkpt>
      <trkpt lat="44.895572" lon="11.814966">
        <ele>2.456885</ele>
        <time>2026-08-05T08:11:10.584Z</time>
      </trkpt>
      <trkpt lat="44.895827" lon="11.815390">
        <ele>2.475580</ele>
        <time>2026-08-05T08:11:21.942Z</time>
      </trkpt>
      <trkpt lat="44.896123" lon="11.815793">
        <ele>2.384490</ele>
        <time>2026-08-05T08:11:33.613Z</time>
      </trkpt>
      <trkpt lat="44.896195" lon="11.815950">
        <ele>2.355144</ele>
        <time>2026-08-05T08:11:37.336Z</time>
      </trkpt>
      <trkpt lat="44.896228" lon="11.816124">
        <ele>2.326880</ele>
        <time>2026-08-05T08:11:40.946Z</time>
      </trkpt>
      <trkpt lat="44.896223" lon="11.816312">
        <ele>2.297361</ele>
        <time>2026-08-05T08:11:44.707Z</time>
      </trkpt>
      <trkpt lat="44.896019" lon="11.816929">
        <ele>2.190522</ele>
        <time>2026-08-05T08:11:58.400Z</time>
      </trkpt>
      <trkpt lat="44.896005" lon="11.817225">
        <ele>2.143974</ele>
        <time>2026-08-05T08:12:04.377Z</time>
      </trkpt>
      <trkpt lat="44.896033" lon="11.817417">
        <ele>2.111928</ele>
        <time>2026-08-05T08:12:08.318Z</time>
      </trkpt>
      <trkpt lat="44.896219" lon="11.818038">
        <ele>1.928216</ele>
        <time>2026-08-05T08:12:21.791Z</time>
      </trkpt>
      <trkpt lat="44.896321" lon="11.818502">
        <ele>1.795838</ele>
        <time>2026-08-05T08:12:31.385Z</time>
      </trkpt>
      <trkpt lat="44.896408" lon="11.819557">
        <ele>1.506433</ele>
        <time>2026-08-05T08:12:52.124Z</time>
      </trkpt>
      <trkpt lat="44.896544" lon="11.820182">
        <ele>1.435163</ele>
        <time>2026-08-05T08:13:04.867Z</time>
      </trkpt>
      <trkpt lat="44.896636" lon="11.820377">
        <ele>1.443268</ele>
        <time>2026-08-05T08:13:09.489Z</time>
      </trkpt>
      <trkpt lat="44.896741" lon="11.820500">
        <ele>1.449931</ele>
        <time>2026-08-05T08:13:13.314Z</time>
      </trkpt>
      <trkpt lat="44.896864" lon="11.820575">
        <ele>1.456474</ele>
        <time>2026-08-05T08:13:17.124Z</time>
      </trkpt>
      <trkpt lat="44.897323" lon="11.820679">
        <ele>1.479177</ele>
        <time>2026-08-05T08:13:30.693Z</time>
      </trkpt>
      <trkpt lat="44.897498" lon="11.820781">
        <ele>1.488423</ele>
        <time>2026-08-05T08:13:36.468Z</time>
      </trkpt>
      <trkpt lat="44.897692" lon="11.820946">
        <ele>1.499483</ele>
        <time>2026-08-05T08:13:43.511Z</time>
      </trkpt>
      <trkpt lat="44.897996" lon="11.821350">
        <ele>1.598655</ele>
        <time>2026-08-05T08:13:56.881Z</time>
      </trkpt>
      <trkpt lat="44.898151" lon="11.821639">
        <ele>1.722029</ele>
        <time>2026-08-05T08:14:05.195Z</time>
      </trkpt>
      <trkpt lat="44.898569" lon="11.822466">
        <ele>2.067805</ele>
        <time>2026-08-05T08:14:23.089Z</time>
      </trkpt>
      <trkpt lat="44.898897" lon="11.823046">
        <ele>2.320398</ele>
        <time>2026-08-05T08:14:35.535Z</time>
      </trkpt>
      <trkpt lat="44.899157" lon="11.823398">
        <ele>2.347224</ele>
        <time>2026-08-05T08:14:43.598Z</time>
      </trkpt>
      <trkpt lat="44.899816" lon="11.824075">
        <ele>2.254764</ele>
        <time>2026-08-05T08:15:01.077Z</time>
      </trkpt>
      <trkpt lat="44.900141" lon="11.824583">
        <ele>2.199757</ele>
        <time>2026-08-05T08:15:11.477Z</time>
      </trkpt>
      <trkpt lat="44.900196" lon="11.824765">
        <ele>2.183856</ele>
        <time>2026-08-05T08:15:14.509Z</time>
      </trkpt>
      <trkpt lat="44.900307" lon="11.824766">
        <ele>2.171264</ele>
        <time>2026-08-05T08:15:16.918Z</time>
      </trkpt>
      <trkpt lat="44.900382" lon="11.824970">
        <ele>2.162064</ele>
        <time>2026-08-05T08:15:20.606Z</time>
      </trkpt>
      <trkpt lat="44.900617" lon="11.825394">
        <ele>2.140692</ele>
        <time>2026-08-05T08:15:29.283Z</time>
      </trkpt>
      <trkpt lat="44.901404" lon="11.826583">
        <ele>2.076095</ele>
        <time>2026-08-05T08:15:56.257Z</time>
      </trkpt>
      <trkpt lat="44.901510" lon="11.826788">
        <ele>2.045426</ele>
        <time>2026-08-05T08:16:00.373Z</time>
      </trkpt>
      <trkpt lat="44.901604" lon="11.827017">
        <ele>1.984545</ele>
        <time>2026-08-05T08:16:04.597Z</time>
      </trkpt>
      <trkpt lat="44.901673" lon="11.827267">
        <ele>1.922828</ele>
        <time>2026-08-05T08:16:08.831Z</time>
      </trkpt>
      <trkpt lat="44.901725" lon="11.827517">
        <ele>1.862895</ele>
        <time>2026-08-05T08:16:12.894Z</time>
      </trkpt>
      <trkpt lat="44.901744" lon="11.827740">
        <ele>1.811230</ele>
        <time>2026-08-05T08:16:16.369Z</time>
      </trkpt>
      <trkpt lat="44.901739" lon="11.827933">
        <ele>1.766807</ele>
        <time>2026-08-05T08:16:19.341Z</time>
      </trkpt>
      <trkpt lat="44.901660" lon="11.828243">
        <ele>1.691025</ele>
        <time>2026-08-05T08:16:24.374Z</time>
      </trkpt>
      <trkpt lat="44.901261" lon="11.829000">
        <ele>1.474516</ele>
        <time>2026-08-05T08:16:38.720Z</time>
      </trkpt>
      <trkpt lat="44.901133" lon="11.829388">
        <ele>1.380389</ele>
        <time>2026-08-05T08:16:45.307Z</time>
      </trkpt>
      <trkpt lat="44.900877" lon="11.830798">
        <ele>1.060282</ele>
        <time>2026-08-05T08:17:08.215Z</time>
      </trkpt>
      <trkpt lat="44.900867" lon="11.830950">
        <ele>1.026711</ele>
        <time>2026-08-05T08:17:10.582Z</time>
      </trkpt>
      <trkpt lat="44.900837" lon="11.831397">
        <ele>0.927968</ele>
        <time>2026-08-05T08:17:17.586Z</time>
      </trkpt>
      <trkpt lat="44.900830" lon="11.831968">
        <ele>0.781219</ele>
        <time>2026-08-05T08:17:26.531Z</time>
      </trkpt>
      <trkpt lat="44.900848" lon="11.832144">
        <ele>0.735515</ele>
        <time>2026-08-05T08:17:29.313Z</time>
      </trkpt>
      <trkpt lat="44.900946" lon="11.832459">
        <ele>0.647089</ele>
        <time>2026-08-05T08:17:34.649Z</time>
      </trkpt>
      <trkpt lat="44.901380" lon="11.833094">
        <ele>0.420296</ele>
        <time>2026-08-05T08:17:48.237Z</time>
      </trkpt>
      <trkpt lat="44.901841" lon="11.833511">
        <ele>0.232096</ele>
        <time>2026-08-05T08:18:00.216Z</time>
      </trkpt>
      <trkpt lat="44.903816" lon="11.834671">
        <ele>-0.251035</ele>
        <time>2026-08-05T08:18:47.542Z</time>
      </trkpt>
      <trkpt lat="44.903982" lon="11.834801">
        <ele>-0.251482</ele>
        <time>2026-08-05T08:18:52.015Z</time>
      </trkpt>
      <trkpt lat="44.904122" lon="11.834973">
        <ele>-0.251920</ele>
        <time>2026-08-05T08:18:56.401Z</time>
      </trkpt>
      <trkpt lat="44.904523" lon="11.835705">
        <ele>-0.253463</ele>
        <time>2026-08-05T08:19:11.998Z</time>
      </trkpt>
      <trkpt lat="44.904754" lon="11.836070">
        <ele>-0.243836</ele>
        <time>2026-08-05T08:19:20.293Z</time>
      </trkpt>
      <trkpt lat="44.904978" lon="11.836345">
        <ele>-0.198153</ele>
        <time>2026-08-05T08:19:27.286Z</time>
      </trkpt>
      <trkpt lat="44.905994" lon="11.837444">
        <ele>-0.001181</ele>
        <time>2026-08-05T08:19:57.304Z</time>
      </trkpt>
      <trkpt lat="44.906681" lon="11.838316">
        <ele>0.393906</ele>
        <time>2026-08-05T08:20:20.335Z</time>
      </trkpt>
      <trkpt lat="44.906969" lon="11.838517">
        <ele>0.549044</ele>
        <time>2026-08-05T08:20:28.532Z</time>
      </trkpt>
      <trkpt lat="44.907131" lon="11.838582">
        <ele>0.630371</ele>
        <time>2026-08-05T08:20:32.838Z</time>
      </trkpt>
      <trkpt lat="44.907323" lon="11.838727">
        <ele>0.735518</ele>
        <time>2026-08-05T08:20:38.382Z</time>
      </trkpt>
      <trkpt lat="44.907450" lon="11.838850">
        <ele>0.809887</ele>
        <time>2026-08-05T08:20:42.283Z</time>
      </trkpt>
      <trkpt lat="44.907553" lon="11.838996">
        <ele>0.880366</ele>
        <time>2026-08-05T08:20:45.971Z</time>
      </trkpt>
      <trkpt lat="44.907611" lon="11.839154">
        <ele>0.935747</ele>
        <time>2026-08-05T08:20:49.143Z</time>
      </trkpt>
      <trkpt lat="44.907638" lon="11.839323">
        <ele>0.988498</ele>
        <time>2026-08-05T08:20:52.232Z</time>
      </trkpt>
      <trkpt lat="44.907643" lon="11.839867">
        <ele>1.154153</ele>
        <time>2026-08-05T08:21:01.844Z</time>
      </trkpt>
      <trkpt lat="44.907485" lon="11.841010">
        <ele>1.508748</ele>
        <time>2026-08-05T08:21:22.256Z</time>
      </trkpt>
      <trkpt lat="44.907476" lon="11.841864">
        <ele>1.683952</ele>
        <time>2026-08-05T08:21:37.236Z</time>
      </trkpt>
      <trkpt lat="44.907500" lon="11.842190">
        <ele>1.702553</ele>
        <time>2026-08-05T08:21:42.908Z</time>
      </trkpt>
      <trkpt lat="44.907549" lon="11.842400">
        <ele>1.715101</ele>
        <time>2026-08-05T08:21:46.695Z</time>
      </trkpt>
      <trkpt lat="44.907844" lon="11.843056">
        <ele>1.759200</ele>
        <time>2026-08-05T08:21:59.710Z</time>
      </trkpt>
      <trkpt lat="44.909306" lon="11.845079">
        <ele>1.469112</ele>
        <time>2026-08-05T08:22:45.219Z</time>
      </trkpt>
      <trkpt lat="44.909425" lon="11.845362">
        <ele>1.413770</ele>
        <time>2026-08-05T08:22:50.472Z</time>
      </trkpt>
      <trkpt lat="44.909613" lon="11.846149">
        <ele>1.291616</ele>
        <time>2026-08-05T08:23:03.751Z</time>
      </trkpt>
      <trkpt lat="44.909772" lon="11.846664">
        <ele>1.212533</ele>
        <time>2026-08-05T08:23:12.774Z</time>
      </trkpt>
      <trkpt lat="44.910151" lon="11.847614">
        <ele>1.059049</ele>
        <time>2026-08-05T08:23:30.111Z</time>
      </trkpt>
      <trkpt lat="44.910217" lon="11.848008">
        <ele>0.990424</ele>
        <time>2026-08-05T08:23:36.476Z</time>
      </trkpt>
      <trkpt lat="44.910348" lon="11.849974">
        <ele>0.565744</ele>
        <time>2026-08-05T08:24:06.974Z</time>
      </trkpt>
      <trkpt lat="44.910401" lon="11.850276">
        <ele>0.498831</ele>
        <time>2026-08-05T08:24:11.828Z</time>
      </trkpt>
      <trkpt lat="44.910474" lon="11.850518">
        <ele>0.502535</ele>
        <time>2026-08-05T08:24:16.011Z</time>
      </trkpt>
      <trkpt lat="44.910579" lon="11.850716">
        <ele>0.539285</ele>
        <time>2026-08-05T08:24:20.004Z</time>
      </trkpt>
      <trkpt lat="44.910714" lon="11.850876">
        <ele>0.576260</ele>
        <time>2026-08-05T08:24:24.093Z</time>
      </trkpt>
      <trkpt lat="44.910954" lon="11.851246">
        <ele>0.650803</ele>
        <time>2026-08-05T08:24:32.553Z</time>
      </trkpt>
      <trkpt lat="44.911163" lon="11.851659">
        <ele>0.726217</ele>
        <time>2026-08-05T08:24:41.387Z</time>
      </trkpt>
      <trkpt lat="44.911551" lon="11.852661">
        <ele>0.879855</ele>
        <time>2026-08-05T08:25:01.763Z</time>
      </trkpt>
      <trkpt lat="44.911831" lon="11.853504">
        <ele>0.963644</ele>
        <time>2026-08-05T08:25:17.720Z</time>
      </trkpt>
      <trkpt lat="44.912479" lon="11.854781">
        <ele>1.017937</ele>
        <time>2026-08-05T08:25:43.133Z</time>
      </trkpt>
      <trkpt lat="44.912936" lon="11.855907">
        <ele>0.655723</ele>
        <time>2026-08-05T08:26:04.075Z</time>
      </trkpt>
      <trkpt lat="44.913355" lon="11.856673">
        <ele>0.385590</ele>
        <time>2026-08-05T08:26:18.626Z</time>
      </trkpt>
      <trkpt lat="44.913708" lon="11.857161">
        <ele>-0.126677</ele>
        <time>2026-08-05T08:26:28.247Z</time>
      </trkpt>
      <trkpt lat="44.913854" lon="11.857309">
        <ele>-0.319736</ele>
        <time>2026-08-05T08:26:31.620Z</time>
      </trkpt>
      <trkpt lat="44.914909" lon="11.858085">
        <ele>-1.545742</ele>
        <time>2026-08-05T08:26:55.002Z</time>
      </trkpt>
      <trkpt lat="44.915211" lon="11.858343">
        <ele>-1.438587</ele>
        <time>2026-08-05T08:27:03.239Z</time>
      </trkpt>
      <trkpt lat="44.915477" lon="11.858800">
        <ele>-1.311411</ele>
        <time>2026-08-05T08:27:19.618Z</time>
      </trkpt>
      <trkpt lat="44.915817" lon="11.859504">
        <ele>-1.128217</ele>
        <time>2026-08-05T08:27:44.144Z</time>
      </trkpt>
      <trkpt lat="44.915942" lon="11.859701">
        <ele>-1.071351</ele>
        <time>2026-08-05T08:27:51.674Z</time>
      </trkpt>
      <trkpt lat="44.916271" lon="11.860158">
        <ele>-0.976209</ele>
        <time>2026-08-05T08:28:09.729Z</time>
      </trkpt>
      <trkpt lat="44.916678" lon="11.860628">
        <ele>-0.906448</ele>
        <time>2026-08-05T08:28:29.660Z</time>
      </trkpt>
      <trkpt lat="44.916842" lon="11.860707">
        <ele>-0.883456</ele>
        <time>2026-08-05T08:28:36.064Z</time>
      </trkpt>
      <trkpt lat="44.916958" lon="11.860710">
        <ele>-0.868062</ele>
        <time>2026-08-05T08:28:40.343Z</time>
      </trkpt>
      <trkpt lat="44.917309" lon="11.860632">
        <ele>-0.820916</ele>
        <time>2026-08-05T08:28:53.444Z</time>
      </trkpt>
      <trkpt lat="44.917592" lon="11.860664">
        <ele>-0.783246</ele>
        <time>2026-08-05T08:29:03.846Z</time>
      </trkpt>
      <trkpt lat="44.917740" lon="11.860762">
        <ele>-0.795035</ele>
        <time>2026-08-05T08:29:09.776Z</time>
      </trkpt>
      <trkpt lat="44.918783" lon="11.861812">
        <ele>-1.146976</ele>
        <time>2026-08-05T08:29:55.544Z</time>
      </trkpt>
      <trkpt lat="44.918955" lon="11.861939">
        <ele>-1.200305</ele>
        <time>2026-08-05T08:30:02.490Z</time>
      </trkpt>
      <trkpt lat="44.919409" lon="11.862186">
        <ele>-1.264015</ele>
        <time>2026-08-05T08:30:20.077Z</time>
      </trkpt>
      <trkpt lat="44.920212" lon="11.862474">
        <ele>-1.255074</ele>
        <time>2026-08-05T08:30:51.626Z</time>
      </trkpt>
      <trkpt lat="44.920513" lon="11.862691">
        <ele>-1.251427</ele>
        <time>2026-08-05T08:31:03.986Z</time>
      </trkpt>
      <trkpt lat="44.920858" lon="11.863019">
        <ele>-1.237317</ele>
        <time>2026-08-05T08:31:19.234Z</time>
      </trkpt>
      <trkpt lat="44.921228" lon="11.863444">
        <ele>-1.072384</ele>
        <time>2026-08-05T08:31:36.879Z</time>
      </trkpt>
      <trkpt lat="44.921879" lon="11.864272">
        <ele>-0.769413</ele>
        <time>2026-08-05T08:32:10.479Z</time>
      </trkpt>
      <trkpt lat="44.922018" lon="11.864415">
        <ele>-0.709942</ele>
        <time>2026-08-05T08:32:17.270Z</time>
      </trkpt>
      <trkpt lat="44.922172" lon="11.864475">
        <ele>-0.654697</ele>
        <time>2026-08-05T08:32:23.744Z</time>
      </trkpt>
      <trkpt lat="44.922790" lon="11.864470">
        <ele>-0.384300</ele>
        <time>2026-08-05T08:32:49.004Z</time>
      </trkpt>
      <trkpt lat="44.922907" lon="11.864492">
        <ele>-0.330926</ele>
        <time>2026-08-05T08:32:53.841Z</time>
      </trkpt>
      <trkpt lat="44.923248" lon="11.864602">
        <ele>-0.172759</ele>
        <time>2026-08-05T08:33:08.004Z</time>
      </trkpt>
      <trkpt lat="44.923484" lon="11.864715">
        <ele>-0.060076</ele>
        <time>2026-08-05T08:33:17.682Z</time>
      </trkpt>
      <trkpt lat="44.923807" lon="11.864767">
        <ele>0.086927</ele>
        <time>2026-08-05T08:33:29.753Z</time>
      </trkpt>
      <trkpt lat="44.924033" lon="11.864802">
        <ele>0.186586</ele>
        <time>2026-08-05T08:33:37.881Z</time>
      </trkpt>
      <trkpt lat="44.924176" lon="11.864841">
        <ele>0.126307</ele>
        <time>2026-08-05T08:33:42.989Z</time>
      </trkpt>
      <trkpt lat="44.924323" lon="11.864927">
        <ele>0.060452</ele>
        <time>2026-08-05T08:33:48.526Z</time>
      </trkpt>
      <trkpt lat="44.924492" lon="11.865137">
        <ele>-0.032714</ele>
        <time>2026-08-05T08:33:56.378Z</time>
      </trkpt>
      <trkpt lat="44.924614" lon="11.865379">
        <ele>-0.119771</ele>
        <time>2026-08-05T08:34:03.788Z</time>
      </trkpt>
      <trkpt lat="44.924801" lon="11.865660">
        <ele>-0.232781</ele>
        <time>2026-08-05T08:34:13.332Z</time>
      </trkpt>
      <trkpt lat="44.925036" lon="11.865885">
        <ele>-0.350288</ele>
        <time>2026-08-05T08:34:23.223Z</time>
      </trkpt>
      <trkpt lat="44.925178" lon="11.866059">
        <ele>-0.428096</ele>
        <time>2026-08-05T08:34:29.840Z</time>
      </trkpt>
      <trkpt lat="44.925216" lon="11.866182">
        <ele>-0.467423</ele>
        <time>2026-08-05T08:34:33.212Z</time>
      </trkpt>
      <trkpt lat="44.925225" lon="11.866303">
        <ele>-0.503076</ele>
        <time>2026-08-05T08:34:36.336Z</time>
      </trkpt>
      <trkpt lat="44.925106" lon="11.866848">
        <ele>-0.529945</ele>
        <time>2026-08-05T08:34:51.217Z</time>
      </trkpt>
      <trkpt lat="44.925104" lon="11.867173">
        <ele>-0.507859</ele>
        <time>2026-08-05T08:34:59.930Z</time>
      </trkpt>
      <trkpt lat="44.925147" lon="11.867321">
        <ele>-0.496988</ele>
        <time>2026-08-05T08:35:04.234Z</time>
      </trkpt>
      <trkpt lat="44.925222" lon="11.867460">
        <ele>-0.485112</ele>
        <time>2026-08-05T08:35:08.938Z</time>
      </trkpt>
      <trkpt lat="44.925486" lon="11.867747">
        <ele>-0.453138</ele>
        <time>2026-08-05T08:35:21.553Z</time>
      </trkpt>
      <trkpt lat="44.925528" lon="11.867780">
        <ele>-0.448525</ele>
        <time>2026-08-05T08:35:22.667Z</time>
      </trkpt>
      <trkpt lat="44.925596" lon="11.868172">
        <ele>-0.421100</ele>
        <time>2026-08-05T08:35:29.451Z</time>
      </trkpt>
      <trkpt lat="44.925528" lon="11.868207">
        <ele>-0.414154</ele>
        <time>2026-08-05T08:35:31.143Z</time>
      </trkpt>
      <trkpt lat="44.925492" lon="11.868302">
        <ele>-0.406832</ele>
        <time>2026-08-05T08:35:32.974Z</time>
      </trkpt>
      <trkpt lat="44.925463" lon="11.868380">
        <ele>-0.400845</ele>
        <time>2026-08-05T08:35:34.444Z</time>
      </trkpt>
      <trkpt lat="44.925388" lon="11.868514">
        <ele>-0.389238</ele>
        <time>2026-08-05T08:35:37.321Z</time>
      </trkpt>
      <trkpt lat="44.925216" lon="11.869011">
        <ele>-0.280048</ele>
        <time>2026-08-05T08:35:46.747Z</time>
      </trkpt>
      <trkpt lat="44.925176" lon="11.869321">
        <ele>-0.210839</ele>
        <time>2026-08-05T08:35:52.038Z</time>
      </trkpt>
      <trkpt lat="44.925181" lon="11.869985">
        <ele>-0.064990</ele>
        <time>2026-08-05T08:36:03.148Z</time>
      </trkpt>
      <trkpt lat="44.925111" lon="11.871062">
        <ele>0.172555</ele>
        <time>2026-08-05T08:36:22.208Z</time>
      </trkpt>
      <trkpt lat="44.925065" lon="11.871423">
        <ele>0.284636</ele>
        <time>2026-08-05T08:36:28.900Z</time>
      </trkpt>
      <trkpt lat="44.924963" lon="11.871780">
        <ele>0.402975</ele>
        <time>2026-08-05T08:36:36.049Z</time>
      </trkpt>
      <trkpt lat="44.924888" lon="11.872386">
        <ele>0.592083</ele>
        <time>2026-08-05T08:36:47.191Z</time>
      </trkpt>
      <trkpt lat="44.924890" lon="11.873047">
        <ele>0.795275</ele>
        <time>2026-08-05T08:36:58.615Z</time>
      </trkpt>
      <trkpt lat="44.924936" lon="11.873413">
        <ele>0.909541</ele>
        <time>2026-08-05T08:37:05.066Z</time>
      </trkpt>
      <trkpt lat="44.924952" lon="11.873650">
        <ele>0.953377</ele>
        <time>2026-08-05T08:37:09.168Z</time>
      </trkpt>
      <trkpt lat="44.924947" lon="11.873877">
        <ele>0.948934</ele>
        <time>2026-08-05T08:37:13.045Z</time>
      </trkpt>
      <trkpt lat="44.924996" lon="11.873869">
        <ele>0.947572</ele>
        <time>2026-08-05T08:37:14.212Z</time>
      </trkpt>
      <trkpt lat="44.925154" lon="11.873843">
        <ele>0.943177</ele>
        <time>2026-08-05T08:37:17.958Z</time>
      </trkpt>
      <trkpt lat="44.925882" lon="11.873703">
        <ele>0.922879</ele>
        <time>2026-08-05T08:37:34.463Z</time>
      </trkpt>
      <trkpt lat="44.926353" lon="11.873622">
        <ele>0.909770</ele>
        <time>2026-08-05T08:37:45.387Z</time>
      </trkpt>
      <trkpt lat="44.926729" lon="11.873628">
        <ele>0.911453</ele>
        <time>2026-08-05T08:37:54.032Z</time>
      </trkpt>
      <trkpt lat="44.927885" lon="11.873807">
        <ele>0.943331</ele>
        <time>2026-08-05T08:38:20.801Z</time>
      </trkpt>
      <trkpt lat="44.928550" lon="11.873882">
        <ele>0.953664</ele>
        <time>2026-08-05T08:38:36.682Z</time>
      </trkpt>
      <trkpt lat="44.928822" lon="11.874005">
        <ele>0.952434</ele>
        <time>2026-08-05T08:38:43.447Z</time>
      </trkpt>
      <trkpt lat="44.928959" lon="11.874123">
        <ele>0.951743</ele>
        <time>2026-08-05T08:38:47.233Z</time>
      </trkpt>
      <trkpt lat="44.929065" lon="11.874263">
        <ele>0.951117</ele>
        <time>2026-08-05T08:38:50.658Z</time>
      </trkpt>
      <trkpt lat="44.929481" lon="11.874982">
        <ele>0.948285</ele>
        <time>2026-08-05T08:39:05.917Z</time>
      </trkpt>
      <trkpt lat="44.929615" lon="11.875130">
        <ele>0.947552</ele>
        <time>2026-08-05T08:39:09.817Z</time>
      </trkpt>
      <trkpt lat="44.929741" lon="11.875215">
        <ele>0.943339</ele>
        <time>2026-08-05T08:39:12.982Z</time>
      </trkpt>
      <trkpt lat="44.929887" lon="11.875267">
        <ele>0.890420</ele>
        <time>2026-08-05T08:39:16.370Z</time>
      </trkpt>
      <trkpt lat="44.930303" lon="11.875336">
        <ele>0.743210</ele>
        <time>2026-08-05T08:39:25.393Z</time>
      </trkpt>
      <trkpt lat="44.930449" lon="11.875414">
        <ele>0.688350</ele>
        <time>2026-08-05T08:39:28.736Z</time>
      </trkpt>
      <trkpt lat="44.930620" lon="11.875572">
        <ele>0.616535</ele>
        <time>2026-08-05T08:39:33.144Z</time>
      </trkpt>
      <trkpt lat="44.930838" lon="11.875851">
        <ele>0.513145</ele>
        <time>2026-08-05T08:39:39.521Z</time>
      </trkpt>
      <trkpt lat="44.930881" lon="11.875918">
        <ele>0.490644</ele>
        <time>2026-08-05T08:39:40.898Z</time>
      </trkpt>
      <trkpt lat="44.931007" lon="11.876096">
        <ele>0.428013</ele>
        <time>2026-08-05T08:39:44.778Z</time>
      </trkpt>
      <trkpt lat="44.931131" lon="11.876264">
        <ele>0.367626</ele>
        <time>2026-08-05T08:39:48.538Z</time>
      </trkpt>
      <trkpt lat="44.931514" lon="11.876787">
        <ele>0.286992</ele>
        <time>2026-08-05T08:40:00.310Z</time>
      </trkpt>
      <trkpt lat="44.931792" lon="11.877251">
        <ele>0.255653</ele>
        <time>2026-08-05T08:40:10.146Z</time>
      </trkpt>
      <trkpt lat="44.931987" lon="11.877830">
        <ele>0.222596</ele>
        <time>2026-08-05T08:40:20.911Z</time>
      </trkpt>
      <trkpt lat="44.932097" lon="11.878000">
        <ele>0.210722</ele>
        <time>2026-08-05T08:40:24.697Z</time>
      </trkpt>
      <trkpt lat="44.932188" lon="11.878053">
        <ele>0.203554</ele>
        <time>2026-08-05T08:40:26.986Z</time>
      </trkpt>
      <trkpt lat="44.932336" lon="11.878080">
        <ele>0.192686</ele>
        <time>2026-08-05T08:40:30.438Z</time>
      </trkpt>
      <trkpt lat="44.932517" lon="11.878029">
        <ele>0.177891</ele>
        <time>2026-08-05T08:40:34.696Z</time>
      </trkpt>
      <trkpt lat="44.932654" lon="11.877932">
        <ele>0.163460</ele>
        <time>2026-08-05T08:40:38.214Z</time>
      </trkpt>
      <trkpt lat="44.932665" lon="11.877913">
        <ele>0.161824</ele>
        <time>2026-08-05T08:40:38.619Z</time>
      </trkpt>
      <trkpt lat="44.932800" lon="11.877689">
        <ele>0.142212</ele>
        <time>2026-08-05T08:40:43.412Z</time>
      </trkpt>
      <trkpt lat="44.932828" lon="11.877647">
        <ele>0.138366</ele>
        <time>2026-08-05T08:40:44.331Z</time>
      </trkpt>
      <trkpt lat="44.932358" lon="11.877093">
        <ele>0.080722</ele>
        <time>2026-08-05T08:40:58.324Z</time>
      </trkpt>
      <trkpt lat="44.932264" lon="11.876922">
        <ele>0.066289</ele>
        <time>2026-08-05T08:41:01.732Z</time>
      </trkpt>
      <trkpt lat="44.932233" lon="11.876671">
        <ele>0.049303</ele>
        <time>2026-08-05T08:41:05.762Z</time>
      </trkpt>
      <trkpt lat="44.932304" lon="11.876098">
        <ele>0.010357</ele>
        <time>2026-08-05T08:41:15.015Z</time>
      </trkpt>
      <trkpt lat="44.932356" lon="11.875880">
        <ele>-0.005620</ele>
        <time>2026-08-05T08:41:18.686Z</time>
      </trkpt>
      <trkpt lat="44.931952" lon="11.874662">
        <ele>-0.099035</ele>
        <time>2026-08-05T08:41:40.311Z</time>
      </trkpt>
      <trkpt lat="44.931714" lon="11.874103">
        <ele>-0.144338</ele>
        <time>2026-08-05T08:41:50.897Z</time>
      </trkpt>
      <trkpt lat="44.931512" lon="11.872921">
        <ele>-0.213642</ele>
        <time>2026-08-05T08:42:11.031Z</time>
      </trkpt>
      <trkpt lat="44.931266" lon="11.872002">
        <ele>-0.266414</ele>
        <time>2026-08-05T08:42:27.041Z</time>
      </trkpt>
      <trkpt lat="44.931139" lon="11.871372">
        <ele>-0.305707</ele>
        <time>2026-08-05T08:42:37.435Z</time>
      </trkpt>
      <trkpt lat="44.931004" lon="11.870846">
        <ele>-0.374646</ele>
        <time>2026-08-05T08:42:46.204Z</time>
      </trkpt>
      <trkpt lat="44.930733" lon="11.870131">
        <ele>-0.474578</ele>
        <time>2026-08-05T08:42:58.901Z</time>
      </trkpt>
      <trkpt lat="44.930602" lon="11.869932">
        <ele>-0.508060</ele>
        <time>2026-08-05T08:43:03.176Z</time>
      </trkpt>
      <trkpt lat="44.930317" lon="11.869390">
        <ele>-0.591250</ele>
        <time>2026-08-05T08:43:13.960Z</time>
      </trkpt>
      <trkpt lat="44.929919" lon="11.868811">
        <ele>-0.552779</ele>
        <time>2026-08-05T08:43:27.247Z</time>
      </trkpt>
      <trkpt lat="44.929849" lon="11.868633">
        <ele>-0.534192</ele>
        <time>2026-08-05T08:43:30.664Z</time>
      </trkpt>
      <trkpt lat="44.929767" lon="11.867997">
        <ele>-0.475180</ele>
        <time>2026-08-05T08:43:41.618Z</time>
      </trkpt>
      <trkpt lat="44.929665" lon="11.867530">
        <ele>-0.430567</ele>
        <time>2026-08-05T08:43:49.939Z</time>
      </trkpt>
      <trkpt lat="44.929481" lon="11.866986">
        <ele>-0.375093</ele>
        <time>2026-08-05T08:44:00.234Z</time>
      </trkpt>
      <trkpt lat="44.929399" lon="11.866630">
        <ele>-0.337192</ele>
        <time>2026-08-05T08:44:06.590Z</time>
      </trkpt>
      <trkpt lat="44.929314" lon="11.866001">
        <ele>-0.272361</ele>
        <time>2026-08-05T08:44:17.384Z</time>
      </trkpt>
      <trkpt lat="44.929237" lon="11.865639">
        <ele>-0.234092</ele>
        <time>2026-08-05T08:44:23.741Z</time>
      </trkpt>
      <trkpt lat="44.928916" lon="11.864977">
        <ele>-0.152857</ele>
        <time>2026-08-05T08:44:37.137Z</time>
      </trkpt>
      <trkpt lat="44.928615" lon="11.864512">
        <ele>-0.118599</ele>
        <time>2026-08-05T08:44:47.573Z</time>
      </trkpt>
      <trkpt lat="44.928540" lon="11.864313">
        <ele>-0.116029</ele>
        <time>2026-08-05T08:44:51.286Z</time>
      </trkpt>
      <trkpt lat="44.928501" lon="11.864045">
        <ele>-0.112910</ele>
        <time>2026-08-05T08:44:55.787Z</time>
      </trkpt>
      <trkpt lat="44.928491" lon="11.862331">
        <ele>-0.093339</ele>
        <time>2026-08-05T08:45:23.929Z</time>
      </trkpt>
      <trkpt lat="44.928466" lon="11.861679">
        <ele>-0.070515</ele>
        <time>2026-08-05T08:45:34.729Z</time>
      </trkpt>
      <trkpt lat="44.928361" lon="11.860560">
        <ele>-0.031060</ele>
        <time>2026-08-05T08:45:53.480Z</time>
      </trkpt>
      <trkpt lat="44.928342" lon="11.857857">
        <ele>-0.001073</ele>
        <time>2026-08-05T08:46:37.924Z</time>
      </trkpt>
      <trkpt lat="44.928245" lon="11.856805">
        <ele>-0.014393</ele>
        <time>2026-08-05T08:46:55.225Z</time>
      </trkpt>
      <trkpt lat="44.928217" lon="11.856161">
        <ele>-0.034319</ele>
        <time>2026-08-05T08:47:05.757Z</time>
      </trkpt>
      <trkpt lat="44.928247" lon="11.855675">
        <ele>-0.049384</ele>
        <time>2026-08-05T08:47:13.708Z</time>
      </trkpt>
      <trkpt lat="44.928253" lon="11.855041">
        <ele>-0.068965</ele>
        <time>2026-08-05T08:47:24.034Z</time>
      </trkpt>
      <trkpt lat="44.928218" lon="11.854370">
        <ele>-0.095129</ele>
        <time>2026-08-05T08:47:34.952Z</time>
      </trkpt>
      <trkpt lat="44.928221" lon="11.853875">
        <ele>-0.117710</ele>
        <time>2026-08-05T08:47:42.945Z</time>
      </trkpt>
      <trkpt lat="44.928160" lon="11.853028">
        <ele>-0.156547</ele>
        <time>2026-08-05T08:47:56.661Z</time>
      </trkpt>
      <trkpt lat="44.928134" lon="11.851997">
        <ele>-0.182598</ele>
        <time>2026-08-05T08:48:13.460Z</time>
      </trkpt>
      <trkpt lat="44.928164" lon="11.851160">
        <ele>-0.134125</ele>
        <time>2026-08-05T08:48:27.327Z</time>
      </trkpt>
      <trkpt lat="44.928230" lon="11.850264">
        <ele>-0.082022</ele>
        <time>2026-08-05T08:48:42.442Z</time>
      </trkpt>
      <trkpt lat="44.928181" lon="11.849704">
        <ele>-0.049386</ele>
        <time>2026-08-05T08:48:51.949Z</time>
      </trkpt>
      <trkpt lat="44.928079" lon="11.849283">
        <ele>-0.046461</ele>
        <time>2026-08-05T08:48:59.404Z</time>
      </trkpt>
      <trkpt lat="44.928001" lon="11.848807">
        <ele>-0.045337</ele>
        <time>2026-08-05T08:49:07.523Z</time>
      </trkpt>
      <trkpt lat="44.927942" lon="11.848164">
        <ele>-0.043845</ele>
        <time>2026-08-05T08:49:18.128Z</time>
      </trkpt>
      <trkpt lat="44.927916" lon="11.847317">
        <ele>-0.041895</ele>
        <time>2026-08-05T08:49:31.795Z</time>
      </trkpt>
      <trkpt lat="44.927834" lon="11.846421">
        <ele>-0.085461</ele>
        <time>2026-08-05T08:49:46.229Z</time>
      </trkpt>
      <trkpt lat="44.927760" lon="11.845007">
        <ele>-0.167527</ele>
        <time>2026-08-05T08:50:09.185Z</time>
      </trkpt>
      <trkpt lat="44.927733" lon="11.844772">
        <ele>-0.181307</ele>
        <time>2026-08-05T08:50:13.093Z</time>
      </trkpt>
      <trkpt lat="44.927572" lon="11.843942">
        <ele>-0.195452</ele>
        <time>2026-08-05T08:50:27.296Z</time>
      </trkpt>
      <trkpt lat="44.927567" lon="11.843684">
        <ele>-0.197859</ele>
        <time>2026-08-05T08:50:31.556Z</time>
      </trkpt>
      <trkpt lat="44.927597" lon="11.843404">
        <ele>-0.200499</ele>
        <time>2026-08-05T08:50:36.217Z</time>
      </trkpt>
      <trkpt lat="44.927684" lon="11.843047">
        <ele>-0.204019</ele>
        <time>2026-08-05T08:50:42.439Z</time>
      </trkpt>
      <trkpt lat="44.927828" lon="11.842238">
        <ele>-0.211797</ele>
        <time>2026-08-05T08:50:56.057Z</time>
      </trkpt>
      <trkpt lat="44.927915" lon="11.841814">
        <ele>-0.227681</ele>
        <time>2026-08-05T08:51:03.199Z</time>
      </trkpt>
      <trkpt lat="44.928007" lon="11.841539">
        <ele>-0.239730</ele>
        <time>2026-08-05T08:51:08.091Z</time>
      </trkpt>
      <trkpt lat="44.928242" lon="11.841125">
        <ele>-0.260750</ele>
        <time>2026-08-05T08:51:16.631Z</time>
      </trkpt>
      <trkpt lat="44.928404" lon="11.840951">
        <ele>-0.272137</ele>
        <time>2026-08-05T08:51:21.296Z</time>
      </trkpt>
      <trkpt lat="44.928659" lon="11.840297">
        <ele>-0.301713</ele>
        <time>2026-08-05T08:51:33.493Z</time>
      </trkpt>
      <trkpt lat="44.929018" lon="11.839634">
        <ele>-0.331807</ele>
        <time>2026-08-05T08:51:47.068Z</time>
      </trkpt>
      <trkpt lat="44.929403" lon="11.839066">
        <ele>-0.358722</ele>
        <time>2026-08-05T08:51:59.900Z</time>
      </trkpt>
      <trkpt lat="44.929502" lon="11.838971">
        <ele>-0.364509</ele>
        <time>2026-08-05T08:52:02.653Z</time>
      </trkpt>
      <trkpt lat="44.929573" lon="11.838838">
        <ele>-0.370210</ele>
        <time>2026-08-05T08:52:05.382Z</time>
      </trkpt>
      <trkpt lat="44.929671" lon="11.838531">
        <ele>-0.381737</ele>
        <time>2026-08-05T08:52:10.900Z</time>
      </trkpt>
      <trkpt lat="44.929742" lon="11.838197">
        <ele>-0.393674</ele>
        <time>2026-08-05T08:52:16.601Z</time>
      </trkpt>
      <trkpt lat="44.929846" lon="11.837859">
        <ele>-0.399894</ele>
        <time>2026-08-05T08:52:22.570Z</time>
      </trkpt>
      <trkpt lat="44.929942" lon="11.837664">
        <ele>-0.399904</ele>
        <time>2026-08-05T08:52:26.401Z</time>
      </trkpt>
      <trkpt lat="44.930024" lon="11.837554">
        <ele>-0.399912</ele>
        <time>2026-08-05T08:52:28.979Z</time>
      </trkpt>
      <trkpt lat="44.930133" lon="11.837255">
        <ele>-0.399927</ele>
        <time>2026-08-05T08:52:34.486Z</time>
      </trkpt>
      <trkpt lat="44.930156" lon="11.836935">
        <ele>-0.399941</ele>
        <time>2026-08-05T08:52:39.774Z</time>
      </trkpt>
      <trkpt lat="44.930144" lon="11.836748">
        <ele>-0.399950</ele>
        <time>2026-08-05T08:52:42.870Z</time>
      </trkpt>
      <trkpt lat="44.929045" lon="11.831898">
        <ele>-0.356679</ele>
        <time>2026-08-05T08:54:06.601Z</time>
      </trkpt>
      <trkpt lat="44.928878" lon="11.831072">
        <ele>-0.330858</ele>
        <time>2026-08-05T08:54:20.726Z</time>
      </trkpt>
      <trkpt lat="44.928751" lon="11.829916">
        <ele>-0.360801</ele>
        <time>2026-08-05T08:54:40.003Z</time>
      </trkpt>
      <trkpt lat="44.928673" lon="11.829535">
        <ele>-0.376657</ele>
        <time>2026-08-05T08:54:46.481Z</time>
      </trkpt>
      <trkpt lat="44.928485" lon="11.828922">
        <ele>-0.403363</ele>
        <time>2026-08-05T08:54:57.263Z</time>
      </trkpt>
      <trkpt lat="44.927963" lon="11.827533">
        <ele>-0.447542</ele>
        <time>2026-08-05T08:55:22.639Z</time>
      </trkpt>
      <trkpt lat="44.927712" lon="11.827586">
        <ele>-0.455345</ele>
        <time>2026-08-05T08:55:28.407Z</time>
      </trkpt>
      <trkpt lat="44.927593" lon="11.827097">
        <ele>-0.466602</ele>
        <time>2026-08-05T08:55:41.881Z</time>
      </trkpt>
      <trkpt lat="44.927514" lon="11.826623">
        <ele>-0.477202</ele>
        <time>2026-08-05T08:55:54.696Z</time>
      </trkpt>
      <trkpt lat="44.927495" lon="11.825987">
        <ele>-0.467320</ele>
        <time>2026-08-05T08:56:11.655Z</time>
      </trkpt>
      <trkpt lat="44.927602" lon="11.825427">
        <ele>-0.451551</ele>
        <time>2026-08-05T08:56:27.083Z</time>
      </trkpt>
      <trkpt lat="44.927752" lon="11.825069">
        <ele>-0.440242</ele>
        <time>2026-08-05T08:56:38.205Z</time>
      </trkpt>
      <trkpt lat="44.928150" lon="11.824409">
        <ele>-0.416673</ele>
        <time>2026-08-05T08:57:01.087Z</time>
      </trkpt>
      <trkpt lat="44.928493" lon="11.824025">
        <ele>-0.488473</ele>
        <time>2026-08-05T08:57:17.062Z</time>
      </trkpt>
      <trkpt lat="44.928650" lon="11.823798">
        <ele>-0.545909</ele>
        <time>2026-08-05T08:57:25.145Z</time>
      </trkpt>
      <trkpt lat="44.928781" lon="11.823451">
        <ele>-0.617084</ele>
        <time>2026-08-05T08:57:35.093Z</time>
      </trkpt>
      <trkpt lat="44.928906" lon="11.822938">
        <ele>-0.715277</ele>
        <time>2026-08-05T08:57:48.752Z</time>
      </trkpt>
      <trkpt lat="44.928978" lon="11.822531">
        <ele>-0.791205</ele>
        <time>2026-08-05T08:57:59.324Z</time>
      </trkpt>
      <trkpt lat="44.929051" lon="11.822323">
        <ele>-0.833223</ele>
        <time>2026-08-05T08:58:05.205Z</time>
      </trkpt>
      <trkpt lat="44.929179" lon="11.822124">
        <ele>-0.866071</ele>
        <time>2026-08-05T08:58:12.063Z</time>
      </trkpt>
      <trkpt lat="44.929258" lon="11.821907">
        <ele>-0.844584</ele>
        <time>2026-08-05T08:58:18.363Z</time>
      </trkpt>
      <trkpt lat="44.929287" lon="11.821680">
        <ele>-0.824272</ele>
        <time>2026-08-05T08:58:24.369Z</time>
      </trkpt>
      <trkpt lat="44.929182" lon="11.821274">
        <ele>-0.786209</ele>
        <time>2026-08-05T08:58:35.807Z</time>
      </trkpt>
      <trkpt lat="44.928039" lon="11.818085">
        <ele>-0.292067</ele>
        <time>2026-08-05T09:00:12.596Z</time>
      </trkpt>
      <trkpt lat="44.927514" lon="11.815860">
        <ele>-0.019697</ele>
        <time>2026-08-05T09:01:14.749Z</time>
      </trkpt>
      <trkpt lat="44.927354" lon="11.815599">
        <ele>0.014017</ele>
        <time>2026-08-05T09:01:23.951Z</time>
      </trkpt>
      <trkpt lat="44.927068" lon="11.815247">
        <ele>0.065517</ele>
        <time>2026-08-05T09:01:38.349Z</time>
      </trkpt>
      <trkpt lat="44.926772" lon="11.814434">
        <ele>0.149599</ele>
        <time>2026-08-05T09:02:02.864Z</time>
      </trkpt>
      <trkpt lat="44.926503" lon="11.813850">
        <ele>0.213678</ele>
        <time>2026-08-05T09:02:21.481Z</time>
      </trkpt>
      <trkpt lat="44.926380" lon="11.813476">
        <ele>0.251606</ele>
        <time>2026-08-05T09:02:32.407Z</time>
      </trkpt>
      <trkpt lat="44.926136" lon="11.813025">
        <ele>0.265242</ele>
        <time>2026-08-05T09:02:47.267Z</time>
      </trkpt>
      <trkpt lat="44.925945" lon="11.812604">
        <ele>0.212544</ele>
        <time>2026-08-05T09:03:00.266Z</time>
      </trkpt>
      <trkpt lat="44.925683" lon="11.811820">
        <ele>0.121174</ele>
        <time>2026-08-05T09:03:22.566Z</time>
      </trkpt>
      <trkpt lat="44.925588" lon="11.811639">
        <ele>0.097428</ele>
        <time>2026-08-05T09:03:28.337Z</time>
      </trkpt>
      <trkpt lat="44.925505" lon="11.811358">
        <ele>0.065338</ele>
        <time>2026-08-05T09:03:36.161Z</time>
      </trkpt>
      <trkpt lat="44.925463" lon="11.810996">
        <ele>0.026677</ele>
        <time>2026-08-05T09:03:45.586Z</time>
      </trkpt>
      <trkpt lat="44.925286" lon="11.810368">
        <ele>0.037396</ele>
        <time>2026-08-05T09:04:02.978Z</time>
      </trkpt>
      <trkpt lat="44.925221" lon="11.809950">
        <ele>0.051287</ele>
        <time>2026-08-05T09:04:14.044Z</time>
      </trkpt>
      <trkpt lat="44.923953" lon="11.794640">
        <ele>0.611742</ele>
        <time>2026-08-05T09:11:01.308Z</time>
      </trkpt>
      <trkpt lat="44.923943" lon="11.794513">
        <ele>0.618806</ele>
        <time>2026-08-05T09:11:04.697Z</time>
      </trkpt>
      <trkpt lat="44.923929" lon="11.794393">
        <ele>0.625529</ele>
        <time>2026-08-05T09:11:07.892Z</time>
      </trkpt>
      <trkpt lat="44.922944" lon="11.782961">
        <ele>1.440244</ele>
        <time>2026-08-05T09:16:14.003Z</time>
      </trkpt>
      <trkpt lat="44.922433" lon="11.776980">
        <ele>1.111722</ele>
        <time>2026-08-05T09:18:50.408Z</time>
      </trkpt>
      <trkpt lat="44.922269" lon="11.775056">
        <ele>1.050450</ele>
        <time>2026-08-05T09:19:40.886Z</time>
      </trkpt>
      <trkpt lat="44.922213" lon="11.774836">
        <ele>1.056090</ele>
        <time>2026-08-05T09:19:47.012Z</time>
      </trkpt>
      <trkpt lat="44.922098" lon="11.774643">
        <ele>1.062175</ele>
        <time>2026-08-05T09:19:53.675Z</time>
      </trkpt>
      <trkpt lat="44.921208" lon="11.773581">
        <ele>1.118136</ele>
        <time>2026-08-05T09:20:37.250Z</time>
      </trkpt>
      <trkpt lat="44.920099" lon="11.772329">
        <ele>1.336223</ele>
        <time>2026-08-05T09:21:30.569Z</time>
      </trkpt>
      <trkpt lat="44.919973" lon="11.772446">
        <ele>1.359386</ele>
        <time>2026-08-05T09:21:34.063Z</time>
      </trkpt>
      <trkpt lat="44.919893" lon="11.772417">
        <ele>1.372072</ele>
        <time>2026-08-05T09:21:36.086Z</time>
      </trkpt>
      <trkpt lat="44.919817" lon="11.772438">
        <ele>1.382404</ele>
        <time>2026-08-05T09:21:37.951Z</time>
      </trkpt>
      <trkpt lat="44.919274" lon="11.772723">
        <ele>1.458070</ele>
        <time>2026-08-05T09:21:52.049Z</time>
      </trkpt>
      <trkpt lat="44.918808" lon="11.772838">
        <ele>1.519861</ele>
        <time>2026-08-05T09:22:03.463Z</time>
      </trkpt>
      <trkpt lat="44.918337" lon="11.772867">
        <ele>1.581441</ele>
        <time>2026-08-05T09:22:14.529Z</time>
      </trkpt>
      <trkpt lat="44.917854" lon="11.772815">
        <ele>1.485682</ele>
        <time>2026-08-05T09:22:25.465Z</time>
      </trkpt>
      <trkpt lat="44.917293" lon="11.772642">
        <ele>1.231726</ele>
        <time>2026-08-05T09:22:37.859Z</time>
      </trkpt>
      <trkpt lat="44.916961" lon="11.772590">
        <ele>1.083995</ele>
        <time>2026-08-05T09:22:44.886Z</time>
      </trkpt>
      <trkpt lat="44.916021" lon="11.772550">
        <ele>0.825794</ele>
        <time>2026-08-05T09:23:04.920Z</time>
      </trkpt>
      <trkpt lat="44.915616" lon="11.772399">
        <ele>0.842174</ele>
        <time>2026-08-05T09:23:14.325Z</time>
      </trkpt>
      <trkpt lat="44.915354" lon="11.772232">
        <ele>0.853415</ele>
        <time>2026-08-05T09:23:21.063Z</time>
      </trkpt>
      <trkpt lat="44.914785" lon="11.772064">
        <ele>0.876147</ele>
        <time>2026-08-05T09:23:35.330Z</time>
      </trkpt>
      <trkpt lat="44.914106" lon="11.771776">
        <ele>1.005374</ele>
        <time>2026-08-05T09:23:53.160Z</time>
      </trkpt>
      <trkpt lat="44.913750" lon="11.771758">
        <ele>1.088098</ele>
        <time>2026-08-05T09:24:01.918Z</time>
      </trkpt>
      <trkpt lat="44.913438" lon="11.771805">
        <ele>1.160963</ele>
        <time>2026-08-05T09:24:09.484Z</time>
      </trkpt>
      <trkpt lat="44.913210" lon="11.771781">
        <ele>1.214056</ele>
        <time>2026-08-05T09:24:14.890Z</time>
      </trkpt>
      <trkpt lat="44.912877" lon="11.771678">
        <ele>1.293220</ele>
        <time>2026-08-05T09:24:22.832Z</time>
      </trkpt>
      <trkpt lat="44.912288" lon="11.771331">
        <ele>1.334285</ele>
        <time>2026-08-05T09:24:37.620Z</time>
      </trkpt>
      <trkpt lat="44.912027" lon="11.771216">
        <ele>1.349334</ele>
        <time>2026-08-05T09:24:43.981Z</time>
      </trkpt>
      <trkpt lat="44.911702" lon="11.771128">
        <ele>1.367548</ele>
        <time>2026-08-05T09:24:51.750Z</time>
      </trkpt>
      <trkpt lat="44.911471" lon="11.771135">
        <ele>1.380265</ele>
        <time>2026-08-05T09:24:57.164Z</time>
      </trkpt>
      <trkpt lat="44.910977" lon="11.771247">
        <ele>1.400717</ele>
        <time>2026-08-05T09:25:08.900Z</time>
      </trkpt>
      <trkpt lat="44.910486" lon="11.771254">
        <ele>1.403199</ele>
        <time>2026-08-05T09:25:20.351Z</time>
      </trkpt>
      <trkpt lat="44.910250" lon="11.771334">
        <ele>1.404425</ele>
        <time>2026-08-05T09:25:25.946Z</time>
      </trkpt>
      <trkpt lat="44.910040" lon="11.771531">
        <ele>1.405700</ele>
        <time>2026-08-05T09:25:31.764Z</time>
      </trkpt>
      <trkpt lat="44.909864" lon="11.771796">
        <ele>1.407000</ele>
        <time>2026-08-05T09:25:37.695Z</time>
      </trkpt>
      <trkpt lat="44.909659" lon="11.772022">
        <ele>1.408315</ele>
        <time>2026-08-05T09:25:43.686Z</time>
      </trkpt>
      <trkpt lat="44.909438" lon="11.772161">
        <ele>1.421436</ele>
        <time>2026-08-05T09:25:49.285Z</time>
      </trkpt>
      <trkpt lat="44.909083" lon="11.772287">
        <ele>1.472624</ele>
        <time>2026-08-05T09:25:57.821Z</time>
      </trkpt>
      <trkpt lat="44.908484" lon="11.772412">
        <ele>1.557298</ele>
        <time>2026-08-05T09:26:12.069Z</time>
      </trkpt>
      <trkpt lat="44.907871" lon="11.772445">
        <ele>1.643082</ele>
        <time>2026-08-05T09:26:26.699Z</time>
      </trkpt>
      <trkpt lat="44.907579" lon="11.772387">
        <ele>1.683138</ele>
        <time>2026-08-05T09:26:33.819Z</time>
      </trkpt>
      <trkpt lat="44.907233" lon="11.772241">
        <ele>1.731125</ele>
        <time>2026-08-05T09:26:42.601Z</time>
      </trkpt>
      <trkpt lat="44.906790" lon="11.772162">
        <ele>1.790460</ele>
        <time>2026-08-05T09:26:53.343Z</time>
      </trkpt>
      <trkpt lat="44.906630" lon="11.772237">
        <ele>1.812862</ele>
        <time>2026-08-05T09:26:57.347Z</time>
      </trkpt>
      <trkpt lat="44.906158" lon="11.772556">
        <ele>1.882399</ele>
        <time>2026-08-05T09:27:09.556Z</time>
      </trkpt>
      <trkpt lat="44.905638" lon="11.772799">
        <ele>1.960577</ele>
        <time>2026-08-05T09:27:22.270Z</time>
      </trkpt>
      <trkpt lat="44.905520" lon="11.772891">
        <ele>1.980228</ele>
        <time>2026-08-05T09:27:25.391Z</time>
      </trkpt>
      <trkpt lat="44.905197" lon="11.772598">
        <ele>2.036196</ele>
        <time>2026-08-05T09:27:34.334Z</time>
      </trkpt>
      <trkpt lat="44.904936" lon="11.772246">
        <ele>2.088814</ele>
        <time>2026-08-05T09:27:42.817Z</time>
      </trkpt>
      <trkpt lat="44.904095" lon="11.770380">
        <ele>2.329967</ele>
        <time>2026-08-05T09:28:21.130Z</time>
      </trkpt>
      <trkpt lat="44.903893" lon="11.770008">
        <ele>2.382350</ele>
        <time>2026-08-05T09:28:28.999Z</time>
      </trkpt>
      <trkpt lat="44.903740" lon="11.769789">
        <ele>2.416725</ele>
        <time>2026-08-05T09:28:34.052Z</time>
      </trkpt>
      <trkpt lat="44.904018" lon="11.769499">
        <ele>2.406936</ele>
        <time>2026-08-05T09:28:41.913Z</time>
      </trkpt>
      <trkpt lat="44.905079" lon="11.768098">
        <ele>2.061346</ele>
        <time>2026-08-05T09:29:13.981Z</time>
      </trkpt>
      <trkpt lat="44.905203" lon="11.767970">
        <ele>2.024805</ele>
        <time>2026-08-05T09:29:17.410Z</time>
      </trkpt>
      <trkpt lat="44.905476" lon="11.767842">
        <ele>1.982501</ele>
        <time>2026-08-05T09:29:23.888Z</time>
      </trkpt>
      <trkpt lat="44.905632" lon="11.767830">
        <ele>1.961163</ele>
        <time>2026-08-05T09:29:27.423Z</time>
      </trkpt>
      <trkpt lat="44.906152" lon="11.767904">
        <ele>1.889779</ele>
        <time>2026-08-05T09:29:39.318Z</time>
      </trkpt>
      <trkpt lat="44.906762" lon="11.767991">
        <ele>1.806039</ele>
        <time>2026-08-05T09:29:53.292Z</time>
      </trkpt>
      <trkpt lat="44.907127" lon="11.767986">
        <ele>1.757066</ele>
        <time>2026-08-05T09:30:01.511Z</time>
      </trkpt>
      <trkpt lat="44.907395" lon="11.767833">
        <ele>1.719778</ele>
        <time>2026-08-05T09:30:08.007Z</time>
      </trkpt>
      <trkpt lat="44.908374" lon="11.766920">
        <ele>1.568436</ele>
        <time>2026-08-05T09:30:34.453Z</time>
      </trkpt>
      <trkpt lat="44.910220" lon="11.766200">
        <ele>1.586626</ele>
        <time>2026-08-05T09:31:19.098Z</time>
      </trkpt>
      <trkpt lat="44.910330" lon="11.766058">
        <ele>1.587330</ele>
        <time>2026-08-05T09:31:22.563Z</time>
      </trkpt>
      <trkpt lat="44.910402" lon="11.765831">
        <ele>1.579041</ele>
        <time>2026-08-05T09:31:26.642Z</time>
      </trkpt>
      <trkpt lat="44.910572" lon="11.765110">
        <ele>1.553714</ele>
        <time>2026-08-05T09:31:39.021Z</time>
      </trkpt>
      <trkpt lat="44.910802" lon="11.764640">
        <ele>1.534675</ele>
        <time>2026-08-05T09:31:48.269Z</time>
      </trkpt>
      <trkpt lat="44.911039" lon="11.764349">
        <ele>1.519895</ele>
        <time>2026-08-05T09:31:55.467Z</time>
      </trkpt>
      <trkpt lat="44.911254" lon="11.764090">
        <ele>1.506595</ele>
        <time>2026-08-05T09:32:05.938Z</time>
      </trkpt>
      <trkpt lat="44.911689" lon="11.763855">
        <ele>1.495128</ele>
        <time>2026-08-05T09:32:23.284Z</time>
      </trkpt>
      <trkpt lat="44.912686" lon="11.763606">
        <ele>1.472190</ele>
        <time>2026-08-05T09:33:00.737Z</time>
      </trkpt>
      <trkpt lat="44.912749" lon="11.763583">
        <ele>1.470716</ele>
        <time>2026-08-05T09:33:03.161Z</time>
      </trkpt>
      <trkpt lat="44.912914" lon="11.763524">
        <ele>1.466860</ele>
        <time>2026-08-05T09:33:09.409Z</time>
      </trkpt>
      <trkpt lat="44.912936" lon="11.763516">
        <ele>1.466346</ele>
        <time>2026-08-05T09:33:09.924Z</time>
      </trkpt>
      <trkpt lat="44.914428" lon="11.762946">
        <ele>1.356007</ele>
        <time>2026-08-05T09:33:44.887Z</time>
      </trkpt>
      <trkpt lat="44.916332" lon="11.761102">
        <ele>1.468344</ele>
        <time>2026-08-05T09:34:38.955Z</time>
      </trkpt>
      <trkpt lat="44.916493" lon="11.760942">
        <ele>1.505976</ele>
        <time>2026-08-05T09:34:43.771Z</time>
      </trkpt>
      <trkpt lat="44.920765" lon="11.756801">
        <ele>2.403350</ele>
        <time>2026-08-05T09:36:47.785Z</time>
      </trkpt>
      <trkpt lat="44.920876" lon="11.756691">
        <ele>2.391603</ele>
        <time>2026-08-05T09:36:50.841Z</time>
      </trkpt>
      <trkpt lat="44.921118" lon="11.756466">
        <ele>2.366504</ele>
        <time>2026-08-05T09:36:57.387Z</time>
      </trkpt>
      <trkpt lat="44.921278" lon="11.756275">
        <ele>2.348355</ele>
        <time>2026-08-05T09:37:02.147Z</time>
      </trkpt>
      <trkpt lat="44.921286" lon="11.756229">
        <ele>2.345450</ele>
        <time>2026-08-05T09:37:02.929Z</time>
      </trkpt>
      <trkpt lat="44.921505" lon="11.756161">
        <ele>2.326025</ele>
        <time>2026-08-05T09:37:07.784Z</time>
      </trkpt>
      <trkpt lat="44.921823" lon="11.755989">
        <ele>2.296526</ele>
        <time>2026-08-05T09:37:15.103Z</time>
      </trkpt>
      <trkpt lat="44.922207" lon="11.755784">
        <ele>2.260963</ele>
        <time>2026-08-05T09:37:23.986Z</time>
      </trkpt>
      <trkpt lat="44.922328" lon="11.755720">
        <ele>2.261837</ele>
        <time>2026-08-05T09:37:26.830Z</time>
      </trkpt>
      <trkpt lat="44.922418" lon="11.755672">
        <ele>2.263701</ele>
        <time>2026-08-05T09:37:28.932Z</time>
      </trkpt>
      <trkpt lat="44.927333" lon="11.753111">
        <ele>2.446715</ele>
        <time>2026-08-05T09:39:26.183Z</time>
      </trkpt>
      <trkpt lat="44.928098" lon="11.752685">
        <ele>2.569806</ele>
        <time>2026-08-05T09:39:45.363Z</time>
      </trkpt>
      <trkpt lat="44.929627" lon="11.751754">
        <ele>2.631554</ele>
        <time>2026-08-05T09:40:23.188Z</time>
      </trkpt>
      <trkpt lat="44.928980" lon="11.750091">
        <ele>2.566353</ele>
        <time>2026-08-05T09:40:52.915Z</time>
      </trkpt>
      <trkpt lat="44.928952" lon="11.749966">
        <ele>2.580547</ele>
        <time>2026-08-05T09:40:54.965Z</time>
      </trkpt>
      <trkpt lat="44.928782" lon="11.748266">
        <ele>2.766421</ele>
        <time>2026-08-05T09:41:23.516Z</time>
      </trkpt>
      <trkpt lat="44.928609" lon="11.747780">
        <ele>3.024868</ele>
        <time>2026-08-05T09:41:33.482Z</time>
      </trkpt>
      <trkpt lat="44.928699" lon="11.747709">
        <ele>3.154142</ele>
        <time>2026-08-05T09:41:36.826Z</time>
      </trkpt>
      <trkpt lat="44.930843" lon="11.746933">
        <ele>5.756057</ele>
        <time>2026-08-05T09:42:54.567Z</time>
      </trkpt>
      <trkpt lat="44.930936" lon="11.746930">
        <ele>5.849607</ele>
        <time>2026-08-05T09:42:57.697Z</time>
      </trkpt>
      <trkpt lat="44.931211" lon="11.747034">
        <ele>6.135903</ele>
        <time>2026-08-05T09:43:07.319Z</time>
      </trkpt>
      <trkpt lat="44.931270" lon="11.746933">
        <ele>6.229130</ele>
        <time>2026-08-05T09:43:10.499Z</time>
      </trkpt>
      <trkpt lat="44.931126" lon="11.746857">
        <ele>6.383723</ele>
        <time>2026-08-05T09:43:14.462Z</time>
      </trkpt>
      <trkpt lat="44.930921" lon="11.746553">
        <ele>6.682632</ele>
        <time>2026-08-05T09:43:21.869Z</time>
      </trkpt>
      <trkpt lat="44.930589" lon="11.745722">
        <ele>6.790034</ele>
        <time>2026-08-05T09:43:37.213Z</time>
      </trkpt>
      <trkpt lat="44.930338" lon="11.745433">
        <ele>6.743176</ele>
        <time>2026-08-05T09:43:43.839Z</time>
      </trkpt>
      <trkpt lat="44.929805" lon="11.744937">
        <ele>6.650817</ele>
        <time>2026-08-05T09:43:57.199Z</time>
      </trkpt>
      <trkpt lat="44.928827" lon="11.744341">
        <ele>6.508179</ele>
        <time>2026-08-05T09:44:20.376Z</time>
      </trkpt>
      <trkpt lat="44.928530" lon="11.744117">
        <ele>6.464789</ele>
        <time>2026-08-05T09:44:27.908Z</time>
      </trkpt>
      <trkpt lat="44.927968" lon="11.743693">
        <ele>6.382679</ele>
        <time>2026-08-05T09:44:41.845Z</time>
      </trkpt>
      <trkpt lat="44.927317" lon="11.743329">
        <ele>6.114402</ele>
        <time>2026-08-05T09:44:56.713Z</time>
      </trkpt>
      <trkpt lat="44.927117" lon="11.743158">
        <ele>6.015029</ele>
        <time>2026-08-05T09:45:01.486Z</time>
      </trkpt>
      <trkpt lat="44.926482" lon="11.742324">
        <ele>5.646459</ele>
        <time>2026-08-05T09:45:19.044Z</time>
      </trkpt>
      <trkpt lat="44.926304" lon="11.742102">
        <ele>5.588431</ele>
        <time>2026-08-05T09:45:23.937Z</time>
      </trkpt>
      <trkpt lat="44.926115" lon="11.741771">
        <ele>5.552163</ele>
        <time>2026-08-05T09:45:30.265Z</time>
      </trkpt>
      <trkpt lat="44.925799" lon="11.740796">
        <ele>5.460705</ele>
        <time>2026-08-05T09:45:46.628Z</time>
      </trkpt>
      <trkpt lat="44.925411" lon="11.739803">
        <ele>5.442126</ele>
        <time>2026-08-05T09:46:05.261Z</time>
      </trkpt>
      <trkpt lat="44.925275" lon="11.739261">
        <ele>5.547906</ele>
        <time>2026-08-05T09:46:14.906Z</time>
      </trkpt>
      <trkpt lat="44.924951" lon="11.738237">
        <ele>5.754232</ele>
        <time>2026-08-05T09:46:33.329Z</time>
      </trkpt>
      <trkpt lat="44.924315" lon="11.736717">
        <ele>6.055273</ele>
        <time>2026-08-05T09:47:01.871Z</time>
      </trkpt>
      <trkpt lat="44.924281" lon="11.736497">
        <ele>6.092285</ele>
        <time>2026-08-05T09:47:05.568Z</time>
      </trkpt>
      <trkpt lat="44.924330" lon="11.735828">
        <ele>6.202832</ele>
        <time>2026-08-05T09:47:16.801Z</time>
      </trkpt>
      <trkpt lat="44.924319" lon="11.735408">
        <ele>6.271912</ele>
        <time>2026-08-05T09:47:23.959Z</time>
      </trkpt>
      <trkpt lat="44.924052" lon="11.730691">
        <ele>6.645943</ele>
        <time>2026-08-05T09:48:41.822Z</time>
      </trkpt>
      <trkpt lat="44.923959" lon="11.729769">
        <ele>6.009483</ele>
        <time>2026-08-05T09:48:54.444Z</time>
      </trkpt>
      <trkpt lat="44.923786" lon="11.729692">
        <ele>5.731006</ele>
        <time>2026-08-05T09:48:57.734Z</time>
      </trkpt>
      <trkpt lat="44.923093" lon="11.728714">
        <ele>4.226941</ele>
        <time>2026-08-05T09:49:14.939Z</time>
      </trkpt>
      <trkpt lat="44.922992" lon="11.728622">
        <ele>4.042426</ele>
        <time>2026-08-05T09:49:17.043Z</time>
      </trkpt>
      <trkpt lat="44.922798" lon="11.728573">
        <ele>3.806163</ele>
        <time>2026-08-05T09:49:20.562Z</time>
      </trkpt>
      <trkpt lat="44.922666" lon="11.728607">
        <ele>3.704685</ele>
        <time>2026-08-05T09:49:23.008Z</time>
      </trkpt>
      <trkpt lat="44.922700" lon="11.728525">
        <ele>3.653799</ele>
        <time>2026-08-05T09:49:24.287Z</time>
      </trkpt>
      <trkpt lat="44.922705" lon="11.728329">
        <ele>3.548773</ele>
        <time>2026-08-05T09:49:26.906Z</time>
      </trkpt>
      <trkpt lat="44.922402" lon="11.727430">
        <ele>3.015597</ele>
        <time>2026-08-05T09:49:41.051Z</time>
      </trkpt>
      <trkpt lat="44.922233" lon="11.726936">
        <ele>2.721799</ele>
        <time>2026-08-05T09:49:49.290Z</time>
      </trkpt>
      <trkpt lat="44.922186" lon="11.726664">
        <ele>2.571867</ele>
        <time>2026-08-05T09:49:53.530Z</time>
      </trkpt>
      <trkpt lat="44.922187" lon="11.726338">
        <ele>2.524262</ele>
        <time>2026-08-05T09:49:58.562Z</time>
      </trkpt>
      <trkpt lat="44.922162" lon="11.726277">
        <ele>2.528951</ele>
        <time>2026-08-05T09:49:59.670Z</time>
      </trkpt>
      <trkpt lat="44.922192" lon="11.726219">
        <ele>2.533729</ele>
        <time>2026-08-05T09:50:00.914Z</time>
      </trkpt>
      <trkpt lat="44.922241" lon="11.725617">
        <ele>2.574038</ele>
        <time>2026-08-05T09:50:11.708Z</time>
      </trkpt>
      <trkpt lat="44.922290" lon="11.725325">
        <ele>2.594000</ele>
        <time>2026-08-05T09:50:17.049Z</time>
      </trkpt>
      <trkpt lat="44.922373" lon="11.724927">
        <ele>2.621600</ele>
        <time>2026-08-05T09:50:24.455Z</time>
      </trkpt>
      <trkpt lat="44.922467" lon="11.724617">
        <ele>2.644033</ele>
        <time>2026-08-05T09:50:30.594Z</time>
      </trkpt>
      <trkpt lat="44.923269" lon="11.723119">
        <ele>2.618789</ele>
        <time>2026-08-05T09:51:04.799Z</time>
      </trkpt>
      <trkpt lat="44.923375" lon="11.722851">
        <ele>2.605042</ele>
        <time>2026-08-05T09:51:10.064Z</time>
      </trkpt>
      <trkpt lat="44.923405" lon="11.722657">
        <ele>2.596149</ele>
        <time>2026-08-05T09:51:13.406Z</time>
      </trkpt>
      <trkpt lat="44.923385" lon="11.721957">
        <ele>2.560528</ele>
        <time>2026-08-05T09:51:24.882Z</time>
      </trkpt>
      <trkpt lat="44.923264" lon="11.720037">
        <ele>1.930364</ele>
        <time>2026-08-05T09:51:55.562Z</time>
      </trkpt>
      <trkpt lat="44.923248" lon="11.719404">
        <ele>1.746280</ele>
        <time>2026-08-05T09:52:06.116Z</time>
      </trkpt>
      <trkpt lat="44.923038" lon="11.718323">
        <ele>2.099906</ele>
        <time>2026-08-05T09:52:26.707Z</time>
      </trkpt>
      <trkpt lat="44.922969" lon="11.717801">
        <ele>2.267427</ele>
        <time>2026-08-05T09:52:37.275Z</time>
      </trkpt>
      <trkpt lat="44.922950" lon="11.716555">
        <ele>2.632558</ele>
        <time>2026-08-05T09:53:01.847Z</time>
      </trkpt>
      <trkpt lat="44.922708" lon="11.715176">
        <ele>2.979598</ele>
        <time>2026-08-05T09:53:28.081Z</time>
      </trkpt>
      <trkpt lat="44.922656" lon="11.714983">
        <ele>3.030040</ele>
        <time>2026-08-05T09:53:31.717Z</time>
      </trkpt>
      <trkpt lat="44.922481" lon="11.714568">
        <ele>3.148028</ele>
        <time>2026-08-05T09:53:40.213Z</time>
      </trkpt>
      <trkpt lat="44.921956" lon="11.713552">
        <ele>3.113938</ele>
        <time>2026-08-05T09:54:01.938Z</time>
      </trkpt>
      <trkpt lat="44.921449" lon="11.712381">
        <ele>3.077409</ele>
        <time>2026-08-05T09:54:25.668Z</time>
      </trkpt>
      <trkpt lat="44.921390" lon="11.712153">
        <ele>3.121623</ele>
        <time>2026-08-05T09:54:29.942Z</time>
      </trkpt>
      <trkpt lat="44.921345" lon="11.711674">
        <ele>3.209631</ele>
        <time>2026-08-05T09:54:38.568Z</time>
      </trkpt>
      <trkpt lat="44.921351" lon="11.711322">
        <ele>3.273761</ele>
        <time>2026-08-05T09:54:45.093Z</time>
      </trkpt>
      <trkpt lat="44.921400" lon="11.710735">
        <ele>3.381416</ele>
        <time>2026-08-05T09:54:56.263Z</time>
      </trkpt>
      <trkpt lat="44.921386" lon="11.710527">
        <ele>3.419471</ele>
        <time>2026-08-05T09:55:00.237Z</time>
      </trkpt>
      <trkpt lat="44.921280" lon="11.710147">
        <ele>3.493860</ele>
        <time>2026-08-05T09:55:07.870Z</time>
      </trkpt>
      <trkpt lat="44.921188" lon="11.709924">
        <ele>3.527989</ele>
        <time>2026-08-05T09:55:12.605Z</time>
      </trkpt>
      <trkpt lat="44.920950" lon="11.709327">
        <ele>3.501447</ele>
        <time>2026-08-05T09:55:30.653Z</time>
      </trkpt>
      <trkpt lat="44.920780" lon="11.708899">
        <ele>3.482435</ele>
        <time>2026-08-05T09:55:43.231Z</time>
      </trkpt>
      <trkpt lat="44.920391" lon="11.707998">
        <ele>3.441552</ele>
        <time>2026-08-05T09:56:10.367Z</time>
      </trkpt>
      <trkpt lat="44.920255" lon="11.707585">
        <ele>3.512511</ele>
        <time>2026-08-05T09:56:22.028Z</time>
      </trkpt>
      <trkpt lat="44.920060" lon="11.706604">
        <ele>3.913951</ele>
        <time>2026-08-05T09:56:49.460Z</time>
      </trkpt>
      <trkpt lat="44.920003" lon="11.706217">
        <ele>4.069687</ele>
        <time>2026-08-05T09:57:00.597Z</time>
      </trkpt>
      <trkpt lat="44.919958" lon="11.706185">
        <ele>4.097720</ele>
        <time>2026-08-05T09:57:02.647Z</time>
      </trkpt>
      <trkpt lat="44.919889" lon="11.706196">
        <ele>4.136356</ele>
        <time>2026-08-05T09:57:05.425Z</time>
      </trkpt>
      <trkpt lat="44.919936" lon="11.706045">
        <ele>4.201342</ele>
        <time>2026-08-05T09:57:10.193Z</time>
      </trkpt>
      <trkpt lat="44.919940" lon="11.705847">
        <ele>4.279383</ele>
        <time>2026-08-05T09:57:15.983Z</time>
      </trkpt>
      <trkpt lat="44.920031" lon="11.705724">
        <ele>4.349470</ele>
        <time>2026-08-05T09:57:21.266Z</time>
      </trkpt>
      <trkpt lat="44.920031" lon="11.705724">
        <ele>4.349470</ele>
        <time>2026-08-05T09:57:21.275Z</time>
      </trkpt>
      <trkpt lat="44.919716" lon="11.704826">
        <ele>5.020393</ele>
        <time>2026-08-05T09:57:39.627Z</time>
      </trkpt>
      <trkpt lat="44.919400" lon="11.703929">
        <ele>5.764768</ele>
        <time>2026-08-05T09:57:57.972Z</time>
      </trkpt>
      <trkpt lat="44.918978" lon="11.703245">
        <ele>6.366249</ele>
        <time>2026-08-05T09:58:14.489Z</time>
      </trkpt>
      <trkpt lat="44.918793" lon="11.702885">
        <ele>6.495148</ele>
        <time>2026-08-05T09:58:22.241Z</time>
      </trkpt>
      <trkpt lat="44.918753" lon="11.702150">
        <ele>6.708769</ele>
        <time>2026-08-05T09:58:34.655Z</time>
      </trkpt>
      <trkpt lat="44.918441" lon="11.700702">
        <ele>7.089886</ele>
        <time>2026-08-05T09:58:59.535Z</time>
      </trkpt>
      <trkpt lat="44.918369" lon="11.700439">
        <ele>7.120227</ele>
        <time>2026-08-05T09:59:04.016Z</time>
      </trkpt>
      <trkpt lat="44.918269" lon="11.700207">
        <ele>7.149452</ele>
        <time>2026-08-05T09:59:08.349Z</time>
      </trkpt>
      <trkpt lat="44.918139" lon="11.699980">
        <ele>7.180867</ele>
        <time>2026-08-05T09:59:13.035Z</time>
      </trkpt>
      <trkpt lat="44.917764" lon="11.699534">
        <ele>7.255368</ele>
        <time>2026-08-05T09:59:24.232Z</time>
      </trkpt>
      <trkpt lat="44.917422" lon="11.699203">
        <ele>7.318372</ele>
        <time>2026-08-05T09:59:33.684Z</time>
      </trkpt>
      <trkpt lat="44.917072" lon="11.698919">
        <ele>7.311123</ele>
        <time>2026-08-05T09:59:42.895Z</time>
      </trkpt>
      <trkpt lat="44.916909" lon="11.698837">
        <ele>7.301678</ele>
        <time>2026-08-05T09:59:46.838Z</time>
      </trkpt>
      <trkpt lat="44.915796" lon="11.698583">
        <ele>7.240139</ele>
        <time>2026-08-05T10:00:11.522Z</time>
      </trkpt>
      <trkpt lat="44.915466" lon="11.698460">
        <ele>7.211661</ele>
        <time>2026-08-05T10:00:18.782Z</time>
      </trkpt>
      <trkpt lat="44.915216" lon="11.698162">
        <ele>7.175415</ele>
        <time>2026-08-05T10:00:25.768Z</time>
      </trkpt>
      <trkpt lat="44.915072" lon="11.697881">
        <ele>7.148202</ele>
        <time>2026-08-05T10:00:31.042Z</time>
      </trkpt>
      <trkpt lat="44.914815" lon="11.697275">
        <ele>7.092782</ele>
        <time>2026-08-05T10:00:41.864Z</time>
      </trkpt>
      <trkpt lat="44.914617" lon="11.696626">
        <ele>7.037339</ele>
        <time>2026-08-05T10:00:52.936Z</time>
      </trkpt>
      <trkpt lat="44.913935" lon="11.693969">
        <ele>7.190903</ele>
        <time>2026-08-05T10:01:38.463Z</time>
      </trkpt>
      <trkpt lat="44.913891" lon="11.693554">
        <ele>7.114156</ele>
        <time>2026-08-05T10:01:45.448Z</time>
      </trkpt>
      <trkpt lat="44.913874" lon="11.693005">
        <ele>7.013652</ele>
        <time>2026-08-05T10:01:54.618Z</time>
      </trkpt>
      <trkpt lat="44.913937" lon="11.692131">
        <ele>6.852976</ele>
        <time>2026-08-05T10:02:07.595Z</time>
      </trkpt>
      <trkpt lat="44.913923" lon="11.691636">
        <ele>6.752289</ele>
        <time>2026-08-05T10:02:14.365Z</time>
      </trkpt>
      <trkpt lat="44.913530" lon="11.690890">
        <ele>6.085954</ele>
        <time>2026-08-05T10:02:26.574Z</time>
      </trkpt>
      <trkpt lat="44.913184" lon="11.690164">
        <ele>5.458806</ele>
        <time>2026-08-05T10:02:37.999Z</time>
      </trkpt>
      <trkpt lat="44.912977" lon="11.690072">
        <ele>5.239194</ele>
        <time>2026-08-05T10:02:42.158Z</time>
      </trkpt>
      <trkpt lat="44.910385" lon="11.688929">
        <ele>4.548926</ele>
        <time>2026-08-05T10:03:42.607Z</time>
      </trkpt>
      <trkpt lat="44.910298" lon="11.688875">
        <ele>4.511730</ele>
        <time>2026-08-05T10:03:44.628Z</time>
      </trkpt>
      <trkpt lat="44.908570" lon="11.688071">
        <ele>3.671291</ele>
        <time>2026-08-05T10:04:21.189Z</time>
      </trkpt>
      <trkpt lat="44.908399" lon="11.688060">
        <ele>3.574706</ele>
        <time>2026-08-05T10:04:24.637Z</time>
      </trkpt>
      <trkpt lat="44.907805" lon="11.688132">
        <ele>3.238316</ele>
        <time>2026-08-05T10:04:36.806Z</time>
      </trkpt>
      <trkpt lat="44.907591" lon="11.688122">
        <ele>3.117502</ele>
        <time>2026-08-05T10:04:41.240Z</time>
      </trkpt>
      <trkpt lat="44.907031" lon="11.687865">
        <ele>2.882431</ele>
        <time>2026-08-05T10:04:53.537Z</time>
      </trkpt>
      <trkpt lat="44.906812" lon="11.687822">
        <ele>2.799460</ele>
        <time>2026-08-05T10:04:58.153Z</time>
      </trkpt>
      <trkpt lat="44.906588" lon="11.687854">
        <ele>2.714975</ele>
        <time>2026-08-05T10:05:02.849Z</time>
      </trkpt>
      <trkpt lat="44.906062" lon="11.687998">
        <ele>2.513917</ele>
        <time>2026-08-05T10:05:14.054Z</time>
      </trkpt>
      <trkpt lat="44.905684" lon="11.688117">
        <ele>2.394893</ele>
        <time>2026-08-05T10:05:22.552Z</time>
      </trkpt>
      <trkpt lat="44.905430" lon="11.688233">
        <ele>2.377456</ele>
        <time>2026-08-05T10:05:28.456Z</time>
      </trkpt>
      <trkpt lat="44.905418" lon="11.688120">
        <ele>2.372170</ele>
        <time>2026-08-05T10:05:31.385Z</time>
      </trkpt>
      <trkpt lat="44.906655" lon="11.683811">
        <ele>2.412129</ele>
        <time>2026-08-05T10:07:34.034Z</time>
      </trkpt>
      <trkpt lat="44.908083" lon="11.678836">
        <ele>2.848368</ele>
        <time>2026-08-05T10:09:56.610Z</time>
      </trkpt>
      <trkpt lat="44.909154" lon="11.675110">
        <ele>3.502137</ele>
        <time>2026-08-05T10:11:45.083Z</time>
      </trkpt>
      <trkpt lat="44.909902" lon="11.672510">
        <ele>3.974745</ele>
        <time>2026-08-05T10:13:00.632Z</time>
      </trkpt>
      <trkpt lat="44.910775" lon="11.669414">
        <ele>4.531445</ele>
        <time>2026-08-05T10:14:29.660Z</time>
      </trkpt>
      <trkpt lat="44.910899" lon="11.668978">
        <ele>4.688185</ele>
        <time>2026-08-05T10:14:38.037Z</time>
      </trkpt>
      <trkpt lat="44.910899" lon="11.668775">
        <ele>4.755906</ele>
        <time>2026-08-05T10:14:41.697Z</time>
      </trkpt>
      <trkpt lat="44.910844" lon="11.668569">
        <ele>4.829350</ele>
        <time>2026-08-05T10:14:45.703Z</time>
      </trkpt>
      <trkpt lat="44.910653" lon="11.668093">
        <ele>5.011861</ele>
        <time>2026-08-05T10:14:55.709Z</time>
      </trkpt>
      <trkpt lat="44.910297" lon="11.667455">
        <ele>5.272561</ele>
        <time>2026-08-05T10:15:10.415Z</time>
      </trkpt>
      <trkpt lat="44.910267" lon="11.667362">
        <ele>5.300961</ele>
        <time>2026-08-05T10:15:12.245Z</time>
      </trkpt>
      <trkpt lat="44.909165" lon="11.666181">
        <ele>5.843855</ele>
        <time>2026-08-05T10:15:45.029Z</time>
      </trkpt>
      <trkpt lat="44.908435" lon="11.665443">
        <ele>6.020213</ele>
        <time>2026-08-05T10:16:05.739Z</time>
      </trkpt>
      <trkpt lat="44.907250" lon="11.664319">
        <ele>6.210535</ele>
        <time>2026-08-05T10:16:37.982Z</time>
      </trkpt>
      <trkpt lat="44.906943" lon="11.663966">
        <ele>6.259918</ele>
        <time>2026-08-05T10:16:46.744Z</time>
      </trkpt>
      <trkpt lat="44.906620" lon="11.663477">
        <ele>6.318986</ele>
        <time>2026-08-05T10:16:57.249Z</time>
      </trkpt>
      <trkpt lat="44.906332" lon="11.662898">
        <ele>6.381488</ele>
        <time>2026-08-05T10:17:08.462Z</time>
      </trkpt>
      <trkpt lat="44.905857" lon="11.661623">
        <ele>6.889821</ele>
        <time>2026-08-05T10:17:34.034Z</time>
      </trkpt>
      <trkpt lat="44.905495" lon="11.660915">
        <ele>7.226861</ele>
        <time>2026-08-05T10:17:49.775Z</time>
      </trkpt>
      <trkpt lat="44.905399" lon="11.660815">
        <ele>7.291875</ele>
        <time>2026-08-05T10:17:52.758Z</time>
      </trkpt>
      <trkpt lat="44.905310" lon="11.660799">
        <ele>7.340768</ele>
        <time>2026-08-05T10:17:54.983Z</time>
      </trkpt>
      <trkpt lat="44.905088" lon="11.660739">
        <ele>7.271678</ele>
        <time>2026-08-05T10:18:00.295Z</time>
      </trkpt>
      <trkpt lat="44.904578" lon="11.660101">
        <ele>6.832663</ele>
        <time>2026-08-05T10:18:14.598Z</time>
      </trkpt>
      <trkpt lat="44.904415" lon="11.660592">
        <ele>6.585210</ele>
        <time>2026-08-05T10:18:22.197Z</time>
      </trkpt>
      <trkpt lat="44.904183" lon="11.661419">
        <ele>6.168399</ele>
        <time>2026-08-05T10:18:34.477Z</time>
      </trkpt>
      <trkpt lat="44.903820" lon="11.662937">
        <ele>5.226004</ele>
        <time>2026-08-05T10:18:57.327Z</time>
      </trkpt>
      <trkpt lat="44.903713" lon="11.663281">
        <ele>5.005013</ele>
        <time>2026-08-05T10:19:03.089Z</time>
      </trkpt>
      <trkpt lat="44.903399" lon="11.664108">
        <ele>4.625267</ele>
        <time>2026-08-05T10:19:17.851Z</time>
      </trkpt>
      <trkpt lat="44.902536" lon="11.666381">
        <ele>4.054593</ele>
        <time>2026-08-05T10:19:58.373Z</time>
      </trkpt>
      <trkpt lat="44.902408" lon="11.666638">
        <ele>3.974796</ele>
        <time>2026-08-05T10:20:03.203Z</time>
      </trkpt>
      <trkpt lat="44.902267" lon="11.666838">
        <ele>3.903126</ele>
        <time>2026-08-05T10:20:07.493Z</time>
      </trkpt>
      <trkpt lat="44.902012" lon="11.667008">
        <ele>3.802006</ele>
        <time>2026-08-05T10:20:13.549Z</time>
      </trkpt>
      <trkpt lat="44.901741" lon="11.667084">
        <ele>3.702932</ele>
        <time>2026-08-05T10:20:19.499Z</time>
      </trkpt>
      <trkpt lat="44.901462" lon="11.667211">
        <ele>3.597816</ele>
        <time>2026-08-05T10:20:25.885Z</time>
      </trkpt>
      <trkpt lat="44.901111" lon="11.667486">
        <ele>3.530019</ele>
        <time>2026-08-05T10:20:34.763Z</time>
      </trkpt>
      <trkpt lat="44.901031" lon="11.667578">
        <ele>3.527168</ele>
        <time>2026-08-05T10:20:37.088Z</time>
      </trkpt>
      <trkpt lat="44.900996" lon="11.667618">
        <ele>3.525924</ele>
        <time>2026-08-05T10:20:38.095Z</time>
      </trkpt>
      <trkpt lat="44.900866" lon="11.667414">
        <ele>3.520554</ele>
        <time>2026-08-05T10:20:43.722Z</time>
      </trkpt>
      <trkpt lat="44.900787" lon="11.667333">
        <ele>3.517857</ele>
        <time>2026-08-05T10:20:46.567Z</time>
      </trkpt>
      <trkpt lat="44.898776" lon="11.664999">
        <ele>3.520028</ele>
        <time>2026-08-05T10:22:23.930Z</time>
      </trkpt>
      <trkpt lat="44.898610" lon="11.665280">
        <ele>3.525887</ele>
        <time>2026-08-05T10:22:33.336Z</time>
      </trkpt>
      <trkpt lat="44.898476" lon="11.665407">
        <ele>3.510608</ele>
        <time>2026-08-05T10:22:39.215Z</time>
      </trkpt>
      <trkpt lat="44.898300" lon="11.665655">
        <ele>3.467678</ele>
        <time>2026-08-05T10:22:48.209Z</time>
      </trkpt>
      <trkpt lat="44.896979" lon="11.667902">
        <ele>3.049000</ele>
        <time>2026-08-05T10:24:03.350Z</time>
      </trkpt>
      <trkpt lat="44.896759" lon="11.668275">
        <ele>2.955239</ele>
        <time>2026-08-05T10:24:15.787Z</time>
      </trkpt>
      <trkpt lat="44.896677" lon="11.668451">
        <ele>2.914546</ele>
        <time>2026-08-05T10:24:21.168Z</time>
      </trkpt>
      <trkpt lat="44.896660" lon="11.668177">
        <ele>2.861413</ele>
        <time>2026-08-05T10:24:28.154Z</time>
      </trkpt>
      <trkpt lat="44.896605" lon="11.667964">
        <ele>2.817619</ele>
        <time>2026-08-05T10:24:33.924Z</time>
      </trkpt>
      <trkpt lat="44.896495" lon="11.667667">
        <ele>2.752877</ele>
        <time>2026-08-05T10:24:42.407Z</time>
      </trkpt>
      <trkpt lat="44.896405" lon="11.667501">
        <ele>2.718061</ele>
        <time>2026-08-05T10:24:47.691Z</time>
      </trkpt>
      <trkpt lat="44.895978" lon="11.666982">
        <ele>2.626158</ele>
        <time>2026-08-05T10:25:07.772Z</time>
      </trkpt>
      <trkpt lat="44.895466" lon="11.666470">
        <ele>2.523821</ele>
        <time>2026-08-05T10:25:30.616Z</time>
      </trkpt>
      <trkpt lat="44.895214" lon="11.666275">
        <ele>2.476949</ele>
        <time>2026-08-05T10:25:41.312Z</time>
      </trkpt>
      <trkpt lat="44.895081" lon="11.666128">
        <ele>2.449399</ele>
        <time>2026-08-05T10:25:47.646Z</time>
      </trkpt>
      <trkpt lat="44.895006" lon="11.666013">
        <ele>2.434218</ele>
        <time>2026-08-05T10:25:51.789Z</time>
      </trkpt>
      <trkpt lat="44.894964" lon="11.665810">
        <ele>2.452582</ele>
        <time>2026-08-05T10:25:57.406Z</time>
      </trkpt>
      <trkpt lat="44.894992" lon="11.665001">
        <ele>2.522914</ele>
        <time>2026-08-05T10:26:19.119Z</time>
      </trkpt>
      <trkpt lat="44.895190" lon="11.664231">
        <ele>2.594045</ele>
        <time>2026-08-05T10:26:41.093Z</time>
      </trkpt>
      <trkpt lat="44.895161" lon="11.664067">
        <ele>2.608722</ele>
        <time>2026-08-05T10:26:45.552Z</time>
      </trkpt>
      <trkpt lat="44.895083" lon="11.663917">
        <ele>2.624880</ele>
        <time>2026-08-05T10:26:50.435Z</time>
      </trkpt>
      <trkpt lat="44.894934" lon="11.663747">
        <ele>2.648363</ele>
        <time>2026-08-05T10:26:57.549Z</time>
      </trkpt>
      <trkpt lat="44.894639" lon="11.663508">
        <ele>2.711452</ele>
        <time>2026-08-05T10:27:10.061Z</time>
      </trkpt>
      <trkpt lat="44.893913" lon="11.663087">
        <ele>2.863898</ele>
        <time>2026-08-05T10:27:39.434Z</time>
      </trkpt>
      <trkpt lat="44.893651" lon="11.662874">
        <ele>2.922623</ele>
        <time>2026-08-05T10:27:50.998Z</time>
      </trkpt>
      <trkpt lat="44.893426" lon="11.662623">
        <ele>2.978325</ele>
        <time>2026-08-05T10:28:02.048Z</time>
      </trkpt>
      <trkpt lat="44.893176" lon="11.662247">
        <ele>3.098801</ele>
        <time>2026-08-05T10:28:16.382Z</time>
      </trkpt>
      <trkpt lat="44.892958" lon="11.661782">
        <ele>3.257287</ele>
        <time>2026-08-05T10:28:31.933Z</time>
      </trkpt>
      <trkpt lat="44.892671" lon="11.661001">
        <ele>3.507358</ele>
        <time>2026-08-05T10:28:56.427Z</time>
      </trkpt>
      <trkpt lat="44.890929" lon="11.663406">
        <ele>3.786035</ele>
        <time>2026-08-05T10:29:53.759Z</time>
      </trkpt>
      <trkpt lat="44.890721" lon="11.663606">
        <ele>3.717117</ele>
        <time>2026-08-05T10:29:59.367Z</time>
      </trkpt>
      <trkpt lat="44.890434" lon="11.663818">
        <ele>3.628415</ele>
        <time>2026-08-05T10:30:06.528Z</time>
      </trkpt>
      <trkpt lat="44.890434" lon="11.663818">
        <ele>3.628415</ele>
        <time>2026-08-05T10:30:06.531Z</time>
      </trkpt>
      <trkpt lat="44.890167" lon="11.662792">
        <ele>3.416364</ele>
        <time>2026-08-05T10:30:26.556Z</time>
      </trkpt>
      <trkpt lat="44.889899" lon="11.661765">
        <ele>3.227170</ele>
        <time>2026-08-05T10:30:46.607Z</time>
      </trkpt>
      <trkpt lat="44.889632" lon="11.660739">
        <ele>3.057398</ele>
        <time>2026-08-05T10:31:06.632Z</time>
      </trkpt>
      <trkpt lat="44.889364" lon="11.659712">
        <ele>2.901399</ele>
        <time>2026-08-05T10:31:26.683Z</time>
      </trkpt>
      <trkpt lat="44.889097" lon="11.658686">
        <ele>2.793622</ele>
        <time>2026-08-05T10:31:46.707Z</time>
      </trkpt>
      <trkpt lat="44.888830" lon="11.657659">
        <ele>2.685753</ele>
        <time>2026-08-05T10:32:06.741Z</time>
      </trkpt>
      <trkpt lat="44.886839" lon="11.660210">
        <ele>2.299883</ele>
        <time>2026-08-05T10:33:44.621Z</time>
      </trkpt>
      <trkpt lat="44.886633" lon="11.660416">
        <ele>2.283733</ele>
        <time>2026-08-05T10:33:53.907Z</time>
      </trkpt>
      <trkpt lat="44.882963" lon="11.662619">
        <ele>2.402622</ele>
        <time>2026-08-05T10:36:22.384Z</time>
      </trkpt>
      <trkpt lat="44.882465" lon="11.662825">
        <ele>2.445862</ele>
        <time>2026-08-05T10:36:41.916Z</time>
      </trkpt>
      <trkpt lat="44.879593" lon="11.663604">
        <ele>2.804089</ele>
        <time>2026-08-05T10:38:32.121Z</time>
      </trkpt>
      <trkpt lat="44.878278" lon="11.664029">
        <ele>2.767296</ele>
        <time>2026-08-05T10:39:03.170Z</time>
      </trkpt>
      <trkpt lat="44.876115" lon="11.664857">
        <ele>2.433849</ele>
        <time>2026-08-05T10:39:53.653Z</time>
      </trkpt>
      <trkpt lat="44.875868" lon="11.665014">
        <ele>2.383784</ele>
        <time>2026-08-05T10:39:59.671Z</time>
      </trkpt>
      <trkpt lat="44.875349" lon="11.665470">
        <ele>2.313832</ele>
        <time>2026-08-05T10:40:13.283Z</time>
      </trkpt>
      <trkpt lat="44.870732" lon="11.669534">
        <ele>1.995247</ele>
        <time>2026-08-05T10:42:18.233Z</time>
      </trkpt>
      <trkpt lat="44.870556" lon="11.669666">
        <ele>1.984647</ele>
        <time>2026-08-05T10:42:22.854Z</time>
      </trkpt>
      <trkpt lat="44.870422" lon="11.669732">
        <ele>1.977100</ele>
        <time>2026-08-05T10:42:26.151Z</time>
      </trkpt>
      <trkpt lat="44.870277" lon="11.669757">
        <ele>1.969331</ele>
        <time>2026-08-05T10:42:29.520Z</time>
      </trkpt>
      <trkpt lat="44.869505" lon="11.669729">
        <ele>1.928263</ele>
        <time>2026-08-05T10:42:47.281Z</time>
      </trkpt>
      <trkpt lat="44.868966" lon="11.669674">
        <ele>1.945557</ele>
        <time>2026-08-05T10:42:59.618Z</time>
      </trkpt>
      <trkpt lat="44.867745" lon="11.669680">
        <ele>2.011622</ele>
        <time>2026-08-05T10:43:28.131Z</time>
      </trkpt>
      <trkpt lat="44.867569" lon="11.669703">
        <ele>2.028549</ele>
        <time>2026-08-05T10:43:32.348Z</time>
      </trkpt>
      <trkpt lat="44.867536" lon="11.669715">
        <ele>2.039299</ele>
        <time>2026-08-05T10:43:33.171Z</time>
      </trkpt>
      <trkpt lat="44.865264" lon="11.670561">
        <ele>2.720873</ele>
        <time>2026-08-05T10:44:30.789Z</time>
      </trkpt>
      <trkpt lat="44.865091" lon="11.670651">
        <ele>2.761109</ele>
        <time>2026-08-05T10:44:35.308Z</time>
      </trkpt>
      <trkpt lat="44.865055" lon="11.670742">
        <ele>2.777228</ele>
        <time>2026-08-05T10:44:37.091Z</time>
      </trkpt>
      <trkpt lat="44.865046" lon="11.670863">
        <ele>2.796045</ele>
        <time>2026-08-05T10:44:39.194Z</time>
      </trkpt>
      <trkpt lat="44.865103" lon="11.671906">
        <ele>2.957840</ele>
        <time>2026-08-05T10:44:56.723Z</time>
      </trkpt>
      <trkpt lat="44.865019" lon="11.672724">
        <ele>3.058226</ele>
        <time>2026-08-05T10:45:10.401Z</time>
      </trkpt>
      <trkpt lat="44.864934" lon="11.673075">
        <ele>3.100761</ele>
        <time>2026-08-05T10:45:16.654Z</time>
      </trkpt>
      <trkpt lat="44.865031" lon="11.673297">
        <ele>3.130667</ele>
        <time>2026-08-05T10:45:21.113Z</time>
      </trkpt>
      <trkpt lat="44.865360" lon="11.674482">
        <ele>3.263156</ele>
        <time>2026-08-05T10:45:42.861Z</time>
      </trkpt>
      <trkpt lat="44.865578" lon="11.674850">
        <ele>3.196666</ele>
        <time>2026-08-05T10:45:51.016Z</time>
      </trkpt>
      <trkpt lat="44.865997" lon="11.675356">
        <ele>3.088789</ele>
        <time>2026-08-05T10:46:03.553Z</time>
      </trkpt>
      <trkpt lat="44.866459" lon="11.676008">
        <ele>2.960977</ele>
        <time>2026-08-05T10:46:17.615Z</time>
      </trkpt>
      <trkpt lat="44.866774" lon="11.676388">
        <ele>2.892118</ele>
        <time>2026-08-05T10:46:26.540Z</time>
      </trkpt>
      <trkpt lat="44.867003" lon="11.676748">
        <ele>2.846153</ele>
        <time>2026-08-05T10:46:34.072Z</time>
      </trkpt>
      <trkpt lat="44.867149" lon="11.677186">
        <ele>2.800162</ele>
        <time>2026-08-05T10:46:41.838Z</time>
      </trkpt>
      <trkpt lat="44.867441" lon="11.678241">
        <ele>2.692544</ele>
        <time>2026-08-05T10:47:00.699Z</time>
      </trkpt>
      <trkpt lat="44.867880" lon="11.679286">
        <ele>2.618777</ele>
        <time>2026-08-05T10:47:20.775Z</time>
      </trkpt>
      <trkpt lat="44.868444" lon="11.680971">
        <ele>2.470332</ele>
        <time>2026-08-05T10:47:50.484Z</time>
      </trkpt>
      <trkpt lat="44.868718" lon="11.681602">
        <ele>2.342548</ele>
        <time>2026-08-05T10:48:02.298Z</time>
      </trkpt>
      <trkpt lat="44.869521" lon="11.683044">
        <ele>2.053001</ele>
        <time>2026-08-05T10:48:31.008Z</time>
      </trkpt>
      <trkpt lat="44.869713" lon="11.683430">
        <ele>2.002103</ele>
        <time>2026-08-05T10:48:38.387Z</time>
      </trkpt>
      <trkpt lat="44.869937" lon="11.683709">
        <ele>1.956601</ele>
        <time>2026-08-05T10:48:45.046Z</time>
      </trkpt>
      <trkpt lat="44.870243" lon="11.683905">
        <ele>1.905423</ele>
        <time>2026-08-05T10:48:52.611Z</time>
      </trkpt>
      <trkpt lat="44.871269" lon="11.684166">
        <ele>1.845752</ele>
        <time>2026-08-05T10:49:16.901Z</time>
      </trkpt>
      <trkpt lat="44.871541" lon="11.684352">
        <ele>1.858474</ele>
        <time>2026-08-05T10:49:24.050Z</time>
      </trkpt>
      <trkpt lat="44.872690" lon="11.685620">
        <ele>1.881945</ele>
        <time>2026-08-05T10:49:58.054Z</time>
      </trkpt>
      <trkpt lat="44.873188" lon="11.686025">
        <ele>1.859962</ele>
        <time>2026-08-05T10:50:11.305Z</time>
      </trkpt>
      <trkpt lat="44.873310" lon="11.686189">
        <ele>1.853518</ele>
        <time>2026-08-05T10:50:15.188Z</time>
      </trkpt>
      <trkpt lat="44.873561" lon="11.686643">
        <ele>1.837912</ele>
        <time>2026-08-05T10:50:24.481Z</time>
      </trkpt>
      <trkpt lat="44.874207" lon="11.687551">
        <ele>1.850811</ele>
        <time>2026-08-05T10:50:45.100Z</time>
      </trkpt>
      <trkpt lat="44.874534" lon="11.688070">
        <ele>1.863907</ele>
        <time>2026-08-05T10:50:56.352Z</time>
      </trkpt>
      <trkpt lat="44.874546" lon="11.688210">
        <ele>1.866566</ele>
        <time>2026-08-05T10:50:58.720Z</time>
      </trkpt>
      <trkpt lat="44.874511" lon="11.688316">
        <ele>1.868771</ele>
        <time>2026-08-05T10:51:00.709Z</time>
      </trkpt>
      <trkpt lat="44.874520" lon="11.688471">
        <ele>1.871704</ele>
        <time>2026-08-05T10:51:03.395Z</time>
      </trkpt>
      <trkpt lat="44.874785" lon="11.689017">
        <ele>1.921640</ele>
        <time>2026-08-05T10:51:15.002Z</time>
      </trkpt>
      <trkpt lat="44.874920" lon="11.689380">
        <ele>1.986028</ele>
        <time>2026-08-05T10:51:22.200Z</time>
      </trkpt>
      <trkpt lat="44.875075" lon="11.689911">
        <ele>2.076226</ele>
        <time>2026-08-05T10:51:32.273Z</time>
      </trkpt>
      <trkpt lat="44.874353" lon="11.690467">
        <ele>2.258523</ele>
        <time>2026-08-05T10:51:51.900Z</time>
      </trkpt>
      <trkpt lat="44.874089" lon="11.690614">
        <ele>2.284845</ele>
        <time>2026-08-05T10:51:58.320Z</time>
      </trkpt>
      <trkpt lat="44.873794" lon="11.690686">
        <ele>2.295670</ele>
        <time>2026-08-05T10:52:04.961Z</time>
      </trkpt>
      <trkpt lat="44.873634" lon="11.690689">
        <ele>2.301455</ele>
        <time>2026-08-05T10:52:08.569Z</time>
      </trkpt>
      <trkpt lat="44.873289" lon="11.690589">
        <ele>2.314190</ele>
        <time>2026-08-05T10:52:16.650Z</time>
      </trkpt>
      <trkpt lat="44.873031" lon="11.690380">
        <ele>2.324946</ele>
        <time>2026-08-05T10:52:23.617Z</time>
      </trkpt>
      <trkpt lat="44.872887" lon="11.690264">
        <ele>2.330941</ele>
        <time>2026-08-05T10:52:27.587Z</time>
      </trkpt>
      <trkpt lat="44.872599" lon="11.690078">
        <ele>2.342393</ele>
        <time>2026-08-05T10:52:35.350Z</time>
      </trkpt>
      <trkpt lat="44.871525" lon="11.689730">
        <ele>2.503274</ele>
        <time>2026-08-05T10:53:02.451Z</time>
      </trkpt>
      <trkpt lat="44.871221" lon="11.689605">
        <ele>2.549814</ele>
        <time>2026-08-05T10:53:09.752Z</time>
      </trkpt>
      <trkpt lat="44.870903" lon="11.689381">
        <ele>2.602054</ele>
        <time>2026-08-05T10:53:17.682Z</time>
      </trkpt>
      <trkpt lat="44.870772" lon="11.689211">
        <ele>2.599358</ele>
        <time>2026-08-05T10:53:21.632Z</time>
      </trkpt>
      <trkpt lat="44.870556" lon="11.688850">
        <ele>2.581272</ele>
        <time>2026-08-05T10:53:29.025Z</time>
      </trkpt>
      <trkpt lat="44.870477" lon="11.688837">
        <ele>2.576976</ele>
        <time>2026-08-05T10:53:30.790Z</time>
      </trkpt>
      <trkpt lat="44.870175" lon="11.689065">
        <ele>2.558476</ele>
        <time>2026-08-05T10:53:38.414Z</time>
      </trkpt>
      <trkpt lat="44.870070" lon="11.689038">
        <ele>2.552711</ele>
        <time>2026-08-05T10:53:40.815Z</time>
      </trkpt>
      <trkpt lat="44.869286" lon="11.687879">
        <ele>2.605105</ele>
        <time>2026-08-05T10:54:07.746Z</time>
      </trkpt>
      <trkpt lat="44.869197" lon="11.687782">
        <ele>2.636207</ele>
        <time>2026-08-05T10:54:10.548Z</time>
      </trkpt>
      <trkpt lat="44.869118" lon="11.687762">
        <ele>2.658405</ele>
        <time>2026-08-05T10:54:12.525Z</time>
      </trkpt>
      <trkpt lat="44.868977" lon="11.687807">
        <ele>2.698385</ele>
        <time>2026-08-05T10:54:16.110Z</time>
      </trkpt>
      <trkpt lat="44.866937" lon="11.688895">
        <ele>3.124897</ele>
        <time>2026-08-05T10:55:08.996Z</time>
      </trkpt>
      <trkpt lat="44.866065" lon="11.689291">
        <ele>3.166799</ele>
        <time>2026-08-05T10:55:30.023Z</time>
      </trkpt>
      <trkpt lat="44.865928" lon="11.689286">
        <ele>3.137026</ele>
        <time>2026-08-05T10:55:33.088Z</time>
      </trkpt>
      <trkpt lat="44.866975" lon="11.691313">
        <ele>2.864147</ele>
        <time>2026-08-05T10:56:37.015Z</time>
      </trkpt>
      <trkpt lat="44.867069" lon="11.691580">
        <ele>2.898856</ele>
        <time>2026-08-05T10:56:44.884Z</time>
      </trkpt>
      <trkpt lat="44.867136" lon="11.691863">
        <ele>2.933593</ele>
        <time>2026-08-05T10:56:52.799Z</time>
      </trkpt>
      <trkpt lat="44.867397" lon="11.693659">
        <ele>3.129985</ele>
        <time>2026-08-05T10:57:42.855Z</time>
      </trkpt>
      <trkpt lat="44.867384" lon="11.694054">
        <ele>3.154350</ele>
        <time>2026-08-05T10:57:53.718Z</time>
      </trkpt>
      <trkpt lat="44.867325" lon="11.694407">
        <ele>3.176697</ele>
        <time>2026-08-05T10:58:03.584Z</time>
      </trkpt>
      <trkpt lat="44.867017" lon="11.695466">
        <ele>3.247230</ele>
        <time>2026-08-05T10:58:33.693Z</time>
      </trkpt>
      <trkpt lat="44.866996" lon="11.695612">
        <ele>3.256410</ele>
        <time>2026-08-05T10:58:37.514Z</time>
      </trkpt>
      <trkpt lat="44.866997" lon="11.695779">
        <ele>3.266700</ele>
        <time>2026-08-05T10:58:41.778Z</time>
      </trkpt>
      <trkpt lat="44.867028" lon="11.695971">
        <ele>3.213752</ele>
        <time>2026-08-05T10:58:46.781Z</time>
      </trkpt>
      <trkpt lat="44.867059" lon="11.696039">
        <ele>3.190905</ele>
        <time>2026-08-05T10:58:48.806Z</time>
      </trkpt>
      <trkpt lat="44.867510" lon="11.696801">
        <ele>2.910373</ele>
        <time>2026-08-05T10:59:13.683Z</time>
      </trkpt>
      <trkpt lat="44.867756" lon="11.697645">
        <ele>2.652497</ele>
        <time>2026-08-05T10:59:36.478Z</time>
      </trkpt>
      <trkpt lat="44.867841" lon="11.697854">
        <ele>2.584406</ele>
        <time>2026-08-05T10:59:42.553Z</time>
      </trkpt>
      <trkpt lat="44.868003" lon="11.698121">
        <ele>2.514451</ele>
        <time>2026-08-05T10:59:51.504Z</time>
      </trkpt>
      <trkpt lat="44.868570" lon="11.698675">
        <ele>2.363750</ele>
        <time>2026-08-05T11:00:16.560Z</time>
      </trkpt>
      <trkpt lat="44.869259" lon="11.699183">
        <ele>2.193883</ele>
        <time>2026-08-05T11:00:44.906Z</time>
      </trkpt>
      <trkpt lat="44.870003" lon="11.700167">
        <ele>2.054867</ele>
        <time>2026-08-05T11:01:22.120Z</time>
      </trkpt>
      <trkpt lat="44.870141" lon="11.700537">
        <ele>2.019296</ele>
        <time>2026-08-05T11:01:32.941Z</time>
      </trkpt>
      <trkpt lat="44.870219" lon="11.700952">
        <ele>1.982769</ele>
        <time>2026-08-05T11:01:44.036Z</time>
      </trkpt>
      <trkpt lat="44.870234" lon="11.701480">
        <ele>1.941291</ele>
        <time>2026-08-05T11:01:57.773Z</time>
      </trkpt>
      <trkpt lat="44.870186" lon="11.701970">
        <ele>1.943440</ele>
        <time>2026-08-05T11:02:10.731Z</time>
      </trkpt>
      <trkpt lat="44.870193" lon="11.702299">
        <ele>1.944870</ele>
        <time>2026-08-05T11:02:19.356Z</time>
      </trkpt>
      <trkpt lat="44.870257" lon="11.702548">
        <ele>1.946020</ele>
        <time>2026-08-05T11:02:26.324Z</time>
      </trkpt>
      <trkpt lat="44.870608" lon="11.703537">
        <ele>1.950824</ele>
        <time>2026-08-05T11:02:55.487Z</time>
      </trkpt>
      <trkpt lat="44.870811" lon="11.703903">
        <ele>1.943119</ele>
        <time>2026-08-05T11:03:07.795Z</time>
      </trkpt>
      <trkpt lat="44.871084" lon="11.704312">
        <ele>1.911519</ele>
        <time>2026-08-05T11:03:22.589Z</time>
      </trkpt>
      <trkpt lat="44.871335" lon="11.704610">
        <ele>1.885486</ele>
        <time>2026-08-05T11:03:34.674Z</time>
      </trkpt>
      <trkpt lat="44.871444" lon="11.704740">
        <ele>1.874159</ele>
        <time>2026-08-05T11:03:39.942Z</time>
      </trkpt>
      <trkpt lat="44.872111" lon="11.705761">
        <ele>1.854554</ele>
        <time>2026-08-05T11:04:15.669Z</time>
      </trkpt>
      <trkpt lat="44.872174" lon="11.705916">
        <ele>1.888563</ele>
        <time>2026-08-05T11:04:20.290Z</time>
      </trkpt>
      <trkpt lat="44.872003" lon="11.706049">
        <ele>1.941003</ele>
        <time>2026-08-05T11:04:24.614Z</time>
      </trkpt>
      <trkpt lat="44.871913" lon="11.706178">
        <ele>1.975458</ele>
        <time>2026-08-05T11:04:27.499Z</time>
      </trkpt>
      <trkpt lat="44.871828" lon="11.706359">
        <ele>2.016786</ele>
        <time>2026-08-05T11:04:31.057Z</time>
      </trkpt>
      <trkpt lat="44.871727" lon="11.706672">
        <ele>2.082245</ele>
        <time>2026-08-05T11:04:36.823Z</time>
      </trkpt>
      <trkpt lat="44.871681" lon="11.706906">
        <ele>2.128465</ele>
        <time>2026-08-05T11:04:41.022Z</time>
      </trkpt>
      <trkpt lat="44.871517" lon="11.708652">
        <ele>2.392015</ele>
        <time>2026-08-05T11:05:11.594Z</time>
      </trkpt>
      <trkpt lat="44.871446" lon="11.709026">
        <ele>2.434859</ele>
        <time>2026-08-05T11:05:18.016Z</time>
      </trkpt>
      <trkpt lat="44.871432" lon="11.709095">
        <ele>2.442801</ele>
        <time>2026-08-05T11:05:19.165Z</time>
      </trkpt>
      <trkpt lat="44.871379" lon="11.709471">
        <ele>2.485223</ele>
        <time>2026-08-05T11:05:25.320Z</time>
      </trkpt>
      <trkpt lat="44.871405" lon="11.710058">
        <ele>2.550305</ele>
        <time>2026-08-05T11:05:34.416Z</time>
      </trkpt>
      <trkpt lat="44.871304" lon="11.710205">
        <ele>2.572961</ele>
        <time>2026-08-05T11:05:37.468Z</time>
      </trkpt>
      <trkpt lat="44.871120" lon="11.710281">
        <ele>2.511742</ele>
        <time>2026-08-05T11:05:41.397Z</time>
      </trkpt>
      <trkpt lat="44.870926" lon="11.709570">
        <ele>2.336304</ele>
        <time>2026-08-05T11:05:52.285Z</time>
      </trkpt>
      <trkpt lat="44.870810" lon="11.709258">
        <ele>2.255173</ele>
        <time>2026-08-05T11:05:57.553Z</time>
      </trkpt>
      <trkpt lat="44.870645" lon="11.709016">
        <ele>2.177846</ele>
        <time>2026-08-05T11:06:02.654Z</time>
      </trkpt>
      <trkpt lat="44.870552" lon="11.708877">
        <ele>2.133827</ele>
        <time>2026-08-05T11:06:05.538Z</time>
      </trkpt>
      <trkpt lat="44.870411" lon="11.708854">
        <ele>2.087708</ele>
        <time>2026-08-05T11:06:08.560Z</time>
      </trkpt>
      <trkpt lat="44.870293" lon="11.708967">
        <ele>2.041372</ele>
        <time>2026-08-05T11:06:11.598Z</time>
      </trkpt>
      <trkpt lat="44.870258" lon="11.709091">
        <ele>2.010637</ele>
        <time>2026-08-05T11:06:13.634Z</time>
      </trkpt>
      <trkpt lat="44.870259" lon="11.709180">
        <ele>1.990140</ele>
        <time>2026-08-05T11:06:14.991Z</time>
      </trkpt>
      <trkpt lat="44.870217" lon="11.709454">
        <ele>2.016467</ele>
        <time>2026-08-05T11:06:19.302Z</time>
      </trkpt>
      <trkpt lat="44.870145" lon="11.709575">
        <ele>2.032313</ele>
        <time>2026-08-05T11:06:21.720Z</time>
      </trkpt>
      <trkpt lat="44.869999" lon="11.709738">
        <ele>2.058660</ele>
        <time>2026-08-05T11:06:25.830Z</time>
      </trkpt>
      <trkpt lat="44.869857" lon="11.709817">
        <ele>2.080261</ele>
        <time>2026-08-05T11:06:29.276Z</time>
      </trkpt>
      <trkpt lat="44.869831" lon="11.709741">
        <ele>2.088725</ele>
        <time>2026-08-05T11:06:30.711Z</time>
      </trkpt>
      <trkpt lat="44.869048" lon="11.710173">
        <ele>2.207703</ele>
        <time>2026-08-05T11:06:51.333Z</time>
      </trkpt>
      <trkpt lat="44.868695" lon="11.710303">
        <ele>2.245502</ele>
        <time>2026-08-05T11:07:00.107Z</time>
      </trkpt>
      <trkpt lat="44.868243" lon="11.710401">
        <ele>2.253925</ele>
        <time>2026-08-05T11:07:10.985Z</time>
      </trkpt>
      <trkpt lat="44.867810" lon="11.710409">
        <ele>2.261902</ele>
        <time>2026-08-05T11:07:21.082Z</time>
      </trkpt>
      <trkpt lat="44.865879" lon="11.710122">
        <ele>2.184682</ele>
        <time>2026-08-05T11:08:05.171Z</time>
      </trkpt>
      <trkpt lat="44.863657" lon="11.709587">
        <ele>2.259544</ele>
        <time>2026-08-05T11:08:57.718Z</time>
      </trkpt>
      <trkpt lat="44.863455" lon="11.709562">
        <ele>2.275782</ele>
        <time>2026-08-05T11:09:02.539Z</time>
      </trkpt>
      <trkpt lat="44.863128" lon="11.709631">
        <ele>2.309913</ele>
        <time>2026-08-05T11:09:10.403Z</time>
      </trkpt>
      <trkpt lat="44.862883" lon="11.709721">
        <ele>2.336046</ele>
        <time>2026-08-05T11:09:16.420Z</time>
      </trkpt>
      <trkpt lat="44.861401" lon="11.710527">
        <ele>2.444981</ele>
        <time>2026-08-05T11:09:53.630Z</time>
      </trkpt>
      <trkpt lat="44.860747" lon="11.710940">
        <ele>2.414876</ele>
        <time>2026-08-05T11:10:09.993Z</time>
      </trkpt>
      <trkpt lat="44.860122" lon="11.711329">
        <ele>2.386174</ele>
        <time>2026-08-05T11:10:25.768Z</time>
      </trkpt>
      <trkpt lat="44.859763" lon="11.711587">
        <ele>2.350709</ele>
        <time>2026-08-05T11:10:35.179Z</time>
      </trkpt>
      <trkpt lat="44.859375" lon="11.711930">
        <ele>2.309293</ele>
        <time>2026-08-05T11:10:45.546Z</time>
      </trkpt>
      <trkpt lat="44.858927" lon="11.712406">
        <ele>2.258563</ele>
        <time>2026-08-05T11:10:58.155Z</time>
      </trkpt>
      <trkpt lat="44.858677" lon="11.712686">
        <ele>2.229691</ele>
        <time>2026-08-05T11:11:05.460Z</time>
      </trkpt>
      <trkpt lat="44.858577" lon="11.712802">
        <ele>2.243720</ele>
        <time>2026-08-05T11:11:08.409Z</time>
      </trkpt>
      <trkpt lat="44.858381" lon="11.713015">
        <ele>2.345072</ele>
        <time>2026-08-05T11:11:14.124Z</time>
      </trkpt>
      <trkpt lat="44.858274" lon="11.713040">
        <ele>2.389501</ele>
        <time>2026-08-05T11:11:16.673Z</time>
      </trkpt>
      <trkpt lat="44.858288" lon="11.713113">
        <ele>2.411461</ele>
        <time>2026-08-05T11:11:17.945Z</time>
      </trkpt>
      <trkpt lat="44.858320" lon="11.713218">
        <ele>2.444650</ele>
        <time>2026-08-05T11:11:19.860Z</time>
      </trkpt>
      <trkpt lat="44.858335" lon="11.713290">
        <ele>2.466441</ele>
        <time>2026-08-05T11:11:21.152Z</time>
      </trkpt>
      <trkpt lat="44.858173" lon="11.713547">
        <ele>2.566308</ele>
        <time>2026-08-05T11:11:27.100Z</time>
      </trkpt>
      <trkpt lat="44.858126" lon="11.713591">
        <ele>2.589415</ele>
        <time>2026-08-05T11:11:28.492Z</time>
      </trkpt>
      <trkpt lat="44.858044" lon="11.713601">
        <ele>2.623132</ele>
        <time>2026-08-05T11:11:30.538Z</time>
      </trkpt>
      <trkpt lat="44.857892" lon="11.713785">
        <ele>2.705180</ele>
        <time>2026-08-05T11:11:35.581Z</time>
      </trkpt>
      <trkpt lat="44.857829" lon="11.713874">
        <ele>2.741703</ele>
        <time>2026-08-05T11:11:37.924Z</time>
      </trkpt>
      <trkpt lat="44.857806" lon="11.713836">
        <ele>2.756213</ele>
        <time>2026-08-05T11:11:38.829Z</time>
      </trkpt>
      <trkpt lat="44.857399" lon="11.714402">
        <ele>3.007953</ele>
        <time>2026-08-05T11:11:53.779Z</time>
      </trkpt>
      <trkpt lat="44.857101" lon="11.714813">
        <ele>3.276088</ele>
        <time>2026-08-05T11:12:04.718Z</time>
      </trkpt>
      <trkpt lat="44.856947" lon="11.714961">
        <ele>3.395976</ele>
        <time>2026-08-05T11:12:09.642Z</time>
      </trkpt>
      <trkpt lat="44.856059" lon="11.715461">
        <ele>4.011132</ele>
        <time>2026-08-05T11:12:34.335Z</time>
      </trkpt>
      <trkpt lat="44.856004" lon="11.715492">
        <ele>4.049238</ele>
        <time>2026-08-05T11:12:35.818Z</time>
      </trkpt>
      <trkpt lat="44.855828" lon="11.715590">
        <ele>4.146694</ele>
        <time>2026-08-05T11:12:40.545Z</time>
      </trkpt>
      <trkpt lat="44.855539" lon="11.715802">
        <ele>4.262568</ele>
        <time>2026-08-05T11:12:48.535Z</time>
      </trkpt>
      <trkpt lat="44.854942" lon="11.716607">
        <ele>4.556349</ele>
        <time>2026-08-05T11:13:08.731Z</time>
      </trkpt>
      <trkpt lat="44.854659" lon="11.716856">
        <ele>4.674996</ele>
        <time>2026-08-05T11:13:16.679Z</time>
      </trkpt>
      <trkpt lat="44.854229" lon="11.717093">
        <ele>4.756488</ele>
        <time>2026-08-05T11:13:27.938Z</time>
      </trkpt>
      <trkpt lat="44.853557" lon="11.717479">
        <ele>4.756488</ele>
        <time>2026-08-05T11:13:46.295Z</time>
      </trkpt>
      <trkpt lat="44.853525" lon="11.717503">
        <ele>4.756488</ele>
        <time>2026-08-05T11:13:47.244Z</time>
      </trkpt>
      <trkpt lat="44.853257" lon="11.717714">
        <ele>4.756488</ele>
        <time>2026-08-05T11:13:54.803Z</time>
      </trkpt>
      <trkpt lat="44.853182" lon="11.717799">
        <ele>4.756488</ele>
        <time>2026-08-05T11:13:57.095Z</time>
      </trkpt>
    </trkseg>
  </trk>
</gpx>