<?xml version="1.0" encoding="UTF-8"?>
<gpx creator="Garmin Connect" version="1.1"
  xsi:schemaLocation="http://www.topografix.com/GPX/1/1 http://www.topografix.com/GPX/11.xsd"
  xmlns:ns3="http://www.garmin.com/xmlschemas/TrackPointExtension/v1"
  xmlns="http://www.topografix.com/GPX/1/1"
  xmlns:xsi="http://www.w3.org/2001/XMLSchema-instance" xmlns:ns2="http://www.garmin.com/xmlschemas/GpxExtensions/v3">
  <metadata>
    <name>Gravel Baura agosto 2026</name>
    <link href="connect.garmin.com">
      <text>Garmin Connect</text>
    </link>
    <time>2026-08-07T06:10:38.000Z</time>
  </metadata>
  <wpt lat="44.852749" lon="11.718446">
    <ele>0.0</ele>
    <name>START</name>
    <type>GENERIC</type>
  </wpt>
  <wpt lat="44.84218830227937" lon="11.7254160995174">
    <ele>0.0</ele>
    <name>Avviso</name>
    <type>ALERT</type>
  </wpt>
  <wpt lat="44.84557566103569" lon="11.74742820476643">
    <ele>0.0</ele>
    <name>Attraversamento</name>
    <type>CROSSING</type>
  </wpt>
  <wpt lat="44.85049680890647" lon="11.76628000698805">
    <ele>0.0</ele>
    <name>Avviso</name>
    <type>ALERT</type>
  </wpt>
  <wpt lat="44.85193268749227" lon="11.80344294428632">
    <ele>0.0</ele>
    <name>Attraversamento</name>
    <type>CROSSING</type>
  </wpt>
  <wpt lat="44.87740369790297" lon="11.77993082858224">
    <ele>0.0</ele>
    <name>Attraversamento</name>
    <type>CROSSING</type>
  </wpt>
  <wpt lat="44.88890139134249" lon="11.80943797342481">
    <ele>0.0</ele>
    <name>Attraversamento</name>
    <type>CROSSING</type>
  </wpt>
  <wpt lat="44.893089" lon="11.800762">
    <ele>0.0</ele>
    <name>Acqua</name>
    <type>GENERIC</type>
  </wpt>
  <wpt lat="44.89401500678471" lon="11.81078350699766">
    <ele>0.0</ele>
    <name>Attraversamento</name>
    <type>CROSSING</type>
  </wpt>
  <wpt lat="44.89812491334461" lon="11.82159033303254">
    <ele>0.0</ele>
    <name>Attraversamento</name>
    <type>CROSSING</type>
  </wpt>
  <wpt lat="44.9001772928543" lon="11.82470329332233">
    <ele>0.0</ele>
    <name>Attraversamento</name>
    <type>CROSSING</type>
  </wpt>
  <wpt lat="44.91516463952991" lon="11.85830338495702">
    <ele>0.0</ele>
    <name>Attraversamento</name>
    <type>CROSSING</type>
  </wpt>
  <wpt lat="44.925486" lon="11.867747">
    <ele>0.0</ele>
    <name>Punto ristoro</name>
    <type>GENERIC</type>
  </wpt>
  <wpt lat="44.92558607100862" lon="11.86811506124296">
    <ele>0.0</ele>
    <name>Attraversamento</name>
    <type>CROSSING</type>
  </wpt>
  <wpt lat="44.93233987681396" lon="11.87594739106826">
    <ele>0.0</ele>
    <name>Attraversamento</name>
    <type>CROSSING</type>
  </wpt>
  <wpt lat="44.9279907539286" lon="11.82760688629131">
    <ele>0.0</ele>
    <name>Attraversamento</name>
    <type>CROSSING</type>
  </wpt>
  <wpt lat="44.92012582973221" lon="11.77235931250438">
    <ele>0.0</ele>
    <name>Attraversamento</name>
    <type>CROSSING</type>
  </wpt>
  <wpt lat="44.92010249368404" lon="11.77233297330707">
    <ele>0.0</ele>
    <name>Pericolo</name>
    <type>DANGER</type>
  </wpt>
  <wpt lat="44.92119365026245" lon="11.7563756092237">
    <ele>0.0</ele>
    <name>Avviso</name>
    <type>ALERT</type>
  </wpt>
  <wpt lat="44.92122466322193" lon="11.75633858222453">
    <ele>0.0</ele>
    <name>Pericolo</name>
    <type>DANGER</type>
  </wpt>
  <wpt lat="44.92962482411074" lon="11.7517552713232">
    <ele>0.0</ele>
    <name>Attraversamento</name>
    <type>CROSSING</type>
  </wpt>
  <wpt lat="44.912977" lon="11.690072">
    <ele>0.0</ele>
    <name>Acqua</name>
    <type>GENERIC</type>
  </wpt>
  <wpt lat="44.90546539513691" lon="11.68821677294478">
    <ele>0.0</ele>
    <name>Curva stretta</name>
    <type>SHARP CURVE</type>
  </wpt>
  <wpt lat="44.90457561457337" lon="11.66010809588246">
    <ele>0.0</ele>
    <name>Attraversamento</name>
    <type>CROSSING</type>
  </wpt>
  <wpt lat="44.90095321785468" lon="11.66755082932861">
    <ele>0.0</ele>
    <name>Curva stretta</name>
    <type>SHARP CURVE</type>
  </wpt>
  <wpt lat="44.89671055900846" lon="11.66837879352859">
    <ele>0.0</ele>
    <name>Curva stretta</name>
    <type>SHARP CURVE</type>
  </wpt>
  <wpt lat="44.8926577980884" lon="11.66101913337092">
    <ele>0.0</ele>
    <name>Attraversamento</name>
    <type>CROSSING</type>
  </wpt>
  <wpt lat="44.8904346005063" lon="11.66381750885665">
    <ele>0.0</ele>
    <name>Curva stretta</name>
    <type>SHARP CURVE</type>
  </wpt>
  <wpt lat="44.888829392845" lon="11.65765972610678">
    <ele>0.0</ele>
    <name>Curva stretta</name>
    <type>SHARP CURVE</type>
  </wpt>
  <wpt lat="44.87834857396884" lon="11.66400613521801">
    <ele>0.0</ele>
    <name>Pericolo</name>
    <type>DANGER</type>
  </wpt>
  <wpt lat="44.87828251727542" lon="11.66402748242656">
    <ele>0.0</ele>
    <name>Attraversamento</name>
    <type>CROSSING</type>
  </wpt>
  <wpt lat="44.86493450816876" lon="11.67307257573763">
    <ele>0.0</ele>
    <name>Attraversamento</name>
    <type>CROSSING</type>
  </wpt>
  <wpt lat="44.87507214967449" lon="11.68990138284005">
    <ele>0.0</ele>
    <name>Curva stretta</name>
    <type>SHARP CURVE</type>
  </wpt>
  <wpt lat="44.86593381998861" lon="11.68928620209505">
    <ele>0.0</ele>
    <name>Attraversamento</name>
    <type>CROSSING</type>
  </wpt>
  <wpt lat="44.87111855957082" lon="11.71027591658006">
    <ele>0.0</ele>
    <name>Pericolo</name>
    <type>DANGER</type>
  </wpt>
  <wpt lat="44.87109126375891" lon="11.71017582451644">
    <ele>0.0</ele>
    <name>Curva stretta</name>
    <type>SHARP CURVE</type>
  </wpt>
  <wpt lat="44.87058435613279" lon="11.70892535685174">
    <ele>0.0</ele>
    <name>Attraversamento</name>
    <type>CROSSING</type>
  </wpt>
  <wpt lat="44.853182" lon="11.717799">
    <ele>0.0</ele>
    <name>Punto di ritrov</name>
    <type>GENERIC</type>
  </wpt>
  <trk>
    <name>Gravel Baura agosto 2026</name>
    <trkseg>
      <trkpt lat="44.852748988196254" lon="11.71844587661326">
        <ele>5.82</ele>
      </trkpt>
      <trkpt lat="44.85274597071111" lon="11.718451995402575">
        <ele>5.84</ele>
      </trkpt>
      <trkpt lat="44.852665923535824" lon="11.71872197650373">
        <ele>5.92</ele>
      </trkpt>
      <trkpt lat="44.852560982108116" lon="11.718707978725433">
        <ele>6.02</ele>
      </trkpt>
      <trkpt lat="44.852490993216634" lon="11.71872097067535">
        <ele>6.12</ele>
      </trkpt>
      <trkpt lat="44.85245796851814" lon="11.718733962625265">
        <ele>6.2</ele>
      </trkpt>
      <trkpt lat="44.85221237875521" lon="11.718894559890032">
        <ele>6.14</ele>
      </trkpt>
      <trkpt lat="44.851966788992286" lon="11.71905524097383">
        <ele>6.14</ele>
      </trkpt>
      <trkpt lat="44.851720947772264" lon="11.719215922057629">
        <ele>6.21</ele>
      </trkpt>
      <trkpt lat="44.85142364166677" lon="11.719341902062297">
        <ele>6.32</ele>
      </trkpt>
      <trkpt lat="44.851126335561275" lon="11.719467798247933">
        <ele>6.28</ele>
      </trkpt>
      <trkpt lat="44.85082902945578" lon="11.719593778252602">
        <ele>6.05</ele>
      </trkpt>
      <trkpt lat="44.850530968979" lon="11.719719925895333">
        <ele>5.85</ele>
      </trkpt>
      <trkpt lat="44.85024296678603" lon="11.719870967790484">
        <ele>5.69</ele>
      </trkpt>
      <trkpt lat="44.849981954321265" lon="11.720061991363764">
        <ele>5.55</ele>
      </trkpt>
      <trkpt lat="44.849724881350994" lon="11.720308503136039">
        <ele>5.52</ele>
      </trkpt>
      <trkpt lat="44.849467976018786" lon="11.720554931089282">
        <ele>5.45</ele>
      </trkpt>
      <trkpt lat="44.849288603290915" lon="11.720729358494282">
        <ele>5.46</ele>
      </trkpt>
      <trkpt lat="44.849109230563045" lon="11.72090370208025">
        <ele>5.45</ele>
      </trkpt>
      <trkpt lat="44.848929941654205" lon="11.721077961847186">
        <ele>5.45</ele>
      </trkpt>
      <trkpt lat="44.84878174960613" lon="11.720792222768068">
        <ele>5.3</ele>
      </trkpt>
      <trkpt lat="44.84863355755806" lon="11.720506567507982">
        <ele>5.16</ele>
      </trkpt>
      <trkpt lat="44.84848595224321" lon="11.720221918076277">
        <ele>5.09</ele>
      </trkpt>
      <trkpt lat="44.8483379278332" lon="11.719982950016856">
        <ele>5.1</ele>
      </trkpt>
      <trkpt lat="44.84829694032669" lon="11.719915978610516">
        <ele>5.11</ele>
      </trkpt>
      <trkpt lat="44.848136929795146" lon="11.719633927568793">
        <ele>5.18</ele>
      </trkpt>
      <trkpt lat="44.8480218462646" lon="11.719411136582494">
        <ele>5.23</ele>
      </trkpt>
      <trkpt lat="44.84790693037212" lon="11.719188932329416">
        <ele>5.3</ele>
      </trkpt>
      <trkpt lat="44.84788798727095" lon="11.718905959278345">
        <ele>5.46</ele>
      </trkpt>
      <trkpt lat="44.84790491871536" lon="11.71874494291842">
        <ele>5.55</ele>
      </trkpt>
      <trkpt lat="44.84788597561419" lon="11.718554925173521">
        <ele>5.67</ele>
      </trkpt>
      <trkpt lat="44.84780299477279" lon="11.718473955988884">
        <ele>5.78</ele>
      </trkpt>
      <trkpt lat="44.84779494814575" lon="11.718368930742145">
        <ele>5.89</ele>
      </trkpt>
      <trkpt lat="44.84761808998883" lon="11.718369433656335">
        <ele>5.98</ele>
      </trkpt>
      <trkpt lat="44.84744098037481" lon="11.718369936570525">
        <ele>6.07</ele>
      </trkpt>
      <trkpt lat="44.84727711416781" lon="11.718324003741145">
        <ele>6.15</ele>
      </trkpt>
      <trkpt lat="44.84711299650371" lon="11.718277987092733">
        <ele>6.2</ele>
      </trkpt>
      <trkpt lat="44.8469425085932" lon="11.718174973502755">
        <ele>6.28</ele>
      </trkpt>
      <trkpt lat="44.84677193686366" lon="11.718071959912777">
        <ele>6.41</ele>
      </trkpt>
      <trkpt lat="44.846556689590216" lon="11.71791228465736">
        <ele>6.52</ele>
      </trkpt>
      <trkpt lat="44.84634135849774" lon="11.717752693220973">
        <ele>6.58</ele>
      </trkpt>
      <trkpt lat="44.84612594358623" lon="11.717592934146523">
        <ele>6.63</ele>
      </trkpt>
      <trkpt lat="44.84587046317756" lon="11.717389756813645">
        <ele>6.66</ele>
      </trkpt>
      <trkpt lat="44.84561498276889" lon="11.717186495661736">
        <ele>6.6</ele>
      </trkpt>
      <trkpt lat="44.845359502360225" lon="11.716983234509826">
        <ele>6.53</ele>
      </trkpt>
      <trkpt lat="44.845103938132524" lon="11.716779973357916">
        <ele>6.49</ele>
      </trkpt>
      <trkpt lat="44.8449289239943" lon="11.716588949784636">
        <ele>6.45</ele>
      </trkpt>
      <trkpt lat="44.844740917906165" lon="11.716365991160274">
        <ele>6.38</ele>
      </trkpt>
      <trkpt lat="44.84453991986811" lon="11.716159963980317">
        <ele>6.29</ele>
      </trkpt>
      <trkpt lat="44.844349566847086" lon="11.716076983138919">
        <ele>6.21</ele>
      </trkpt>
      <trkpt lat="44.844158962368965" lon="11.715993918478489">
        <ele>6.15</ele>
      </trkpt>
      <trkpt lat="44.844005992636085" lon="11.715840948745608">
        <ele>6.14</ele>
      </trkpt>
      <trkpt lat="44.84400398097932" lon="11.715778922662139">
        <ele>6.13</ele>
      </trkpt>
      <trkpt lat="44.84396995045245" lon="11.715653948485851">
        <ele>6.14</ele>
      </trkpt>
      <trkpt lat="44.843898955732584" lon="11.71556199900806">
        <ele>6.15</ele>
      </trkpt>
      <trkpt lat="44.84380692243576" lon="11.71552293933928">
        <ele>6.16</ele>
      </trkpt>
      <trkpt lat="44.84374498017132" lon="11.715530985966325">
        <ele>6.16</ele>
      </trkpt>
      <trkpt lat="44.84369795769453" lon="11.715554958209395">
        <ele>6.16</ele>
      </trkpt>
      <trkpt lat="44.843604918569326" lon="11.715675992891192">
        <ele>6.17</ele>
      </trkpt>
      <trkpt lat="44.843577928841114" lon="11.715808929875493">
        <ele>6.17</ele>
      </trkpt>
      <trkpt lat="44.843581952154636" lon="11.71588696539402">
        <ele>6.15</ele>
      </trkpt>
      <trkpt lat="44.84353082254529" lon="11.716157114133239">
        <ele>6.14</ele>
      </trkpt>
      <trkpt lat="44.84347994439304" lon="11.71642592176795">
        <ele>6.14</ele>
      </trkpt>
      <trkpt lat="44.843402998521924" lon="11.71677092090249">
        <ele>6.14</ele>
      </trkpt>
      <trkpt lat="44.84329051338136" lon="11.717179287225008">
        <ele>6.15</ele>
      </trkpt>
      <trkpt lat="44.8431780282408" lon="11.717587653547525">
        <ele>6.1</ele>
      </trkpt>
      <trkpt lat="44.84306554310024" lon="11.717996019870043">
        <ele>5.99</ele>
      </trkpt>
      <trkpt lat="44.842953979969025" lon="11.71840094961226">
        <ele>5.9</ele>
      </trkpt>
      <trkpt lat="44.84284727834165" lon="11.718691466376185">
        <ele>5.88</ele>
      </trkpt>
      <trkpt lat="44.842740995809436" lon="11.71898097731173">
        <ele>5.93</ele>
      </trkpt>
      <trkpt lat="44.84265332110226" lon="11.719209887087345">
        <ele>6.01</ele>
      </trkpt>
      <trkpt lat="44.842565981671214" lon="11.719437958672643">
        <ele>6.0</ele>
      </trkpt>
      <trkpt lat="44.84249683097005" lon="11.719675920903683">
        <ele>5.93</ele>
      </trkpt>
      <trkpt lat="44.84242793172598" lon="11.719912961125374">
        <ele>5.82</ele>
      </trkpt>
      <trkpt lat="44.84238149598241" lon="11.720299534499645">
        <ele>5.67</ele>
      </trkpt>
      <trkpt lat="44.84233506023884" lon="11.720686191692948">
        <ele>5.56</ele>
      </trkpt>
      <trkpt lat="44.842288959771395" lon="11.721069999039173">
        <ele>5.45</ele>
      </trkpt>
      <trkpt lat="44.8422749619931" lon="11.721179969608784">
        <ele>5.34</ele>
      </trkpt>
      <trkpt lat="44.84225492924452" lon="11.721362946555018">
        <ele>5.22</ele>
      </trkpt>
      <trkpt lat="44.8422385007143" lon="11.721719428896904">
        <ele>5.1</ele>
      </trkpt>
      <trkpt lat="44.842222072184086" lon="11.72207591123879">
        <ele>4.95</ele>
      </trkpt>
      <trkpt lat="44.84220564365387" lon="11.722432393580675">
        <ele>4.83</ele>
      </trkpt>
      <trkpt lat="44.84218921512365" lon="11.72278887592256">
        <ele>4.71</ele>
      </trkpt>
      <trkpt lat="44.8421729542315" lon="11.723140999674797">
        <ele>4.56</ele>
      </trkpt>
      <trkpt lat="44.8421729542315" lon="11.723426152020693">
        <ele>4.45</ele>
      </trkpt>
      <trkpt lat="44.8421729542315" lon="11.723709963262081">
        <ele>4.3</ele>
      </trkpt>
      <trkpt lat="44.842009926214814" lon="11.723720943555236">
        <ele>4.16</ele>
      </trkpt>
      <trkpt lat="44.8417463991791" lon="11.72386335209012">
        <ele>4.05</ele>
      </trkpt>
      <trkpt lat="44.841482788324356" lon="11.724005676805973">
        <ele>3.86</ele>
      </trkpt>
      <trkpt lat="44.84121917746961" lon="11.724148085340858">
        <ele>3.62</ele>
      </trkpt>
      <trkpt lat="44.840955566614866" lon="11.72429041005671">
        <ele>3.44</ele>
      </trkpt>
      <trkpt lat="44.84069195576012" lon="11.724432818591595">
        <ele>3.39</ele>
      </trkpt>
      <trkpt lat="44.840428344905376" lon="11.724575143307447">
        <ele>3.25</ele>
      </trkpt>
      <trkpt lat="44.840163979679346" lon="11.72471797093749">
        <ele>3.04</ele>
      </trkpt>
      <trkpt lat="44.83990472741425" lon="11.72490505501628">
        <ele>2.81</ele>
      </trkpt>
      <trkpt lat="44.839645475149155" lon="11.725092139095068">
        <ele>2.66</ele>
      </trkpt>
      <trkpt lat="44.83938622288406" lon="11.725279223173857">
        <ele>2.57</ele>
      </trkpt>
      <trkpt lat="44.83912697061896" lon="11.725466223433614">
        <ele>2.49</ele>
      </trkpt>
      <trkpt lat="44.83886771835387" lon="11.725653307512403">
        <ele>2.37</ele>
      </trkpt>
      <trkpt lat="44.83860846608877" lon="11.725840391591191">
        <ele>2.34</ele>
      </trkpt>
      <trkpt lat="44.838349213823676" lon="11.72602747566998">
        <ele>2.27</ele>
      </trkpt>
      <trkpt lat="44.83808996155858" lon="11.726214559748769">
        <ele>2.15</ele>
      </trkpt>
      <trkpt lat="44.837830709293485" lon="11.726401643827558">
        <ele>2.07</ele>
      </trkpt>
      <trkpt lat="44.8375709541142" lon="11.726588979363441">
        <ele>2.06</ele>
      </trkpt>
      <trkpt lat="44.837431982159615" lon="11.72671596519649">
        <ele>2.08</ele>
      </trkpt>
      <trkpt lat="44.837241964414716" lon="11.726943952962756">
        <ele>2.11</ele>
      </trkpt>
      <trkpt lat="44.83705194666982" lon="11.727266991510987">
        <ele>2.13</ele>
      </trkpt>
      <trkpt lat="44.836880369111896" lon="11.727621462196112">
        <ele>2.23</ele>
      </trkpt>
      <trkpt lat="44.836708791553974" lon="11.727976016700268">
        <ele>2.29</ele>
      </trkpt>
      <trkpt lat="44.83653721399605" lon="11.728330487385392">
        <ele>2.42</ele>
      </trkpt>
      <trkpt lat="44.83636563643813" lon="11.728685041889548">
        <ele>2.41</ele>
      </trkpt>
      <trkpt lat="44.83619405888021" lon="11.729039512574673">
        <ele>2.42</ele>
      </trkpt>
      <trkpt lat="44.83602399006486" lon="11.729390965774655">
        <ele>2.47</ele>
      </trkpt>
      <trkpt lat="44.83596892096102" lon="11.729485932737589">
        <ele>2.52</ele>
      </trkpt>
      <trkpt lat="44.83576976694167" lon="11.72975767403841">
        <ele>2.6</ele>
      </trkpt>
      <trkpt lat="44.83557069674134" lon="11.730029415339231">
        <ele>2.66</ele>
      </trkpt>
      <trkpt lat="44.83537154272199" lon="11.730301072821021">
        <ele>2.74</ele>
      </trkpt>
      <trkpt lat="44.83517238870263" lon="11.730572814121842">
        <ele>2.81</ele>
      </trkpt>
      <trkpt lat="44.834973234683275" lon="11.730844471603632">
        <ele>2.95</ele>
      </trkpt>
      <trkpt lat="44.83477491885424" lon="11.731114955618978">
        <ele>3.04</ele>
      </trkpt>
      <trkpt lat="44.834552463144064" lon="11.731415865942836">
        <ele>3.12</ele>
      </trkpt>
      <trkpt lat="44.83432992361486" lon="11.731716776266694">
        <ele>3.23</ele>
      </trkpt>
      <trkpt lat="44.83410797081888" lon="11.732016932219267">
        <ele>3.35</ele>
      </trkpt>
      <trkpt lat="44.83389993198216" lon="11.73221499659121">
        <ele>3.38</ele>
      </trkpt>
      <trkpt lat="44.83383983373642" lon="11.732440888881683">
        <ele>3.4</ele>
      </trkpt>
      <trkpt lat="44.833779986947775" lon="11.73266594298184">
        <ele>3.46</ele>
      </trkpt>
      <trkpt lat="44.83371879905462" lon="11.732959980145097">
        <ele>3.5</ele>
      </trkpt>
      <trkpt lat="44.8336576949805" lon="11.733253933489323">
        <ele>3.54</ele>
      </trkpt>
      <trkpt lat="44.83359692618251" lon="11.733545958995819">
        <ele>3.51</ele>
      </trkpt>
      <trkpt lat="44.833653923124075" lon="11.733611924573779">
        <ele>3.5</ele>
      </trkpt>
      <trkpt lat="44.833851400762796" lon="11.733713932335377">
        <ele>3.5</ele>
      </trkpt>
      <trkpt lat="44.83404896222055" lon="11.733815940096974">
        <ele>3.5</ele>
      </trkpt>
      <trkpt lat="44.83422489836812" lon="11.733905877918005">
        <ele>3.48</ele>
      </trkpt>
      <trkpt lat="44.83440091833472" lon="11.733995983377099">
        <ele>3.45</ele>
      </trkpt>
      <trkpt lat="44.83458599075675" lon="11.734022973105311">
        <ele>3.38</ele>
      </trkpt>
      <trkpt lat="44.83484599739313" lon="11.733896993100643">
        <ele>3.23</ele>
      </trkpt>
      <trkpt lat="44.83508345670998" lon="11.733707981184125">
        <ele>3.12</ele>
      </trkpt>
      <trkpt lat="44.83532091602683" lon="11.733518969267607">
        <ele>3.12</ele>
      </trkpt>
      <trkpt lat="44.83555837534368" lon="11.733329957351089">
        <ele>3.09</ele>
      </trkpt>
      <trkpt lat="44.83579591847956" lon="11.73314094543457">
        <ele>3.07</ele>
      </trkpt>
      <trkpt lat="44.83598216436803" lon="11.732839616015553">
        <ele>2.98</ele>
      </trkpt>
      <trkpt lat="44.836167991161346" lon="11.73253895714879">
        <ele>2.86</ele>
      </trkpt>
      <trkpt lat="44.8363708332181" lon="11.732261767610908">
        <ele>2.74</ele>
      </trkpt>
      <trkpt lat="44.83657375909388" lon="11.731984578073025">
        <ele>2.69</ele>
      </trkpt>
      <trkpt lat="44.836776684969664" lon="11.73170730471611">
        <ele>2.61</ele>
      </trkpt>
      <trkpt lat="44.83697894029319" lon="11.731430953368545">
        <ele>2.53</ele>
      </trkpt>
      <trkpt lat="44.83716803602874" lon="11.731207827106118">
        <ele>2.42</ele>
      </trkpt>
      <trkpt lat="44.83735713176429" lon="11.730984700843692">
        <ele>2.34</ele>
      </trkpt>
      <trkpt lat="44.83754597604275" lon="11.730761993676424">
        <ele>2.26</ele>
      </trkpt>
      <trkpt lat="44.837817968800664" lon="11.730556972324848">
        <ele>2.18</ele>
      </trkpt>
      <trkpt lat="44.838071689009666" lon="11.730397380888462">
        <ele>2.08</ele>
      </trkpt>
      <trkpt lat="44.8383254930377" lon="11.730237705633044">
        <ele>1.99</ele>
      </trkpt>
      <trkpt lat="44.8385792132467" lon="11.730078114196658">
        <ele>1.91</ele>
      </trkpt>
      <trkpt lat="44.838832933455706" lon="11.729918522760272">
        <ele>1.87</ele>
      </trkpt>
      <trkpt lat="44.83908673748374" lon="11.729758847504854">
        <ele>1.79</ele>
      </trkpt>
      <trkpt lat="44.83934096060693" lon="11.729598920792341">
        <ele>1.77</ele>
      </trkpt>
      <trkpt lat="44.83955293893814" lon="11.72940194606781">
        <ele>1.81</ele>
      </trkpt>
      <trkpt lat="44.83971546404064" lon="11.729119308292866">
        <ele>1.81</ele>
      </trkpt>
      <trkpt lat="44.83987798914313" lon="11.728836670517921">
        <ele>1.86</ele>
      </trkpt>
      <trkpt lat="44.84003992751241" lon="11.728554954752326">
        <ele>1.93</ele>
      </trkpt>
      <trkpt lat="44.84009591862559" lon="11.728399973362684">
        <ele>1.98</ele>
      </trkpt>
      <trkpt lat="44.84014210291207" lon="11.728169973939657">
        <ele>2.05</ele>
      </trkpt>
      <trkpt lat="44.84018795192242" lon="11.72794098034501">
        <ele>2.1</ele>
      </trkpt>
      <trkpt lat="44.84028694219887" lon="11.727727996185422">
        <ele>2.17</ele>
      </trkpt>
      <trkpt lat="44.840524066239595" lon="11.727484920993447">
        <ele>2.3</ele>
      </trkpt>
      <trkpt lat="44.84076093882322" lon="11.727241929620504">
        <ele>2.46</ele>
      </trkpt>
      <trkpt lat="44.84089555218816" lon="11.727046798914671">
        <ele>2.6</ele>
      </trkpt>
      <trkpt lat="44.84102999791503" lon="11.726851919665933">
        <ele>2.77</ele>
      </trkpt>
      <trkpt lat="44.8412421438843" lon="11.726549668237567">
        <ele>2.9</ele>
      </trkpt>
      <trkpt lat="44.841453954577446" lon="11.726247919723392">
        <ele>2.97</ele>
      </trkpt>
      <trkpt lat="44.8416375182569" lon="11.726028565317392">
        <ele>3.11</ele>
      </trkpt>
      <trkpt lat="44.84182116575539" lon="11.725809210911393">
        <ele>3.21</ele>
      </trkpt>
      <trkpt lat="44.84200472943485" lon="11.725589856505394">
        <ele>3.32</ele>
      </trkpt>
      <trkpt lat="44.84218795783818" lon="11.725370921194553">
        <ele>3.45</ele>
      </trkpt>
      <trkpt lat="44.842188293114305" lon="11.725416015833616">
        <ele>3.56</ele>
      </trkpt>
      <trkpt lat="44.84219105914235" lon="11.725777611136436">
        <ele>3.65</ele>
      </trkpt>
      <trkpt lat="44.842194244265556" lon="11.726184217259288">
        <ele>3.76</ele>
      </trkpt>
      <trkpt lat="44.84219734556973" lon="11.726590907201171">
        <ele>3.87</ele>
      </trkpt>
      <trkpt lat="44.842200530692935" lon="11.726997513324022">
        <ele>3.94</ele>
      </trkpt>
      <trkpt lat="44.84220363199711" lon="11.727404203265905">
        <ele>4.04</ele>
      </trkpt>
      <trkpt lat="44.842206817120314" lon="11.727810809388757">
        <ele>4.09</ele>
      </trkpt>
      <trkpt lat="44.84220991842449" lon="11.728217415511608">
        <ele>4.1</ele>
      </trkpt>
      <trkpt lat="44.84221293590963" lon="11.728615975007415">
        <ele>4.08</ele>
      </trkpt>
      <trkpt lat="44.842195166274905" lon="11.729004057124257">
        <ele>4.1</ele>
      </trkpt>
      <trkpt lat="44.84217748045921" lon="11.7293921392411">
        <ele>4.1</ele>
      </trkpt>
      <trkpt lat="44.84215971082449" lon="11.729780305176973">
        <ele>3.99</ele>
      </trkpt>
      <trkpt lat="44.842141941189766" lon="11.730168387293816">
        <ele>3.9</ele>
      </trkpt>
      <trkpt lat="44.84212417155504" lon="11.730556469410658">
        <ele>3.89</ele>
      </trkpt>
      <trkpt lat="44.84210640192032" lon="11.730944635346532">
        <ele>3.92</ele>
      </trkpt>
      <trkpt lat="44.84208896756172" lon="11.731325928121805">
        <ele>3.92</ele>
      </trkpt>
      <trkpt lat="44.84204135835171" lon="11.731577552855015">
        <ele>3.9</ele>
      </trkpt>
      <trkpt lat="44.84199391677976" lon="11.731827920302749">
        <ele>3.87</ele>
      </trkpt>
      <trkpt lat="44.84188771806657" lon="11.732142912223935">
        <ele>3.87</ele>
      </trkpt>
      <trkpt lat="44.84178151935339" lon="11.73245782032609">
        <ele>3.84</ele>
      </trkpt>
      <trkpt lat="44.84167599119246" lon="11.732770968228579">
        <ele>3.79</ele>
      </trkpt>
      <trkpt lat="44.841605918481946" lon="11.733003985136747">
        <ele>3.74</ele>
      </trkpt>
      <trkpt lat="44.84157398343086" lon="11.733212945982814">
        <ele>3.73</ele>
      </trkpt>
      <trkpt lat="44.84160692431033" lon="11.733378991484642">
        <ele>3.71</ele>
      </trkpt>
      <trkpt lat="44.841722175478935" lon="11.733652409166098">
        <ele>3.73</ele>
      </trkpt>
      <trkpt lat="44.841836923733354" lon="11.733924988657236">
        <ele>3.73</ele>
      </trkpt>
      <trkpt lat="44.841958712786436" lon="11.734312232583761">
        <ele>3.73</ele>
      </trkpt>
      <trkpt lat="44.84208041802049" lon="11.734699476510286">
        <ele>3.68</ele>
      </trkpt>
      <trkpt lat="44.84220220707357" lon="11.735086720436811">
        <ele>3.59</ele>
      </trkpt>
      <trkpt lat="44.84232299029827" lon="11.735470946878195">
        <ele>3.53</ele>
      </trkpt>
      <trkpt lat="44.842422399669886" lon="11.735836314037442">
        <ele>3.52</ele>
      </trkpt>
      <trkpt lat="44.8425218090415" lon="11.73620168119669">
        <ele>3.52</ele>
      </trkpt>
      <trkpt lat="44.842621218413115" lon="11.736567048355937">
        <ele>3.55</ele>
      </trkpt>
      <trkpt lat="44.84272062778473" lon="11.736932331696153">
        <ele>3.61</ele>
      </trkpt>
      <trkpt lat="44.84281894750893" lon="11.737293926998973">
        <ele>3.58</ele>
      </trkpt>
      <trkpt lat="44.84294936992228" lon="11.737623503431678">
        <ele>3.59</ele>
      </trkpt>
      <trkpt lat="44.84307979233563" lon="11.737953079864383">
        <ele>3.67</ele>
      </trkpt>
      <trkpt lat="44.84321021474898" lon="11.738282656297088">
        <ele>3.75</ele>
      </trkpt>
      <trkpt lat="44.84334063716233" lon="11.73861214891076">
        <ele>3.8</ele>
      </trkpt>
      <trkpt lat="44.843469969928265" lon="11.73893895931542">
        <ele>3.94</ele>
      </trkpt>
      <trkpt lat="44.84353291802108" lon="11.739190919324756">
        <ele>4.08</ele>
      </trkpt>
      <trkpt lat="44.84360651113093" lon="11.739620408043265">
        <ele>4.25</ele>
      </trkpt>
      <trkpt lat="44.84368002042174" lon="11.740049896761775">
        <ele>4.37</ele>
      </trkpt>
      <trkpt lat="44.84375361353159" lon="11.740479385480285">
        <ele>4.55</ele>
      </trkpt>
      <trkpt lat="44.843827122822404" lon="11.740908958017826">
        <ele>4.66</ele>
      </trkpt>
      <trkpt lat="44.84390071593225" lon="11.741338446736336">
        <ele>4.83</ele>
      </trkpt>
      <trkpt lat="44.843974225223064" lon="11.741767935454845">
        <ele>4.89</ele>
      </trkpt>
      <trkpt lat="44.84404781833291" lon="11.742197424173355">
        <ele>5.06</ele>
      </trkpt>
      <trkpt lat="44.84411998651922" lon="11.742618950083852">
        <ele>5.2</ele>
      </trkpt>
      <trkpt lat="44.844193160533905" lon="11.742957076057792">
        <ele>5.26</ele>
      </trkpt>
      <trkpt lat="44.84426625072956" lon="11.7432951182127">
        <ele>5.36</ele>
      </trkpt>
      <trkpt lat="44.84433892183006" lon="11.743630981072783">
        <ele>5.49</ele>
      </trkpt>
      <trkpt lat="44.84440740197897" lon="11.744042951613665">
        <ele>5.64</ele>
      </trkpt>
      <trkpt lat="44.84447579830885" lon="11.744454838335514">
        <ele>5.83</ele>
      </trkpt>
      <trkpt lat="44.84454419463873" lon="11.744866808876395">
        <ele>6.01</ele>
      </trkpt>
      <trkpt lat="44.844611920416355" lon="11.745274923741817">
        <ele>6.12</ele>
      </trkpt>
      <trkpt lat="44.844690626487136" lon="11.745603661984205">
        <ele>6.17</ele>
      </trkpt>
      <trkpt lat="44.84476899728179" lon="11.745930975303054">
        <ele>6.24</ele>
      </trkpt>
      <trkpt lat="44.8448720946908" lon="11.746188886463642">
        <ele>6.29</ele>
      </trkpt>
      <trkpt lat="44.844974940642715" lon="11.746445959433913">
        <ele>6.39</ele>
      </trkpt>
      <trkpt lat="44.84517350792885" lon="11.746771596372128">
        <ele>6.49</ele>
      </trkpt>
      <trkpt lat="44.84537207521498" lon="11.747097317129374">
        <ele>6.59</ele>
      </trkpt>
      <trkpt lat="44.84556997194886" lon="11.747421948239207">
        <ele>6.67</ele>
      </trkpt>
      <trkpt lat="44.84557558782399" lon="11.747428150847554">
        <ele>6.7</ele>
      </trkpt>
      <trkpt lat="44.8457960318774" lon="11.747670555487275">
        <ele>6.66</ele>
      </trkpt>
      <trkpt lat="44.84602192416787" lon="11.74791899509728">
        <ele>6.58</ele>
      </trkpt>
      <trkpt lat="44.84624857082963" lon="11.748167518526316">
        <ele>6.53</ele>
      </trkpt>
      <trkpt lat="44.84647496603429" lon="11.74841595813632">
        <ele>6.51</ele>
      </trkpt>
      <trkpt lat="44.846756933256984" lon="11.7486069817096">
        <ele>6.55</ele>
      </trkpt>
      <trkpt lat="44.84701098874211" lon="11.748725501820445">
        <ele>6.55</ele>
      </trkpt>
      <trkpt lat="44.84726504422724" lon="11.74884402193129">
        <ele>6.5</ele>
      </trkpt>
      <trkpt lat="44.8475191835314" lon="11.748962542042136">
        <ele>6.43</ele>
      </trkpt>
      <trkpt lat="44.84777323901653" lon="11.749081062152982">
        <ele>6.33</ele>
      </trkpt>
      <trkpt lat="44.848027965053916" lon="11.749199917539954">
        <ele>6.22</ele>
      </trkpt>
      <trkpt lat="44.84829677268863" lon="11.749301673844457">
        <ele>6.11</ele>
      </trkpt>
      <trkpt lat="44.84856558032334" lon="11.749403346329927">
        <ele>5.99</ele>
      </trkpt>
      <trkpt lat="44.84883447177708" lon="11.749505018815398">
        <ele>5.84</ele>
      </trkpt>
      <trkpt lat="44.84910327941179" lon="11.749606691300869">
        <ele>5.72</ele>
      </trkpt>
      <trkpt lat="44.849372087046504" lon="11.74970836378634">
        <ele>5.65</ele>
      </trkpt>
      <trkpt lat="44.849640894681215" lon="11.74981003627181">
        <ele>5.57</ele>
      </trkpt>
      <trkpt lat="44.84990970231593" lon="11.749911708757281">
        <ele>5.47</ele>
      </trkpt>
      <trkpt lat="44.85017993487418" lon="11.750013967975974">
        <ele>5.38</ele>
      </trkpt>
      <trkpt lat="44.850350925698876" lon="11.750057972967625">
        <ele>5.28</ele>
      </trkpt>
      <trkpt lat="44.85062375664711" lon="11.75006995908916">
        <ele>5.15</ele>
      </trkpt>
      <trkpt lat="44.85089692287147" lon="11.750081945210695">
        <ele>5.05</ele>
      </trkpt>
      <trkpt lat="44.851177632808685" lon="11.750227874144912">
        <ele>5.02</ele>
      </trkpt>
      <trkpt lat="44.8514583427459" lon="11.750373803079128">
        <ele>5.0</ele>
      </trkpt>
      <trkpt lat="44.851739052683115" lon="11.750519732013345">
        <ele>4.92</ele>
      </trkpt>
      <trkpt lat="44.85201976262033" lon="11.750665660947561">
        <ele>4.84</ele>
      </trkpt>
      <trkpt lat="44.852300472557545" lon="11.750811589881778">
        <ele>4.68</ele>
      </trkpt>
      <trkpt lat="44.852581936866045" lon="11.750957937911153">
        <ele>4.59</ele>
      </trkpt>
      <trkpt lat="44.85258696600795" lon="11.750959949567914">
        <ele>4.52</ele>
      </trkpt>
      <trkpt lat="44.852689979597926" lon="11.751000937074423">
        <ele>4.46</ele>
      </trkpt>
      <trkpt lat="44.85294076614082" lon="11.751085259020329">
        <ele>4.39</ele>
      </trkpt>
      <trkpt lat="44.85319163650274" lon="11.751169664785266">
        <ele>4.34</ele>
      </trkpt>
      <trkpt lat="44.853442423045635" lon="11.751253986731172">
        <ele>4.34</ele>
      </trkpt>
      <trkpt lat="44.85369329340756" lon="11.751338308677077">
        <ele>4.28</ele>
      </trkpt>
      <trkpt lat="44.85394491814077" lon="11.75142296589911">
        <ele>4.23</ele>
      </trkpt>
      <trkpt lat="44.85411792062223" lon="11.75153092481196">
        <ele>4.18</ele>
      </trkpt>
      <trkpt lat="44.85417298972607" lon="11.75161893479526">
        <ele>4.14</ele>
      </trkpt>
      <trkpt lat="44.85424691811204" lon="11.751878941431642">
        <ele>4.06</ele>
      </trkpt>
      <trkpt lat="44.85428706742823" lon="11.752096451818943">
        <ele>4.0</ele>
      </trkpt>
      <trkpt lat="44.85432696528733" lon="11.752312956377864">
        <ele>3.97</ele>
      </trkpt>
      <trkpt lat="44.854359570890665" lon="11.752644795924425">
        <ele>3.92</ele>
      </trkpt>
      <trkpt lat="44.85439192503691" lon="11.752974959090352">
        <ele>3.88</ele>
      </trkpt>
      <trkpt lat="44.85440634191036" lon="11.753405034542084">
        <ele>3.82</ele>
      </trkpt>
      <trkpt lat="44.854420674964786" lon="11.753835109993815">
        <ele>3.79</ele>
      </trkpt>
      <trkpt lat="44.85443492420018" lon="11.75426191650331">
        <ele>3.79</ele>
      </trkpt>
      <trkpt lat="44.854429475963116" lon="11.754565676674247">
        <ele>3.77</ele>
      </trkpt>
      <trkpt lat="44.85442394390702" lon="11.754867928102612">
        <ele>3.78</ele>
      </trkpt>
      <trkpt lat="44.85436409711838" lon="11.755229271948338">
        <ele>3.76</ele>
      </trkpt>
      <trkpt lat="44.8543041665107" lon="11.755590615794063">
        <ele>3.69</ele>
      </trkpt>
      <trkpt lat="44.854244319722056" lon="11.755951959639788">
        <ele>3.63</ele>
      </trkpt>
      <trkpt lat="44.8541849758476" lon="11.756309950724244">
        <ele>3.66</ele>
      </trkpt>
      <trkpt lat="44.854132337495685" lon="11.756520420312881">
        <ele>3.68</ele>
      </trkpt>
      <trkpt lat="44.85407995060086" lon="11.75672996789217">
        <ele>3.7</ele>
      </trkpt>
      <trkpt lat="44.85396050848067" lon="11.757050156593323">
        <ele>3.72</ele>
      </trkpt>
      <trkpt lat="44.853841150179505" lon="11.757370261475444">
        <ele>3.81</ele>
      </trkpt>
      <trkpt lat="44.85372170805931" lon="11.757690450176597">
        <ele>3.85</ele>
      </trkpt>
      <trkpt lat="44.85360234975815" lon="11.75801063887775">
        <ele>3.89</ele>
      </trkpt>
      <trkpt lat="44.853483997285366" lon="11.758327977731824">
        <ele>3.89</ele>
      </trkpt>
      <trkpt lat="44.853364722803235" lon="11.758689489215612">
        <ele>3.91</ele>
      </trkpt>
      <trkpt lat="44.853245532140136" lon="11.75905091688037">
        <ele>3.88</ele>
      </trkpt>
      <trkpt lat="44.853126257658005" lon="11.759412428364158">
        <ele>3.9</ele>
      </trkpt>
      <trkpt lat="44.853007066994905" lon="11.759773939847946">
        <ele>3.89</ele>
      </trkpt>
      <trkpt lat="44.85288896597922" lon="11.760131930932403">
        <ele>3.9</ele>
      </trkpt>
      <trkpt lat="44.85280581749976" lon="11.760331755504012">
        <ele>3.9</ele>
      </trkpt>
      <trkpt lat="44.85272292047739" lon="11.7605309933424">
        <ele>3.9</ele>
      </trkpt>
      <trkpt lat="44.85259375534952" lon="11.760792341083288">
        <ele>3.89</ele>
      </trkpt>
      <trkpt lat="44.85246459022164" lon="11.761053688824177">
        <ele>3.9</ele>
      </trkpt>
      <trkpt lat="44.85233592800796" lon="11.761313946917653">
        <ele>3.95</ele>
      </trkpt>
      <trkpt lat="44.85225579701364" lon="11.761512262746692">
        <ele>4.0</ele>
      </trkpt>
      <trkpt lat="44.852175917476416" lon="11.761709991842508">
        <ele>4.06</ele>
      </trkpt>
      <trkpt lat="44.85207499936223" lon="11.762117939069867">
        <ele>4.11</ele>
      </trkpt>
      <trkpt lat="44.85203132964671" lon="11.762407617643476">
        <ele>4.16</ele>
      </trkpt>
      <trkpt lat="44.85198799520731" lon="11.762695955112576">
        <ele>4.17</ele>
      </trkpt>
      <trkpt lat="44.85189797356725" lon="11.762870969250798">
        <ele>4.17</ele>
      </trkpt>
      <trkpt lat="44.8518019169569" lon="11.762927966192365">
        <ele>4.17</ele>
      </trkpt>
      <trkpt lat="44.85160494223237" lon="11.76304598338902">
        <ele>4.15</ele>
      </trkpt>
      <trkpt lat="44.85138709656894" lon="11.763138938695192">
        <ele>4.13</ele>
      </trkpt>
      <trkpt lat="44.85116899944842" lon="11.763231977820396">
        <ele>4.14</ele>
      </trkpt>
      <trkpt lat="44.85088024288416" lon="11.763242958113551">
        <ele>4.16</ele>
      </trkpt>
      <trkpt lat="44.85059098340571" lon="11.763253938406706">
        <ele>4.19</ele>
      </trkpt>
      <trkpt lat="44.85038395039737" lon="11.763300960883498">
        <ele>4.23</ele>
      </trkpt>
      <trkpt lat="44.85023299232125" lon="11.763398442417383">
        <ele>4.31</ele>
      </trkpt>
      <trkpt lat="44.8500819504261" lon="11.763495923951268">
        <ele>4.39</ele>
      </trkpt>
      <trkpt lat="44.84992294572294" lon="11.76362793892622">
        <ele>4.49</ele>
      </trkpt>
      <trkpt lat="44.84976394101977" lon="11.763759953901172">
        <ele>4.6</ele>
      </trkpt>
      <trkpt lat="44.84959655441344" lon="11.763863386586308">
        <ele>4.7</ele>
      </trkpt>
      <trkpt lat="44.84942891635001" lon="11.763966986909509">
        <ele>4.81</ele>
      </trkpt>
      <trkpt lat="44.84924451448023" lon="11.76405692473054">
        <ele>4.9</ele>
      </trkpt>
      <trkpt lat="44.849059944972396" lon="11.764146946370602">
        <ele>4.97</ele>
      </trkpt>
      <trkpt lat="44.84902599826455" lon="11.764262951910496">
        <ele>5.03</ele>
      </trkpt>
      <trkpt lat="44.84916999936104" lon="11.76431399770081">
        <ele>5.15</ele>
      </trkpt>
      <trkpt lat="44.849291956052184" lon="11.76444391719997">
        <ele>5.25</ele>
      </trkpt>
      <trkpt lat="44.84937694855034" lon="11.764581967145205">
        <ele>5.34</ele>
      </trkpt>
      <trkpt lat="44.849397987127304" lon="11.764615997672081">
        <ele>5.41</ele>
      </trkpt>
      <trkpt lat="44.84951407648623" lon="11.764812637120485">
        <ele>5.48</ele>
      </trkpt>
      <trkpt lat="44.84962999820709" lon="11.765008941292763">
        <ele>5.52</ele>
      </trkpt>
      <trkpt lat="44.84984817914665" lon="11.765325693413615">
        <ele>5.6</ele>
      </trkpt>
      <trkpt lat="44.8500663600862" lon="11.7656425293535">
        <ele>5.69</ele>
      </trkpt>
      <trkpt lat="44.85028454102576" lon="11.765959281474352">
        <ele>5.69</ele>
      </trkpt>
      <trkpt lat="44.85050196759403" lon="11.766274943947792">
        <ele>5.73</ele>
      </trkpt>
      <trkpt lat="44.85049677081406" lon="11.766279973089695">
        <ele>5.73</ele>
      </trkpt>
      <trkpt lat="44.850284960120916" lon="11.76648792810738">
        <ele>5.72</ele>
      </trkpt>
      <trkpt lat="44.85010173171759" lon="11.766790263354778">
        <ele>5.73</ele>
      </trkpt>
      <trkpt lat="44.849918922409415" lon="11.767091928049922">
        <ele>5.71</ele>
      </trkpt>
      <trkpt lat="44.850085554644465" lon="11.767272055149078">
        <ele>5.6</ele>
      </trkpt>
      <trkpt lat="44.85025193542242" lon="11.76745193079114">
        <ele>5.48</ele>
      </trkpt>
      <trkpt lat="44.85044924542308" lon="11.767638763412833">
        <ele>5.33</ele>
      </trkpt>
      <trkpt lat="44.85064655542374" lon="11.767825512215495">
        <ele>5.17</ele>
      </trkpt>
      <trkpt lat="44.85084378160536" lon="11.768012261018157">
        <ele>5.0</ele>
      </trkpt>
      <trkpt lat="44.85104092396796" lon="11.768198926001787">
        <ele>4.88</ele>
      </trkpt>
      <trkpt lat="44.85102457925677" lon="11.76860662177205">
        <ele>4.71</ele>
      </trkpt>
      <trkpt lat="44.85100823454559" lon="11.769014317542315">
        <ele>4.53</ele>
      </trkpt>
      <trkpt lat="44.850991973653436" lon="11.769418995827436">
        <ele>4.34</ele>
      </trkpt>
      <trkpt lat="44.85097520984709" lon="11.769826607778668">
        <ele>4.14</ele>
      </trkpt>
      <trkpt lat="44.85095852985978" lon="11.770234303548932">
        <ele>3.91</ele>
      </trkpt>
      <trkpt lat="44.8509419336915" lon="11.770638981834054">
        <ele>3.78</ele>
      </trkpt>
      <trkpt lat="44.85092525370419" lon="11.771046677604318">
        <ele>3.62</ele>
      </trkpt>
      <trkpt lat="44.85090857371688" lon="11.77145428955555">
        <ele>3.4</ele>
      </trkpt>
      <trkpt lat="44.8508919775486" lon="11.771858967840672">
        <ele>3.29</ele>
      </trkpt>
      <trkpt lat="44.850971437990665" lon="11.77215057425201">
        <ele>3.15</ele>
      </trkpt>
      <trkpt lat="44.85105098225176" lon="11.772442180663347">
        <ele>3.02</ele>
      </trkpt>
      <trkpt lat="44.85112993977964" lon="11.772731943055987">
        <ele>2.87</ele>
      </trkpt>
      <trkpt lat="44.851241670548916" lon="11.77307358942926">
        <ele>2.67</ele>
      </trkpt>
      <trkpt lat="44.851352982223034" lon="11.773413978517056">
        <ele>2.54</ele>
      </trkpt>
      <trkpt lat="44.85151634551585" lon="11.77373182028532">
        <ele>2.38</ele>
      </trkpt>
      <trkpt lat="44.85167979262769" lon="11.774049578234553">
        <ele>2.31</ele>
      </trkpt>
      <trkpt lat="44.85184323973954" lon="11.774367420002818">
        <ele>2.22</ele>
      </trkpt>
      <trkpt lat="44.85200660303235" lon="11.774685261771083">
        <ele>2.16</ele>
      </trkpt>
      <trkpt lat="44.85216896049678" lon="11.775000924244523">
        <ele>2.07</ele>
      </trkpt>
      <trkpt lat="44.85230709426105" lon="11.775216674432158">
        <ele>1.99</ele>
      </trkpt>
      <trkpt lat="44.85244497656822" lon="11.775431921705604">
        <ele>1.94</ele>
      </trkpt>
      <trkpt lat="44.852689979597926" lon="11.775630991905928">
        <ele>1.87</ele>
      </trkpt>
      <trkpt lat="44.852839931845665" lon="11.775691928341985">
        <ele>1.78</ele>
      </trkpt>
      <trkpt lat="44.853144865483046" lon="11.775770299136639">
        <ele>1.73</ele>
      </trkpt>
      <trkpt lat="44.853449715301394" lon="11.775848753750324">
        <ele>1.68</ele>
      </trkpt>
      <trkpt lat="44.85375456511974" lon="11.775927124544978">
        <ele>1.59</ele>
      </trkpt>
      <trkpt lat="44.854059498757124" lon="11.776005495339632">
        <ele>1.53</ele>
      </trkpt>
      <trkpt lat="44.85436434857547" lon="11.776083866134286">
        <ele>1.55</ele>
      </trkpt>
      <trkpt lat="44.85466919839382" lon="11.77616223692894">
        <ele>1.57</ele>
      </trkpt>
      <trkpt lat="44.8549741320312" lon="11.776240607723594">
        <ele>1.56</ele>
      </trkpt>
      <trkpt lat="44.85527898184955" lon="11.776318978518248">
        <ele>1.54</ele>
      </trkpt>
      <trkpt lat="44.85558592714369" lon="11.776397936046124">
        <ele>1.53</ele>
      </trkpt>
      <trkpt lat="44.85563999041915" lon="11.776479994878173">
        <ele>1.52</ele>
      </trkpt>
      <trkpt lat="44.855674942955375" lon="11.776809990406036">
        <ele>1.56</ele>
      </trkpt>
      <trkpt lat="44.85568609088659" lon="11.777247609570622">
        <ele>1.52</ele>
      </trkpt>
      <trkpt lat="44.85569715499878" lon="11.77768531255424">
        <ele>1.49</ele>
      </trkpt>
      <trkpt lat="44.855708219110966" lon="11.778123015537858">
        <ele>1.46</ele>
      </trkpt>
      <trkpt lat="44.855719367042184" lon="11.778560634702444">
        <ele>1.47</ele>
      </trkpt>
      <trkpt lat="44.85573043115437" lon="11.778998337686062">
        <ele>1.43</ele>
      </trkpt>
      <trkpt lat="44.85574157908559" lon="11.77943604066968">
        <ele>1.47</ele>
      </trkpt>
      <trkpt lat="44.855752643197775" lon="11.779873743653297">
        <ele>1.47</ele>
      </trkpt>
      <trkpt lat="44.85576379112899" lon="11.780311362817883">
        <ele>1.46</ele>
      </trkpt>
      <trkpt lat="44.85577485524118" lon="11.780749065801501">
        <ele>1.45</ele>
      </trkpt>
      <trkpt lat="44.855785919353366" lon="11.781186768785119">
        <ele>1.39</ele>
      </trkpt>
      <trkpt lat="44.855797067284584" lon="11.781624471768737">
        <ele>1.39</ele>
      </trkpt>
      <trkpt lat="44.85580813139677" lon="11.782062090933323">
        <ele>1.41</ele>
      </trkpt>
      <trkpt lat="44.85581927932799" lon="11.78249979391694">
        <ele>1.37</ele>
      </trkpt>
      <trkpt lat="44.855830343440175" lon="11.782937496900558">
        <ele>1.35</ele>
      </trkpt>
      <trkpt lat="44.85584149137139" lon="11.783375116065145">
        <ele>1.4</ele>
      </trkpt>
      <trkpt lat="44.85585255548358" lon="11.783812819048762">
        <ele>1.42</ele>
      </trkpt>
      <trkpt lat="44.85586294904351" lon="11.784231998026371">
        <ele>1.36</ele>
      </trkpt>
      <trkpt lat="44.85582992434502" lon="11.784495944157243">
        <ele>1.37</ele>
      </trkpt>
      <trkpt lat="44.855782985687256" lon="11.784601975232363">
        <ele>1.39</ele>
      </trkpt>
      <trkpt lat="44.85559640452266" lon="11.784921996295452">
        <ele>1.46</ele>
      </trkpt>
      <trkpt lat="44.85540990717709" lon="11.785242017358541">
        <ele>1.43</ele>
      </trkpt>
      <trkpt lat="44.855223996564746" lon="11.785560948774219">
        <ele>1.36</ele>
      </trkpt>
      <trkpt lat="44.854937084019184" lon="11.785690197721124">
        <ele>1.38</ele>
      </trkpt>
      <trkpt lat="44.854650255292654" lon="11.785819446668029">
        <ele>1.34</ele>
      </trkpt>
      <trkpt lat="44.854362923651934" lon="11.78594894707203">
        <ele>1.38</ele>
      </trkpt>
      <trkpt lat="44.854169972240925" lon="11.786221945658326">
        <ele>1.4</ele>
      </trkpt>
      <trkpt lat="44.85402395948768" lon="11.78650894202292">
        <ele>1.4</ele>
      </trkpt>
      <trkpt lat="44.853981379419565" lon="11.786811193451285">
        <ele>1.39</ele>
      </trkpt>
      <trkpt lat="44.85393896698952" lon="11.78711193613708">
        <ele>1.34</ele>
      </trkpt>
      <trkpt lat="44.85388297587633" lon="11.787336990237236">
        <ele>1.32</ele>
      </trkpt>
      <trkpt lat="44.853769317269325" lon="11.78753069601953">
        <ele>1.33</ele>
      </trkpt>
      <trkpt lat="44.853655993938446" lon="11.787723982706666">
        <ele>1.36</ele>
      </trkpt>
      <trkpt lat="44.853490954265" lon="11.78807895630598">
        <ele>1.43</ele>
      </trkpt>
      <trkpt lat="44.853416942059994" lon="11.788493944332004">
        <ele>1.47</ele>
      </trkpt>
      <trkpt lat="44.85341199673712" lon="11.788855958729982">
        <ele>1.54</ele>
      </trkpt>
      <trkpt lat="44.853476621210575" lon="11.789115043357015">
        <ele>1.6</ele>
      </trkpt>
      <trkpt lat="44.85354099422693" lon="11.789372954517603">
        <ele>1.62</ele>
      </trkpt>
      <trkpt lat="44.853578712791204" lon="11.789714768528938">
        <ele>1.62</ele>
      </trkpt>
      <trkpt lat="44.85361651517451" lon="11.790056582540274">
        <ele>1.68</ele>
      </trkpt>
      <trkpt lat="44.853653982281685" lon="11.79039596579969">
        <ele>1.75</ele>
      </trkpt>
      <trkpt lat="44.85370955429971" lon="11.790657062083483">
        <ele>1.75</ele>
      </trkpt>
      <trkpt lat="44.853764958679676" lon="11.790916984900832">
        <ele>1.77</ele>
      </trkpt>
      <trkpt lat="44.8537689819932" lon="11.791286962106824">
        <ele>1.73</ele>
      </trkpt>
      <trkpt lat="44.85365750268102" lon="11.791610838845372">
        <ele>1.78</ele>
      </trkpt>
      <trkpt lat="44.853546023368835" lon="11.791934631764889">
        <ele>1.88</ele>
      </trkpt>
      <trkpt lat="44.853434627875686" lon="11.792258508503437">
        <ele>1.91</ele>
      </trkpt>
      <trkpt lat="44.85332398675382" lon="11.792579954490066">
        <ele>1.92</ele>
      </trkpt>
      <trkpt lat="44.85327294096351" lon="11.792860999703407">
        <ele>1.94</ele>
      </trkpt>
      <trkpt lat="44.85329448245466" lon="11.793285543099046">
        <ele>2.02</ele>
      </trkpt>
      <trkpt lat="44.85331594012678" lon="11.793707991018891">
        <ele>2.07</ele>
      </trkpt>
      <trkpt lat="44.85334100201726" lon="11.793946539983153">
        <ele>2.07</ele>
      </trkpt>
      <trkpt lat="44.85336598008871" lon="11.794183999300003">
        <ele>2.08</ele>
      </trkpt>
      <trkpt lat="44.853412080556154" lon="11.794480299577117">
        <ele>2.09</ele>
      </trkpt>
      <trkpt lat="44.8534581810236" lon="11.794776683673263">
        <ele>2.05</ele>
      </trkpt>
      <trkpt lat="44.853503946214914" lon="11.795070972293615">
        <ele>1.98</ele>
      </trkpt>
      <trkpt lat="44.853529930114746" lon="11.79544597864151">
        <ele>1.98</ele>
      </trkpt>
      <trkpt lat="44.853529930114746" lon="11.795786954462528">
        <ele>2.0</ele>
      </trkpt>
      <trkpt lat="44.85349296592176" lon="11.796111920848489">
        <ele>2.02</ele>
      </trkpt>
      <trkpt lat="44.85342892818153" lon="11.796380979940295">
        <ele>2.04</ele>
      </trkpt>
      <trkpt lat="44.85327939502895" lon="11.796764954924583">
        <ele>2.04</ele>
      </trkpt>
      <trkpt lat="44.85312977805734" lon="11.797148929908872">
        <ele>2.02</ele>
      </trkpt>
      <trkpt lat="44.85298099927604" lon="11.79753097705543">
        <ele>1.99</ele>
      </trkpt>
      <trkpt lat="44.85291679389775" lon="11.797757958993316">
        <ele>1.96</ele>
      </trkpt>
      <trkpt lat="44.85285292379558" lon="11.79798393510282">
        <ele>1.93</ele>
      </trkpt>
      <trkpt lat="44.852801878005266" lon="11.798327509313822">
        <ele>1.86</ele>
      </trkpt>
      <trkpt lat="44.85275074839592" lon="11.798671083524823">
        <ele>1.81</ele>
      </trkpt>
      <trkpt lat="44.85269961878657" lon="11.799014657735825">
        <ele>1.75</ele>
      </trkpt>
      <trkpt lat="44.85264899209142" lon="11.799354963004589">
        <ele>1.72</ele>
      </trkpt>
      <trkpt lat="44.85256399959326" lon="11.799709936603904">
        <ele>1.66</ele>
      </trkpt>
      <trkpt lat="44.85248194076121" lon="11.79989693686366">
        <ele>1.67</ele>
      </trkpt>
      <trkpt lat="44.852387979626656" lon="11.800017971545458">
        <ele>1.68</ele>
      </trkpt>
      <trkpt lat="44.852196956053376" lon="11.800205474719405">
        <ele>1.72</ele>
      </trkpt>
      <trkpt lat="44.8520059324801" lon="11.800392977893353">
        <ele>1.7</ele>
      </trkpt>
      <trkpt lat="44.85184784978628" lon="11.800574529916048">
        <ele>1.72</ele>
      </trkpt>
      <trkpt lat="44.85168993473053" lon="11.800755998119712">
        <ele>1.72</ele>
      </trkpt>
      <trkpt lat="44.851492960006" lon="11.80105498060584">
        <ele>1.78</ele>
      </trkpt>
      <trkpt lat="44.85138894058764" lon="11.801293948665261">
        <ele>1.83</ele>
      </trkpt>
      <trkpt lat="44.85133898444474" lon="11.801532916724682">
        <ele>1.86</ele>
      </trkpt>
      <trkpt lat="44.851313922554255" lon="11.801826199516654">
        <ele>1.92</ele>
      </trkpt>
      <trkpt lat="44.8512889444828" lon="11.802117973566055">
        <ele>1.95</ele>
      </trkpt>
      <trkpt lat="44.85126840882003" lon="11.802558023482561">
        <ele>1.92</ele>
      </trkpt>
      <trkpt lat="44.851247956976295" lon="11.802995977923274">
        <ele>1.94</ele>
      </trkpt>
      <trkpt lat="44.85125591978431" lon="11.803253972902894">
        <ele>1.97</ele>
      </trkpt>
      <trkpt lat="44.85134996473789" lon="11.803409960120916">
        <ele>2.03</ele>
      </trkpt>
      <trkpt lat="44.85143294557929" lon="11.803432926535606">
        <ele>2.08</ele>
      </trkpt>
      <trkpt lat="44.85160980373621" lon="11.803407445549965">
        <ele>2.12</ele>
      </trkpt>
      <trkpt lat="44.851786997169256" lon="11.803381964564323">
        <ele>2.13</ele>
      </trkpt>
      <trkpt lat="44.85186494886875" lon="11.803385987877846">
        <ele>2.13</ele>
      </trkpt>
      <trkpt lat="44.85193267464638" lon="11.80344290100038">
        <ele>2.12</ele>
      </trkpt>
      <trkpt lat="44.85193393193185" lon="11.803443990647793">
        <ele>2.11</ele>
      </trkpt>
      <trkpt lat="44.85204893164337" lon="11.80330996401608">
        <ele>2.1</ele>
      </trkpt>
      <trkpt lat="44.85218899324536" lon="11.803206950426102">
        <ele>2.05</ele>
      </trkpt>
      <trkpt lat="44.85246333293617" lon="11.803059009835124">
        <ele>1.98</ele>
      </trkpt>
      <trkpt lat="44.85273792408407" lon="11.802910985425115">
        <ele>1.95</ele>
      </trkpt>
      <trkpt lat="44.85301888547838" lon="11.802807049825788">
        <ele>1.92</ele>
      </trkpt>
      <trkpt lat="44.853299763053656" lon="11.80270311422646">
        <ele>1.89</ele>
      </trkpt>
      <trkpt lat="44.853580640628934" lon="11.802599178627133">
        <ele>1.85</ele>
      </trkpt>
      <trkpt lat="44.853861602023244" lon="11.802495243027806">
        <ele>1.81</ele>
      </trkpt>
      <trkpt lat="44.85414247959852" lon="11.80239130742848">
        <ele>1.74</ele>
      </trkpt>
      <trkpt lat="44.8544233571738" lon="11.802287371829152">
        <ele>1.64</ele>
      </trkpt>
      <trkpt lat="44.85470431856811" lon="11.802183436229825">
        <ele>1.61</ele>
      </trkpt>
      <trkpt lat="44.85498519614339" lon="11.802079500630498">
        <ele>1.6</ele>
      </trkpt>
      <trkpt lat="44.85526607371867" lon="11.80197556503117">
        <ele>1.6</ele>
      </trkpt>
      <trkpt lat="44.85554703511298" lon="11.801871713250875">
        <ele>1.59</ele>
      </trkpt>
      <trkpt lat="44.85582992434502" lon="11.801766939461231">
        <ele>1.57</ele>
      </trkpt>
      <trkpt lat="44.85611298121512" lon="11.80163492448628">
        <ele>1.54</ele>
      </trkpt>
      <trkpt lat="44.85626201145351" lon="11.801500981673598">
        <ele>1.47</ele>
      </trkpt>
      <trkpt lat="44.85641095787287" lon="11.801366955041885">
        <ele>1.44</ele>
      </trkpt>
      <trkpt lat="44.85665202140808" lon="11.801114995032549">
        <ele>1.44</ele>
      </trkpt>
      <trkpt lat="44.856893084943295" lon="11.800863118842244">
        <ele>1.48</ele>
      </trkpt>
      <trkpt lat="44.85713423229754" lon="11.800611158832908">
        <ele>1.49</ele>
      </trkpt>
      <trkpt lat="44.85737529583275" lon="11.800359198823571">
        <ele>1.44</ele>
      </trkpt>
      <trkpt lat="44.85761635936797" lon="11.800107322633266">
        <ele>1.45</ele>
      </trkpt>
      <trkpt lat="44.85785742290318" lon="11.79985536262393">
        <ele>1.46</ele>
      </trkpt>
      <trkpt lat="44.8580979835242" lon="11.799603989347816">
        <ele>1.48</ele>
      </trkpt>
      <trkpt lat="44.85834793187678" lon="11.79942101240158">
        <ele>1.48</ele>
      </trkpt>
      <trkpt lat="44.858597880229354" lon="11.799238035455346">
        <ele>1.53</ele>
      </trkpt>
      <trkpt lat="44.85884782858193" lon="11.799055058509111">
        <ele>1.6</ele>
      </trkpt>
      <trkpt lat="44.859097776934505" lon="11.798872081562877">
        <ele>1.62</ele>
      </trkpt>
      <trkpt lat="44.85934772528708" lon="11.798689104616642">
        <ele>1.64</ele>
      </trkpt>
      <trkpt lat="44.85959792509675" lon="11.798505960032344">
        <ele>1.61</ele>
      </trkpt>
      <trkpt lat="44.859759444370866" lon="11.798387942835689">
        <ele>1.64</ele>
      </trkpt>
      <trkpt lat="44.85992096364498" lon="11.798269925639033">
        <ele>1.63</ele>
      </trkpt>
      <trkpt lat="44.86006647348404" lon="11.798147466033697">
        <ele>1.62</ele>
      </trkpt>
      <trkpt lat="44.8602119833231" lon="11.79802492260933">
        <ele>1.6</ele>
      </trkpt>
      <trkpt lat="44.86039814539254" lon="11.797716887667775">
        <ele>1.67</ele>
      </trkpt>
      <trkpt lat="44.86058439128101" lon="11.79740876890719">
        <ele>1.74</ele>
      </trkpt>
      <trkpt lat="44.86077055335045" lon="11.797100733965635">
        <ele>1.77</ele>
      </trkpt>
      <trkpt lat="44.8609559610486" lon="11.796793956309557">
        <ele>1.77</ele>
      </trkpt>
      <trkpt lat="44.8611219227314" lon="11.796639980748296">
        <ele>1.73</ele>
      </trkpt>
      <trkpt lat="44.86133289523423" lon="11.79651701822877">
        <ele>1.69</ele>
      </trkpt>
      <trkpt lat="44.86154395155609" lon="11.796393971890211">
        <ele>1.67</ele>
      </trkpt>
      <trkpt lat="44.861707985401154" lon="11.796209989115596">
        <ele>1.67</ele>
      </trkpt>
      <trkpt lat="44.86181368120015" lon="11.795879825949669">
        <ele>1.72</ele>
      </trkpt>
      <trkpt lat="44.86191937699914" lon="11.795549662783742">
        <ele>1.76</ele>
      </trkpt>
      <trkpt lat="44.86202507279813" lon="11.795219583436847">
        <ele>1.7</ele>
      </trkpt>
      <trkpt lat="44.86212993040681" lon="11.794891934841871">
        <ele>1.68</ele>
      </trkpt>
      <trkpt lat="44.86226303502917" lon="11.794565627351403">
        <ele>1.68</ele>
      </trkpt>
      <trkpt lat="44.862396055832505" lon="11.794239236041903">
        <ele>1.66</ele>
      </trkpt>
      <trkpt lat="44.86252916045487" lon="11.793912844732404">
        <ele>1.71</ele>
      </trkpt>
      <trkpt lat="44.8626621812582" lon="11.793586453422904">
        <ele>1.77</ele>
      </trkpt>
      <trkpt lat="44.862795202061534" lon="11.793260062113404">
        <ele>1.78</ele>
      </trkpt>
      <trkpt lat="44.86292696557939" lon="11.792936939746141">
        <ele>1.82</ele>
      </trkpt>
      <trkpt lat="44.862999552860856" lon="11.792723536491394">
        <ele>1.87</ele>
      </trkpt>
      <trkpt lat="44.86307197250426" lon="11.792510971426964">
        <ele>1.88</ele>
      </trkpt>
      <trkpt lat="44.863173393532634" lon="11.79212967865169">
        <ele>1.93</ele>
      </trkpt>
      <trkpt lat="44.86327489838004" lon="11.791748385876417">
        <ele>1.88</ele>
      </trkpt>
      <trkpt lat="44.86337631940842" lon="11.791367093101144">
        <ele>1.87</ele>
      </trkpt>
      <trkpt lat="44.86347698606551" lon="11.790988985449076">
        <ele>1.98</ele>
      </trkpt>
      <trkpt lat="44.863567845895886" lon="11.790612805634737">
        <ele>2.01</ele>
      </trkpt>
      <trkpt lat="44.863658705726266" lon="11.79023670963943">
        <ele>2.01</ele>
      </trkpt>
      <trkpt lat="44.86374897882342" lon="11.789862960577011">
        <ele>2.0</ele>
      </trkpt>
      <trkpt lat="44.86385593190789" lon="11.789557943120599">
        <ele>2.05</ele>
      </trkpt>
      <trkpt lat="44.86396296881139" lon="11.78936398588121">
        <ele>2.07</ele>
      </trkpt>
      <trkpt lat="44.86418760381639" lon="11.789053184911609">
        <ele>2.03</ele>
      </trkpt>
      <trkpt lat="44.86441232264042" lon="11.78874246776104">
        <ele>1.99</ele>
      </trkpt>
      <trkpt lat="44.864636957645416" lon="11.78843175061047">
        <ele>2.01</ele>
      </trkpt>
      <trkpt lat="44.86486092209816" lon="11.78812195546925">
        <ele>2.04</ele>
      </trkpt>
      <trkpt lat="44.86503778025508" lon="11.787821464240551">
        <ele>2.05</ele>
      </trkpt>
      <trkpt lat="44.86521455459297" lon="11.78752088919282">
        <ele>2.08</ele>
      </trkpt>
      <trkpt lat="44.865391328930855" lon="11.787220314145088">
        <ele>2.11</ele>
      </trkpt>
      <trkpt lat="44.865568187087774" lon="11.786919822916389">
        <ele>2.14</ele>
      </trkpt>
      <trkpt lat="44.86574395559728" lon="11.786620924249291">
        <ele>2.21</ele>
      </trkpt>
      <trkpt lat="44.865916622802615" lon="11.786276260390878">
        <ele>2.22</ele>
      </trkpt>
      <trkpt lat="44.86608937382698" lon="11.785931596532464">
        <ele>2.28</ele>
      </trkpt>
      <trkpt lat="44.866262041032314" lon="11.785586848855019">
        <ele>2.38</ele>
      </trkpt>
      <trkpt lat="44.86643479205668" lon="11.785242184996605">
        <ele>2.45</ele>
      </trkpt>
      <trkpt lat="44.86660745926201" lon="11.784897521138191">
        <ele>2.49</ele>
      </trkpt>
      <trkpt lat="44.86678021028638" lon="11.784552773460746">
        <ele>2.47</ele>
      </trkpt>
      <trkpt lat="44.86695287749171" lon="11.784208109602332">
        <ele>2.4</ele>
      </trkpt>
      <trkpt lat="44.86712562851608" lon="11.783863445743918">
        <ele>2.32</ele>
      </trkpt>
      <trkpt lat="44.86729829572141" lon="11.783518698066473">
        <ele>2.31</ele>
      </trkpt>
      <trkpt lat="44.867470962926745" lon="11.78317403420806">
        <ele>2.37</ele>
      </trkpt>
      <trkpt lat="44.86764371395111" lon="11.782829286530614">
        <ele>2.46</ele>
      </trkpt>
      <trkpt lat="44.867816381156445" lon="11.7824846226722">
        <ele>2.45</ele>
      </trkpt>
      <trkpt lat="44.867985947057605" lon="11.78214599378407">
        <ele>2.34</ele>
      </trkpt>
      <trkpt lat="44.86800296232104" lon="11.782113974913955">
        <ele>2.31</ele>
      </trkpt>
      <trkpt lat="44.86806599423289" lon="11.782013978809118">
        <ele>2.27</ele>
      </trkpt>
      <trkpt lat="44.86828920431435" lon="11.781715415418148">
        <ele>2.22</ele>
      </trkpt>
      <trkpt lat="44.86851241439581" lon="11.781416852027178">
        <ele>2.19</ele>
      </trkpt>
      <trkpt lat="44.86873562447727" lon="11.781118288636208">
        <ele>2.15</ele>
      </trkpt>
      <trkpt lat="44.868958834558725" lon="11.780819725245237">
        <ele>2.14</ele>
      </trkpt>
      <trkpt lat="44.86918204464018" lon="11.780521245673299">
        <ele>2.05</ele>
      </trkpt>
      <trkpt lat="44.86940533854067" lon="11.780222682282329">
        <ele>2.0</ele>
      </trkpt>
      <trkpt lat="44.86962854862213" lon="11.779924118891358">
        <ele>2.01</ele>
      </trkpt>
      <trkpt lat="44.86985175870359" lon="11.779625555500388">
        <ele>1.97</ele>
      </trkpt>
      <trkpt lat="44.87007496878505" lon="11.779326992109418">
        <ele>1.94</ele>
      </trkpt>
      <trkpt lat="44.870298178866506" lon="11.779028428718448">
        <ele>2.0</ele>
      </trkpt>
      <trkpt lat="44.870521388947964" lon="11.778729865327477">
        <ele>2.01</ele>
      </trkpt>
      <trkpt lat="44.87074468284845" lon="11.778431301936507">
        <ele>1.97</ele>
      </trkpt>
      <trkpt lat="44.87096789292991" lon="11.778132738545537">
        <ele>1.88</ele>
      </trkpt>
      <trkpt lat="44.87119110301137" lon="11.777834175154567">
        <ele>1.84</ele>
      </trkpt>
      <trkpt lat="44.87141431309283" lon="11.777535611763597">
        <ele>1.85</ele>
      </trkpt>
      <trkpt lat="44.871637523174286" lon="11.777237048372626">
        <ele>1.91</ele>
      </trkpt>
      <trkpt lat="44.8718579672277" lon="11.776941921561956">
        <ele>1.96</ele>
      </trkpt>
      <trkpt lat="44.872001968324184" lon="11.776790963485837">
        <ele>2.01</ele>
      </trkpt>
      <trkpt lat="44.87207497470081" lon="11.77675399929285">
        <ele>2.07</ele>
      </trkpt>
      <trkpt lat="44.87230044789612" lon="11.776710664853454">
        <ele>2.14</ele>
      </trkpt>
      <trkpt lat="44.87252592109144" lon="11.776667330414057">
        <ele>2.22</ele>
      </trkpt>
      <trkpt lat="44.872751981019974" lon="11.77662399597466">
        <ele>2.28</ele>
      </trkpt>
      <trkpt lat="44.872989943251014" lon="11.776617961004376">
        <ele>2.4</ele>
      </trkpt>
      <trkpt lat="44.87319295294583" lon="11.776649979874492">
        <ele>2.53</ele>
      </trkpt>
      <trkpt lat="44.87336293794215" lon="11.776757938787341">
        <ele>2.71</ele>
      </trkpt>
      <trkpt lat="44.873596457764506" lon="11.776946699246764">
        <ele>2.91</ele>
      </trkpt>
      <trkpt lat="44.873829977586865" lon="11.777135459706187">
        <ele>3.08</ele>
      </trkpt>
      <trkpt lat="44.87406341359019" lon="11.77732422016561">
        <ele>3.26</ele>
      </trkpt>
      <trkpt lat="44.87429693341255" lon="11.777512980625033">
        <ele>3.47</ele>
      </trkpt>
      <trkpt lat="44.87451394088566" lon="11.777641978114843">
        <ele>3.64</ele>
      </trkpt>
      <trkpt lat="44.8747019469738" lon="11.777694951742887">
        <ele>3.8</ele>
      </trkpt>
      <trkpt lat="44.87480596639216" lon="11.777689922600985">
        <ele>3.95</ele>
      </trkpt>
      <trkpt lat="44.87495692446828" lon="11.77754893898964">
        <ele>4.09</ele>
      </trkpt>
      <trkpt lat="44.87510696053505" lon="11.77724895067513">
        <ele>4.2</ele>
      </trkpt>
      <trkpt lat="44.875205950811505" lon="11.776869921013713">
        <ele>4.4</ele>
      </trkpt>
      <trkpt lat="44.87525607459247" lon="11.776518635451794">
        <ele>4.62</ele>
      </trkpt>
      <trkpt lat="44.87530594691634" lon="11.776168942451477">
        <ele>4.81</ele>
      </trkpt>
      <trkpt lat="44.875378953292966" lon="11.775847999379039">
        <ele>4.95</ele>
      </trkpt>
      <trkpt lat="44.87546210177243" lon="11.775635601952672">
        <ele>5.05</ele>
      </trkpt>
      <trkpt lat="44.875544998794794" lon="11.77542395889759">
        <ele>5.11</ele>
      </trkpt>
      <trkpt lat="44.87560593523085" lon="11.775330919772387">
        <ele>5.18</ele>
      </trkpt>
      <trkpt lat="44.875677935779095" lon="11.775291943922639">
        <ele>5.22</ele>
      </trkpt>
      <trkpt lat="44.87575295381248" lon="11.775296973064542">
        <ele>5.24</ele>
      </trkpt>
      <trkpt lat="44.87581699155271" lon="11.775344917550683">
        <ele>5.24</ele>
      </trkpt>
      <trkpt lat="44.87588496878743" lon="11.775461928918958">
        <ele>5.24</ele>
      </trkpt>
      <trkpt lat="44.87595093436539" lon="11.775654964148998">
        <ele>5.22</ele>
      </trkpt>
      <trkpt lat="44.87604615278542" lon="11.776062324643135">
        <ele>5.08</ele>
      </trkpt>
      <trkpt lat="44.87614095211029" lon="11.776467924937606">
        <ele>4.92</ele>
      </trkpt>
      <trkpt lat="44.87624044530094" lon="11.776762213557959">
        <ele>4.8</ele>
      </trkpt>
      <trkpt lat="44.876340022310615" lon="11.77705641835928">
        <ele>4.68</ele>
      </trkpt>
      <trkpt lat="44.87643892876804" lon="11.777348946779966">
        <ele>4.55</ele>
      </trkpt>
      <trkpt lat="44.876558957621455" lon="11.777594955638051">
        <ele>4.39</ele>
      </trkpt>
      <trkpt lat="44.87677713856101" lon="11.777872145175934">
        <ele>4.2</ele>
      </trkpt>
      <trkpt lat="44.87699498422444" lon="11.77814899943769">
        <ele>4.02</ele>
      </trkpt>
      <trkpt lat="44.87712792120874" lon="11.778368940576911">
        <ele>3.86</ele>
      </trkpt>
      <trkpt lat="44.877264965325594" lon="11.778743946924806">
        <ele>3.68</ele>
      </trkpt>
      <trkpt lat="44.877284998074174" lon="11.778867999091744">
        <ele>3.51</ele>
      </trkpt>
      <trkpt lat="44.877325063571334" lon="11.779226828366518">
        <ele>3.34</ele>
      </trkpt>
      <trkpt lat="44.877365129068494" lon="11.779585657641292">
        <ele>3.24</ele>
      </trkpt>
      <trkpt lat="44.87740368582308" lon="11.779930824413896">
        <ele>3.13</ele>
      </trkpt>
      <trkpt lat="44.87740494310856" lon="11.779941972345114">
        <ele>2.96</ele>
      </trkpt>
      <trkpt lat="44.87769529223442" lon="11.780054876580834">
        <ele>2.8</ele>
      </trkpt>
      <trkpt lat="44.87798597663641" lon="11.780167948454618">
        <ele>2.55</ele>
      </trkpt>
      <trkpt lat="44.878259394317865" lon="11.78020759485662">
        <ele>2.36</ele>
      </trkpt>
      <trkpt lat="44.87853281199932" lon="11.780247241258621">
        <ele>2.21</ele>
      </trkpt>
      <trkpt lat="44.87880698405206" lon="11.780286971479654">
        <ele>2.06</ele>
      </trkpt>
      <trkpt lat="44.87909121438861" lon="11.78036693483591">
        <ele>1.91</ele>
      </trkpt>
      <trkpt lat="44.879375947639346" lon="11.780446982011199">
        <ele>1.75</ele>
      </trkpt>
      <trkpt lat="44.87967627122998" lon="11.780575895681977">
        <ele>1.65</ele>
      </trkpt>
      <trkpt lat="44.879976930096745" lon="11.780704976990819">
        <ele>1.59</ele>
      </trkpt>
      <trkpt lat="44.88015789538622" lon="11.780809918418527">
        <ele>1.5</ele>
      </trkpt>
      <trkpt lat="44.880338944494724" lon="11.780914943665266">
        <ele>1.4</ele>
      </trkpt>
      <trkpt lat="44.88052695058286" lon="11.781080989167094">
        <ele>1.28</ele>
      </trkpt>
      <trkpt lat="44.880714956671" lon="11.78124695084989">
        <ele>1.19</ele>
      </trkpt>
      <trkpt lat="44.880789974704385" lon="11.781388940289617">
        <ele>1.14</ele>
      </trkpt>
      <trkpt lat="44.880852587521076" lon="11.781634949147701">
        <ele>1.1</ele>
      </trkpt>
      <trkpt lat="44.88091494888067" lon="11.781879952177405">
        <ele>1.07</ele>
      </trkpt>
      <trkpt lat="44.8809721134603" lon="11.782286893576384">
        <ele>1.04</ele>
      </trkpt>
      <trkpt lat="44.881028942763805" lon="11.782691990956664">
        <ele>1.02</ele>
      </trkpt>
      <trkpt lat="44.88102290779352" lon="11.782928025349975">
        <ele>1.04</ele>
      </trkpt>
      <trkpt lat="44.88101695664227" lon="11.783162970095873">
        <ele>1.1</ele>
      </trkpt>
      <trkpt lat="44.88095283508301" lon="11.783572426065803">
        <ele>1.11</ele>
      </trkpt>
      <trkpt lat="44.88088896498084" lon="11.783979954198003">
        <ele>1.12</ele>
      </trkpt>
      <trkpt lat="44.88081612624228" lon="11.784293269738555">
        <ele>1.22</ele>
      </trkpt>
      <trkpt lat="44.88074328750372" lon="11.784606669098139">
        <ele>1.27</ele>
      </trkpt>
      <trkpt lat="44.88067095167935" lon="11.78491797298193">
        <ele>1.31</ele>
      </trkpt>
      <trkpt lat="44.880565758794546" lon="11.785180913284421">
        <ele>1.37</ele>
      </trkpt>
      <trkpt lat="44.8804609850049" lon="11.785442931577563">
        <ele>1.38</ele>
      </trkpt>
      <trkpt lat="44.88039284013212" lon="11.785680977627635">
        <ele>1.44</ele>
      </trkpt>
      <trkpt lat="44.88032494671643" lon="11.785917934030294">
        <ele>1.52</ele>
      </trkpt>
      <trkpt lat="44.880297956988215" lon="11.786178946495056">
        <ele>1.64</ele>
      </trkpt>
      <trkpt lat="44.8802934307605" lon="11.786598041653633">
        <ele>1.71</ele>
      </trkpt>
      <trkpt lat="44.88028890453279" lon="11.787017052993178">
        <ele>1.78</ele>
      </trkpt>
      <trkpt lat="44.88028446212411" lon="11.787436064332724">
        <ele>1.8</ele>
      </trkpt>
      <trkpt lat="44.8802799358964" lon="11.787850968539715">
        <ele>1.91</ele>
      </trkpt>
      <trkpt lat="44.88024892285466" lon="11.788198314607143">
        <ele>2.0</ele>
      </trkpt>
      <trkpt lat="44.88021799363196" lon="11.788543984293938">
        <ele>2.07</ele>
      </trkpt>
      <trkpt lat="44.88022092729807" lon="11.788651943206787">
        <ele>2.13</ele>
      </trkpt>
      <trkpt lat="44.880276918411255" lon="11.788857970386744">
        <ele>2.19</ele>
      </trkpt>
      <trkpt lat="44.880444975569844" lon="11.789119988679886">
        <ele>2.25</ele>
      </trkpt>
      <trkpt lat="44.88064697943628" lon="11.789347976446152">
        <ele>2.34</ele>
      </trkpt>
      <trkpt lat="44.88075493834913" lon="11.789509998634458">
        <ele>2.4</ele>
      </trkpt>
      <trkpt lat="44.8808219935745" lon="11.789677971974015">
        <ele>2.45</ele>
      </trkpt>
      <trkpt lat="44.88089315593243" lon="11.790027413517237">
        <ele>2.48</ele>
      </trkpt>
      <trkpt lat="44.88096431829035" lon="11.790376855060458">
        <ele>2.5</ele>
      </trkpt>
      <trkpt lat="44.88103497773409" lon="11.790723949670792">
        <ele>2.42</ele>
      </trkpt>
      <trkpt lat="44.881135979667306" lon="11.791069954633713">
        <ele>2.33</ele>
      </trkpt>
      <trkpt lat="44.88124863244593" lon="11.791380001232028">
        <ele>2.32</ele>
      </trkpt>
      <trkpt lat="44.88136094994843" lon="11.791688958182931">
        <ele>2.34</ele>
      </trkpt>
      <trkpt lat="44.88152791745961" lon="11.791997998952866">
        <ele>2.32</ele>
      </trkpt>
      <trkpt lat="44.88165498711169" lon="11.79215599782765">
        <ele>2.32</ele>
      </trkpt>
      <trkpt lat="44.88189395517111" lon="11.792431930080056">
        <ele>2.36</ele>
      </trkpt>
      <trkpt lat="44.881995962932706" lon="11.792593952268362">
        <ele>2.38</ele>
      </trkpt>
      <trkpt lat="44.882057067006826" lon="11.792799895629287">
        <ele>2.35</ele>
      </trkpt>
      <trkpt lat="44.88211791962385" lon="11.793004916980863">
        <ele>2.28</ele>
      </trkpt>
      <trkpt lat="44.88211967982352" lon="11.793363830074668">
        <ele>2.16</ele>
      </trkpt>
      <trkpt lat="44.882121440023184" lon="11.793722743168473">
        <ele>2.09</ele>
      </trkpt>
      <trkpt lat="44.88212320022285" lon="11.794081656262279">
        <ele>2.04</ele>
      </trkpt>
      <trkpt lat="44.882124960422516" lon="11.79443696513772">
        <ele>1.99</ele>
      </trkpt>
      <trkpt lat="44.882147926837206" lon="11.794782970100641">
        <ele>1.88</ele>
      </trkpt>
      <trkpt lat="44.88219704478979" lon="11.795016489923">
        <ele>1.82</ele>
      </trkpt>
      <trkpt lat="44.88224599510431" lon="11.795248920097947">
        <ele>1.77</ele>
      </trkpt>
      <trkpt lat="44.882334088906646" lon="11.795485373586416">
        <ele>1.72</ele>
      </trkpt>
      <trkpt lat="44.88242193125188" lon="11.795720988884568">
        <ele>1.68</ele>
      </trkpt>
      <trkpt lat="44.882534919306636" lon="11.795959956943989">
        <ele>1.64</ele>
      </trkpt>
      <trkpt lat="44.88265662454069" lon="11.796175204217434">
        <ele>1.64</ele>
      </trkpt>
      <trkpt lat="44.88277799449861" lon="11.796389948576689">
        <ele>1.62</ele>
      </trkpt>
      <trkpt lat="44.882994666695595" lon="11.796692200005054">
        <ele>1.59</ele>
      </trkpt>
      <trkpt lat="44.88321091979742" lon="11.79699394851923">
        <ele>1.52</ele>
      </trkpt>
      <trkpt lat="44.88329499028623" lon="11.79716695100069">
        <ele>1.49</ele>
      </trkpt>
      <trkpt lat="44.883366990834475" lon="11.79740097373724">
        <ele>1.46</ele>
      </trkpt>
      <trkpt lat="44.883431950584054" lon="11.797738932073116">
        <ele>1.46</ele>
      </trkpt>
      <trkpt lat="44.883457934483886" lon="11.79806993342936">
        <ele>1.49</ele>
      </trkpt>
      <trkpt lat="44.88344997167587" lon="11.798348966985941">
        <ele>1.5</ele>
      </trkpt>
      <trkpt lat="44.8834193777293" lon="11.798605537042022">
        <ele>1.49</ele>
      </trkpt>
      <trkpt lat="44.883388951420784" lon="11.798860933631659">
        <ele>1.49</ele>
      </trkpt>
      <trkpt lat="44.8834019433707" lon="11.799062937498093">
        <ele>1.49</ele>
      </trkpt>
      <trkpt lat="44.883455922827125" lon="11.799301989376545">
        <ele>1.49</ele>
      </trkpt>
      <trkpt lat="44.88354510627687" lon="11.799626117572188">
        <ele>1.47</ele>
      </trkpt>
      <trkpt lat="44.88363395445049" lon="11.799948988482356">
        <ele>1.52</ele>
      </trkpt>
      <trkpt lat="44.883822966367006" lon="11.800200948491693">
        <ele>1.54</ele>
      </trkpt>
      <trkpt lat="44.88400594331324" lon="11.800338998436928">
        <ele>1.52</ele>
      </trkpt>
      <trkpt lat="44.88413594663143" lon="11.800506971776485">
        <ele>1.49</ele>
      </trkpt>
      <trkpt lat="44.88431322388351" lon="11.800836883485317">
        <ele>1.48</ele>
      </trkpt>
      <trkpt lat="44.8844899982214" lon="11.801165957003832">
        <ele>1.53</ele>
      </trkpt>
      <trkpt lat="44.884654115885496" lon="11.801440799608827">
        <ele>1.54</ele>
      </trkpt>
      <trkpt lat="44.8848179820925" lon="11.801714971661568">
        <ele>1.55</ele>
      </trkpt>
      <trkpt lat="44.8849043995142" lon="11.802034405991435">
        <ele>1.55</ele>
      </trkpt>
      <trkpt lat="44.8849908169359" lon="11.80235375650227">
        <ele>1.57</ele>
      </trkpt>
      <trkpt lat="44.885077234357595" lon="11.802673190832138">
        <ele>1.59</ele>
      </trkpt>
      <trkpt lat="44.88516298122704" lon="11.80298994295299">
        <ele>1.58</ele>
      </trkpt>
      <trkpt lat="44.88524805754423" lon="11.803185744211078">
        <ele>1.57</ele>
      </trkpt>
      <trkpt lat="44.88533296622336" lon="11.803380958735943">
        <ele>1.59</ele>
      </trkpt>
      <trkpt lat="44.88546648994088" lon="11.803689412772655">
        <ele>1.61</ele>
      </trkpt>
      <trkpt lat="44.885600013658404" lon="11.8039979506284">
        <ele>1.65</ele>
      </trkpt>
      <trkpt lat="44.885732950642705" lon="11.804304979741573">
        <ele>1.69</ele>
      </trkpt>
      <trkpt lat="44.88582598976791" lon="11.804586946964264">
        <ele>1.73</ele>
      </trkpt>
      <trkpt lat="44.88588499836624" lon="11.804880984127522">
        <ele>1.75</ele>
      </trkpt>
      <trkpt lat="44.88590897060931" lon="11.805135961622">
        <ele>1.79</ele>
      </trkpt>
      <trkpt lat="44.88591534085572" lon="11.805546339601278">
        <ele>1.87</ele>
      </trkpt>
      <trkpt lat="44.885921627283096" lon="11.805956717580557">
        <ele>1.94</ele>
      </trkpt>
      <trkpt lat="44.88592799752951" lon="11.806363994255662">
        <ele>2.03</ele>
      </trkpt>
      <trkpt lat="44.8859509639442" lon="11.806604973971844">
        <ele>2.09</ele>
      </trkpt>
      <trkpt lat="44.88601793535054" lon="11.806871937587857">
        <ele>2.11</ele>
      </trkpt>
      <trkpt lat="44.8862617649138" lon="11.806776551529765">
        <ele>2.04</ele>
      </trkpt>
      <trkpt lat="44.88650567829609" lon="11.806681081652641">
        <ele>2.08</ele>
      </trkpt>
      <trkpt lat="44.88674950785935" lon="11.806585611775517">
        <ele>2.14</ele>
      </trkpt>
      <trkpt lat="44.88699392415583" lon="11.80648997426033">
        <ele>2.24</ele>
      </trkpt>
      <trkpt lat="44.88706894218922" lon="11.806498942896724">
        <ele>2.29</ele>
      </trkpt>
      <trkpt lat="44.88733096048236" lon="11.806644955649972">
        <ele>2.33</ele>
      </trkpt>
      <trkpt lat="44.88756598904729" lon="11.806664988398552">
        <ele>2.35</ele>
      </trkpt>
      <trkpt lat="44.8876619618386" lon="11.807043934240937">
        <ele>2.31</ele>
      </trkpt>
      <trkpt lat="44.88778199069202" lon="11.80739195086062">
        <ele>2.36</ele>
      </trkpt>
      <trkpt lat="44.887949796393514" lon="11.807699734345078">
        <ele>2.39</ele>
      </trkpt>
      <trkpt lat="44.88811760209501" lon="11.808007517829537">
        <ele>2.42</ele>
      </trkpt>
      <trkpt lat="44.8882854077965" lon="11.808315301313996">
        <ele>2.4</ele>
      </trkpt>
      <trkpt lat="44.888453213497996" lon="11.808623084798455">
        <ele>2.38</ele>
      </trkpt>
      <trkpt lat="44.88861992955208" lon="11.808928940445185">
        <ele>2.33</ele>
      </trkpt>
      <trkpt lat="44.88871959038079" lon="11.809183917939663">
        <ele>2.28</ele>
      </trkpt>
      <trkpt lat="44.8888189997524" lon="11.809437973424792">
        <ele>2.29</ele>
      </trkpt>
      <trkpt lat="44.88890131004155" lon="11.809437973424792">
        <ele>2.27</ele>
      </trkpt>
      <trkpt lat="44.88892897032201" lon="11.809437973424792">
        <ele>2.28</ele>
      </trkpt>
      <trkpt lat="44.889039946720004" lon="11.809444930404425">
        <ele>2.29</ele>
      </trkpt>
      <trkpt lat="44.88904899917543" lon="11.809755396097898">
        <ele>2.31</ele>
      </trkpt>
      <trkpt lat="44.88905796781182" lon="11.810065861791372">
        <ele>2.33</ele>
      </trkpt>
      <trkpt lat="44.889066936448216" lon="11.810373980551958">
        <ele>2.36</ele>
      </trkpt>
      <trkpt lat="44.88911052234471" lon="11.810639603063464">
        <ele>2.41</ele>
      </trkpt>
      <trkpt lat="44.88915394060314" lon="11.810903968289495">
        <ele>2.44</ele>
      </trkpt>
      <trkpt lat="44.88930699415505" lon="11.811118964105844">
        <ele>2.54</ele>
      </trkpt>
      <trkpt lat="44.88935292698443" lon="11.811164980754256">
        <ele>2.58</ele>
      </trkpt>
      <trkpt lat="44.88942492753267" lon="11.811183923855424">
        <ele>2.61</ele>
      </trkpt>
      <trkpt lat="44.889426939189434" lon="11.811333959922194">
        <ele>2.61</ele>
      </trkpt>
      <trkpt lat="44.889472955837846" lon="11.811411995440722">
        <ele>2.61</ele>
      </trkpt>
      <trkpt lat="44.88959298469126" lon="11.81147494353354">
        <ele>2.62</ele>
      </trkpt>
      <trkpt lat="44.8898187931627" lon="11.811445942148566">
        <ele>2.68</ele>
      </trkpt>
      <trkpt lat="44.89004493691027" lon="11.811416940763593">
        <ele>2.68</ele>
      </trkpt>
      <trkpt lat="44.89004795439541" lon="11.811520960181952">
        <ele>2.67</ele>
      </trkpt>
      <trkpt lat="44.890050971880555" lon="11.811618944630027">
        <ele>2.65</ele>
      </trkpt>
      <trkpt lat="44.89026177674532" lon="11.81160343810916">
        <ele>2.62</ele>
      </trkpt>
      <trkpt lat="44.89047291688621" lon="11.811587931588292">
        <ele>2.61</ele>
      </trkpt>
      <trkpt lat="44.89046696573496" lon="11.811482990160584">
        <ele>2.56</ele>
      </trkpt>
      <trkpt lat="44.89048699848354" lon="11.811480978503823">
        <ele>2.49</ele>
      </trkpt>
      <trkpt lat="44.890780029818416" lon="11.811458682641387">
        <ele>2.39</ele>
      </trkpt>
      <trkpt lat="44.891073144972324" lon="11.811436302959919">
        <ele>2.3</ele>
      </trkpt>
      <trkpt lat="44.89136693067849" lon="11.811413923278451">
        <ele>2.21</ele>
      </trkpt>
      <trkpt lat="44.89134790375829" lon="11.810996672138572">
        <ele>2.15</ele>
      </trkpt>
      <trkpt lat="44.89132887683809" lon="11.81057933717966">
        <ele>1.98</ele>
      </trkpt>
      <trkpt lat="44.89130984991789" lon="11.810162086039782">
        <ele>1.82</ele>
      </trkpt>
      <trkpt lat="44.89129099063575" lon="11.809748942032456">
        <ele>1.68</ele>
      </trkpt>
      <trkpt lat="44.891319992020726" lon="11.809673923999071">
        <ele>1.55</ele>
      </trkpt>
      <trkpt lat="44.89137095399201" lon="11.809642994776368">
        <ele>1.42</ele>
      </trkpt>
      <trkpt lat="44.89148494787514" lon="11.809574933722615">
        <ele>1.28</ele>
      </trkpt>
      <trkpt lat="44.8915009573102" lon="11.809472925961018">
        <ele>1.17</ele>
      </trkpt>
      <trkpt lat="44.891484612599015" lon="11.80911141447723">
        <ele>1.07</ele>
      </trkpt>
      <trkpt lat="44.8914681840688" lon="11.808749819174409">
        <ele>1.0</ele>
      </trkpt>
      <trkpt lat="44.891451923176646" lon="11.808390989899635">
        <ele>0.98</ele>
      </trkpt>
      <trkpt lat="44.89143264479935" lon="11.807958902791142">
        <ele>0.89</ele>
      </trkpt>
      <trkpt lat="44.89141336642206" lon="11.80752681568265">
        <ele>0.82</ele>
      </trkpt>
      <trkpt lat="44.89139408804476" lon="11.807094728574157">
        <ele>0.81</ele>
      </trkpt>
      <trkpt lat="44.89137497730553" lon="11.806666916236281">
        <ele>0.79</ele>
      </trkpt>
      <trkpt lat="44.89135569892824" lon="11.806237427517772">
        <ele>0.78</ele>
      </trkpt>
      <trkpt lat="44.89133633673191" lon="11.80580785498023">
        <ele>0.83</ele>
      </trkpt>
      <trkpt lat="44.891317058354616" lon="11.805378282442689">
        <ele>0.82</ele>
      </trkpt>
      <trkpt lat="44.891297947615385" lon="11.804952984675765">
        <ele>0.8</ele>
      </trkpt>
      <trkpt lat="44.891278920695186" lon="11.80453590117395">
        <ele>0.87</ele>
      </trkpt>
      <trkpt lat="44.89125997759402" lon="11.804120996966958">
        <ele>0.92</ele>
      </trkpt>
      <trkpt lat="44.89124623127282" lon="11.80381623096764">
        <ele>0.96</ele>
      </trkpt>
      <trkpt lat="44.89123256877065" lon="11.803511464968324">
        <ele>0.98</ele>
      </trkpt>
      <trkpt lat="44.89121899008751" lon="11.803208962082863">
        <ele>1.06</ele>
      </trkpt>
      <trkpt lat="44.89120189100504" lon="11.802831692621112">
        <ele>1.15</ele>
      </trkpt>
      <trkpt lat="44.8911848757416" lon="11.80245442315936">
        <ele>1.23</ele>
      </trkpt>
      <trkpt lat="44.891167944297194" lon="11.802079919725657">
        <ele>1.33</ele>
      </trkpt>
      <trkpt lat="44.89115796983242" lon="11.801855368539691">
        <ele>1.4</ele>
      </trkpt>
      <trkpt lat="44.891147995367646" lon="11.80163199082017">
        <ele>1.46</ele>
      </trkpt>
      <trkpt lat="44.89113399758935" lon="11.801327979192138">
        <ele>1.53</ele>
      </trkpt>
      <trkpt lat="44.89118093624711" lon="11.801314987242222">
        <ele>1.59</ele>
      </trkpt>
      <trkpt lat="44.891255954280496" lon="11.801233934238553">
        <ele>1.64</ele>
      </trkpt>
      <trkpt lat="44.89128294400871" lon="11.801106948405504">
        <ele>1.69</ele>
      </trkpt>
      <trkpt lat="44.89159047603607" lon="11.801090184599161">
        <ele>1.71</ele>
      </trkpt>
      <trkpt lat="44.891897924244404" lon="11.80107350461185">
        <ele>1.71</ele>
      </trkpt>
      <trkpt lat="44.892205372452736" lon="11.801056740805507">
        <ele>1.8</ele>
      </trkpt>
      <trkpt lat="44.89251399412751" lon="11.801039976999164">
        <ele>1.79</ele>
      </trkpt>
      <trkpt lat="44.89251298829913" lon="11.800950961187482">
        <ele>1.82</ele>
      </trkpt>
      <trkpt lat="44.892695965245366" lon="11.800834955647588">
        <ele>1.84</ele>
      </trkpt>
      <trkpt lat="44.892887994647026" lon="11.800767984241247">
        <ele>1.86</ele>
      </trkpt>
      <trkpt lat="44.89308899268508" lon="11.800761949270964">
        <ele>1.87</ele>
      </trkpt>
      <trkpt lat="44.89318295381963" lon="11.800759937614202">
        <ele>1.85</ele>
      </trkpt>
      <trkpt lat="44.89332393743098" lon="11.800759937614202">
        <ele>1.79</ele>
      </trkpt>
      <trkpt lat="44.89346098154783" lon="11.800783993676305">
        <ele>1.73</ele>
      </trkpt>
      <trkpt lat="44.89349593408406" lon="11.800789944827557">
        <ele>1.68</ele>
      </trkpt>
      <trkpt lat="44.89345016889274" lon="11.801104350015521">
        <ele>1.6</ele>
      </trkpt>
      <trkpt lat="44.893404403701425" lon="11.801418755203485">
        <ele>1.53</ele>
      </trkpt>
      <trkpt lat="44.893358973786235" lon="11.801730981096625">
        <ele>1.46</ele>
      </trkpt>
      <trkpt lat="44.8932967800647" lon="11.80215778760612">
        <ele>1.38</ele>
      </trkpt>
      <trkpt lat="44.8932346701622" lon="11.802584594115615">
        <ele>1.35</ele>
      </trkpt>
      <trkpt lat="44.8931725602597" lon="11.80301140062511">
        <ele>1.29</ele>
      </trkpt>
      <trkpt lat="44.89311036653817" lon="11.803438207134604">
        <ele>1.23</ele>
      </trkpt>
      <trkpt lat="44.89304892718792" lon="11.803859984502196">
        <ele>1.15</ele>
      </trkpt>
      <trkpt lat="44.89301489666104" lon="11.804226860404015">
        <ele>1.12</ele>
      </trkpt>
      <trkpt lat="44.892980782315135" lon="11.804593736305833">
        <ele>1.04</ele>
      </trkpt>
      <trkpt lat="44.89294675178826" lon="11.804960696026683">
        <ele>1.05</ele>
      </trkpt>
      <trkpt lat="44.89291263744235" lon="11.805327571928501">
        <ele>1.12</ele>
      </trkpt>
      <trkpt lat="44.8928789421916" lon="11.805689921602607">
        <ele>1.09</ele>
      </trkpt>
      <trkpt lat="44.892858574166894" lon="11.806048499420285">
        <ele>0.97</ele>
      </trkpt>
      <trkpt lat="44.89283820614219" lon="11.806407077237964">
        <ele>0.87</ele>
      </trkpt>
      <trkpt lat="44.89281792193651" lon="11.806762972846627">
        <ele>0.82</ele>
      </trkpt>
      <trkpt lat="44.892823956906796" lon="11.807010993361473">
        <ele>0.77</ele>
      </trkpt>
      <trkpt lat="44.89285597577691" lon="11.807303940877318">
        <ele>0.77</ele>
      </trkpt>
      <trkpt lat="44.89293216727674" lon="11.807645168155432">
        <ele>0.76</ele>
      </trkpt>
      <trkpt lat="44.89300793968141" lon="11.807984970510006">
        <ele>0.78</ele>
      </trkpt>
      <trkpt lat="44.89311162382364" lon="11.808296777307987">
        <ele>0.82</ele>
      </trkpt>
      <trkpt lat="44.893215391784906" lon="11.808608667925">
        <ele>0.86</ele>
      </trkpt>
      <trkpt lat="44.89331907592714" lon="11.808920474722981">
        <ele>0.91</ele>
      </trkpt>
      <trkpt lat="44.89342192187905" lon="11.809229934588075">
        <ele>0.97</ele>
      </trkpt>
      <trkpt lat="44.893463579937816" lon="11.809487594291568">
        <ele>1.05</ele>
      </trkpt>
      <trkpt lat="44.89350498653948" lon="11.809743996709585">
        <ele>1.17</ele>
      </trkpt>
      <trkpt lat="44.89357095211744" lon="11.809963937848806">
        <ele>1.29</ele>
      </trkpt>
      <trkpt lat="44.89371495321393" lon="11.810287982225418">
        <ele>1.4</ele>
      </trkpt>
      <trkpt lat="44.89388016052544" lon="11.81056072935462">
        <ele>1.55</ele>
      </trkpt>
      <trkpt lat="44.89401494152844" lon="11.810783436521888">
        <ele>1.68</ele>
      </trkpt>
      <trkpt lat="44.894044948741794" lon="11.810832973569632">
        <ele>1.79</ele>
      </trkpt>
      <trkpt lat="44.89418467506766" lon="11.81109381839633">
        <ele>1.91</ele>
      </trkpt>
      <trkpt lat="44.894323982298374" lon="11.811353992670774">
        <ele>2.02</ele>
      </trkpt>
      <trkpt lat="44.89443562924862" lon="11.81160687468946">
        <ele>2.15</ele>
      </trkpt>
      <trkpt lat="44.89454694092274" lon="11.811858918517828">
        <ele>2.3</ele>
      </trkpt>
      <trkpt lat="44.894647523760796" lon="11.812158823013306">
        <ele>2.41</ele>
      </trkpt>
      <trkpt lat="44.89474802277982" lon="11.812458727508783">
        <ele>2.47</ele>
      </trkpt>
      <trkpt lat="44.89484793506563" lon="11.812756955623627">
        <ele>2.51</ele>
      </trkpt>
      <trkpt lat="44.89497072994709" lon="11.813164232298732">
        <ele>2.59</ele>
      </trkpt>
      <trkpt lat="44.89509344100952" lon="11.813571592792869">
        <ele>2.72</ele>
      </trkpt>
      <trkpt lat="44.895216235890985" lon="11.813978869467974">
        <ele>2.82</ele>
      </trkpt>
      <trkpt lat="44.895337941125035" lon="11.814382961019874">
        <ele>2.8</ele>
      </trkpt>
      <trkpt lat="44.89545512013137" lon="11.81467498652637">
        <ele>2.74</ele>
      </trkpt>
      <trkpt lat="44.895571963861585" lon="11.814965922385454">
        <ele>2.72</ele>
      </trkpt>
      <trkpt lat="44.89569962024689" lon="11.815178152173758">
        <ele>2.72</ele>
      </trkpt>
      <trkpt lat="44.89582694135606" lon="11.815389962866902">
        <ele>2.71</ele>
      </trkpt>
      <trkpt lat="44.895975049585104" lon="11.81559163145721">
        <ele>2.67</ele>
      </trkpt>
      <trkpt lat="44.89612299017608" lon="11.81579296477139">
        <ele>2.66</ele>
      </trkpt>
      <trkpt lat="44.896194990724325" lon="11.815949957817793">
        <ele>2.63</ele>
      </trkpt>
      <trkpt lat="44.89622793160379" lon="11.816123966127634">
        <ele>2.56</ele>
      </trkpt>
      <trkpt lat="44.89622298628092" lon="11.816311972215772">
        <ele>2.45</ele>
      </trkpt>
      <trkpt lat="44.896120727062225" lon="11.816621012985706">
        <ele>2.31</ele>
      </trkpt>
      <trkpt lat="44.89601897075772" lon="11.816928964108229">
        <ele>2.14</ele>
      </trkpt>
      <trkpt lat="44.896004972979426" lon="11.817224929109216">
        <ele>2.04</ele>
      </trkpt>
      <trkpt lat="44.89603296853602" lon="11.817416958510876">
        <ele>1.94</ele>
      </trkpt>
      <trkpt lat="44.89612617529929" lon="11.817728094756603">
        <ele>1.84</ele>
      </trkpt>
      <trkpt lat="44.896218962967396" lon="11.818037973716855">
        <ele>1.74</ele>
      </trkpt>
      <trkpt lat="44.89627009257674" lon="11.818270487710834">
        <ele>1.61</ele>
      </trkpt>
      <trkpt lat="44.89632097072899" lon="11.818501995876431">
        <ele>1.48</ele>
      </trkpt>
      <trkpt lat="44.896350055933" lon="11.818854454904795">
        <ele>1.36</ele>
      </trkpt>
      <trkpt lat="44.896379141137004" lon="11.81920699775219">
        <ele>1.26</ele>
      </trkpt>
      <trkpt lat="44.896407974883914" lon="11.819556942209601">
        <ele>1.12</ele>
      </trkpt>
      <trkpt lat="44.8964761197567" lon="11.819870173931122">
        <ele>0.99</ele>
      </trkpt>
      <trkpt lat="44.896543929353356" lon="11.820181980729103">
        <ele>0.9</ele>
      </trkpt>
      <trkpt lat="44.89663596265018" lon="11.820376943796873">
        <ele>0.88</ele>
      </trkpt>
      <trkpt lat="44.89674098789692" lon="11.820499990135431">
        <ele>0.87</ele>
      </trkpt>
      <trkpt lat="44.896863950416446" lon="11.820574924349785">
        <ele>0.89</ele>
      </trkpt>
      <trkpt lat="44.89709327928722" lon="11.820626892149448">
        <ele>0.95</ele>
      </trkpt>
      <trkpt lat="44.89732294343412" lon="11.820678943768144">
        <ele>1.05</ele>
      </trkpt>
      <trkpt lat="44.89749795757234" lon="11.820780951529741">
        <ele>1.14</ele>
      </trkpt>
      <trkpt lat="44.89769199863076" lon="11.820945991203189">
        <ele>1.26</ele>
      </trkpt>
      <trkpt lat="44.897844046354294" lon="11.821148078888655">
        <ele>1.42</ele>
      </trkpt>
      <trkpt lat="44.89799592643976" lon="11.821349998936057">
        <ele>1.58</ele>
      </trkpt>
      <trkpt lat="44.89812484011054" lon="11.821590308099985">
        <ele>1.78</ele>
      </trkpt>
      <trkpt lat="44.898150991648436" lon="11.82163892313838">
        <ele>1.96</ele>
      </trkpt>
      <trkpt lat="44.89829046651721" lon="11.82191502302885">
        <ele>2.2</ele>
      </trkpt>
      <trkpt lat="44.898430025205016" lon="11.82219103910029">
        <ele>2.43</ele>
      </trkpt>
      <trkpt lat="44.8985689971596" lon="11.822465965524316">
        <ele>2.6</ele>
      </trkpt>
      <trkpt lat="44.8987331148237" lon="11.822756314650178">
        <ele>2.74</ele>
      </trkpt>
      <trkpt lat="44.8988969810307" lon="11.823045993223786">
        <ele>2.87</ele>
      </trkpt>
      <trkpt lat="44.899027068167925" lon="11.82322209700942">
        <ele>3.01</ele>
      </trkpt>
      <trkpt lat="44.899156987667084" lon="11.82339794933796">
        <ele>3.14</ele>
      </trkpt>
      <trkpt lat="44.89937667734921" lon="11.823623673990369">
        <ele>3.28</ele>
      </trkpt>
      <trkpt lat="44.89959645085037" lon="11.823849398642778">
        <ele>3.48</ele>
      </trkpt>
      <trkpt lat="44.89981597289443" lon="11.824074955657125">
        <ele>3.63</ele>
      </trkpt>
      <trkpt lat="44.89997858181596" lon="11.824329178780317">
        <ele>3.74</ele>
      </trkpt>
      <trkpt lat="44.90014093928039" lon="11.824582982808352">
        <ele>3.84</ele>
      </trkpt>
      <trkpt lat="44.90017723292112" lon="11.824703263118863">
        <ele>3.92</ele>
      </trkpt>
      <trkpt lat="44.900195924565196" lon="11.824764953926206">
        <ele>3.98</ele>
      </trkpt>
      <trkpt lat="44.90030698478222" lon="11.824765959754586">
        <ele>4.03</ele>
      </trkpt>
      <trkpt lat="44.90038191899657" lon="11.824969975277781">
        <ele>4.06</ele>
      </trkpt>
      <trkpt lat="44.9004996009171" lon="11.825182205066085">
        <ele>4.1</ele>
      </trkpt>
      <trkpt lat="44.9006169475615" lon="11.825393931940198">
        <ele>4.12</ele>
      </trkpt>
      <trkpt lat="44.900813922286034" lon="11.825691489502788">
        <ele>4.18</ele>
      </trkpt>
      <trkpt lat="44.90101081319153" lon="11.825989047065377">
        <ele>4.09</ele>
      </trkpt>
      <trkpt lat="44.901207787916064" lon="11.826286520808935">
        <ele>3.96</ele>
      </trkpt>
      <trkpt lat="44.90140392445028" lon="11.826582988724113">
        <ele>3.87</ele>
      </trkpt>
      <trkpt lat="44.9015099555254" lon="11.826787926256657">
        <ele>3.8</ele>
      </trkpt>
      <trkpt lat="44.90160391665995" lon="11.827016919851303">
        <ele>3.71</ele>
      </trkpt>
      <trkpt lat="44.901672983542085" lon="11.82726695202291">
        <ele>3.58</ele>
      </trkpt>
      <trkpt lat="44.90172495134175" lon="11.827516984194517">
        <ele>3.42</ele>
      </trkpt>
      <trkpt lat="44.90174397826195" lon="11.82773994281888">
        <ele>3.27</ele>
      </trkpt>
      <trkpt lat="44.901738949120045" lon="11.82793297804892">
        <ele>3.14</ele>
      </trkpt>
      <trkpt lat="44.90165999159217" lon="11.828242940828204">
        <ele>3.04</ele>
      </trkpt>
      <trkpt lat="44.90152680315077" lon="11.828495655208826">
        <ele>2.96</ele>
      </trkpt>
      <trkpt lat="44.90139361470938" lon="11.828748285770416">
        <ele>2.86</ele>
      </trkpt>
      <trkpt lat="44.90126092918217" lon="11.828999994322658">
        <ele>2.76</ele>
      </trkpt>
      <trkpt lat="44.90113293752074" lon="11.829387992620468">
        <ele>2.72</ele>
      </trkpt>
      <trkpt lat="44.90106881596148" lon="11.829741289839149">
        <ele>2.64</ele>
      </trkpt>
      <trkpt lat="44.90100469440222" lon="11.830094587057829">
        <ele>2.49</ele>
      </trkpt>
      <trkpt lat="44.900940489023924" lon="11.83044788427651">
        <ele>2.36</ele>
      </trkpt>
      <trkpt lat="44.900876954197884" lon="11.830797996371984">
        <ele>2.3</ele>
      </trkpt>
      <trkpt lat="44.90086697973311" lon="11.830949960276484">
        <ele>2.23</ele>
      </trkpt>
      <trkpt lat="44.9008518923074" lon="11.83117400854826">
        <ele>2.18</ele>
      </trkpt>
      <trkpt lat="44.900836972519755" lon="11.831396967172623">
        <ele>2.17</ele>
      </trkpt>
      <trkpt lat="44.90083345212042" lon="11.83168320916593">
        <ele>2.18</ele>
      </trkpt>
      <trkpt lat="44.90082993172109" lon="11.831967942416668">
        <ele>2.16</ele>
      </trkpt>
      <trkpt lat="44.90084795281291" lon="11.83214396238327">
        <ele>2.11</ele>
      </trkpt>
      <trkpt lat="44.900945937260985" lon="11.832458954304457">
        <ele>2.01</ele>
      </trkpt>
      <trkpt lat="44.90116311237216" lon="11.83277671225369">
        <ele>1.95</ele>
      </trkpt>
      <trkpt lat="44.90137995220721" lon="11.833093967288733">
        <ele>1.96</ele>
      </trkpt>
      <trkpt lat="44.901610454544425" lon="11.83330250903964">
        <ele>2.0</ele>
      </trkpt>
      <trkpt lat="44.90184095688164" lon="11.833510966971517">
        <ele>2.03</ele>
      </trkpt>
      <trkpt lat="44.902123007923365" lon="11.833676593378186">
        <ele>1.99</ele>
      </trkpt>
      <trkpt lat="44.90240505896509" lon="11.833842219784856">
        <ele>1.91</ele>
      </trkpt>
      <trkpt lat="44.90268711000681" lon="11.834007930010557">
        <ele>1.88</ele>
      </trkpt>
      <trkpt lat="44.9029690772295" lon="11.834173556417227">
        <ele>1.83</ele>
      </trkpt>
      <trkpt lat="44.90325112827122" lon="11.834339182823896">
        <ele>1.71</ele>
      </trkpt>
      <trkpt lat="44.903533179312944" lon="11.834504893049598">
        <ele>1.64</ele>
      </trkpt>
      <trkpt lat="44.90381598472595" lon="11.834670938551426">
        <ele>1.61</ele>
      </trkpt>
      <trkpt lat="44.90398194640875" lon="11.834800941869617">
        <ele>1.57</ele>
      </trkpt>
      <trkpt lat="44.90412192419171" lon="11.834972938522696">
        <ele>1.54</ele>
      </trkpt>
      <trkpt lat="44.90425578318536" lon="11.835217271000147">
        <ele>1.51</ele>
      </trkpt>
      <trkpt lat="44.90438964217901" lon="11.835461603477597">
        <ele>1.43</ele>
      </trkpt>
      <trkpt lat="44.90452299825847" lon="11.835704930126667">
        <ele>1.34</ele>
      </trkpt>
      <trkpt lat="44.90463858470321" lon="11.835887655615807">
        <ele>1.25</ele>
      </trkpt>
      <trkpt lat="44.90475391969085" lon="11.836069962009788">
        <ele>1.2</ele>
      </trkpt>
      <trkpt lat="44.90497796796262" lon="11.836344972252846">
        <ele>1.16</ele>
      </trkpt>
      <trkpt lat="44.90518122911453" lon="11.836564829573035">
        <ele>1.11</ele>
      </trkpt>
      <trkpt lat="44.90538449026644" lon="11.836784686893225">
        <ele>1.04</ele>
      </trkpt>
      <trkpt lat="44.90558775141835" lon="11.837004628032446">
        <ele>1.02</ele>
      </trkpt>
      <trkpt lat="44.905791096389294" lon="11.837224485352635">
        <ele>1.04</ele>
      </trkpt>
      <trkpt lat="44.905993938446045" lon="11.837443923577666">
        <ele>1.09</ele>
      </trkpt>
      <trkpt lat="44.906223099678755" lon="11.837734775617719">
        <ele>1.11</ele>
      </trkpt>
      <trkpt lat="44.906452260911465" lon="11.838025627657771">
        <ele>1.11</ele>
      </trkpt>
      <trkpt lat="44.906680919229984" lon="11.838315976783633">
        <ele>1.1</ele>
      </trkpt>
      <trkpt lat="44.90682492032647" lon="11.83841647580266">
        <ele>1.12</ele>
      </trkpt>
      <trkpt lat="44.90696892142296" lon="11.838516974821687">
        <ele>1.17</ele>
      </trkpt>
      <trkpt lat="44.907130943611264" lon="11.838581934571266">
        <ele>1.24</ele>
      </trkpt>
      <trkpt lat="44.907322973012924" lon="11.838726941496134">
        <ele>1.34</ele>
      </trkpt>
      <trkpt lat="44.90744995884597" lon="11.838849987834692">
        <ele>1.42</ele>
      </trkpt>
      <trkpt lat="44.90755297243595" lon="11.838995916768909">
        <ele>1.5</ele>
      </trkpt>
      <trkpt lat="44.9076109752059" lon="11.839153999462724">
        <ele>1.58</ele>
      </trkpt>
      <trkpt lat="44.90763796493411" lon="11.839322978630662">
        <ele>1.65</ele>
      </trkpt>
      <trkpt lat="44.90764047950506" lon="11.839595641940832">
        <ele>1.74</ele>
      </trkpt>
      <trkpt lat="44.907642994076014" lon="11.839866964146495">
        <ele>1.82</ele>
      </trkpt>
      <trkpt lat="44.90759018808603" lon="11.84024884365499">
        <ele>1.94</ele>
      </trkpt>
      <trkpt lat="44.90753738209605" lon="11.840630806982517">
        <ele>2.05</ele>
      </trkpt>
      <trkpt lat="44.90748499520123" lon="11.841009920462966">
        <ele>2.17</ele>
      </trkpt>
      <trkpt lat="44.90748046897352" lon="11.841438068076968">
        <ele>2.28</ele>
      </trkpt>
      <trkpt lat="44.907475942745805" lon="11.841863952577114">
        <ele>2.29</ele>
      </trkpt>
      <trkpt lat="44.90749999880791" lon="11.842189924791455">
        <ele>2.28</ele>
      </trkpt>
      <trkpt lat="44.90754894912243" lon="11.842399975284934">
        <ele>2.28</ele>
      </trkpt>
      <trkpt lat="44.90769672207534" lon="11.842728462070227">
        <ele>2.26</ele>
      </trkpt>
      <trkpt lat="44.90784399211407" lon="11.843055943027139">
        <ele>2.21</ele>
      </trkpt>
      <trkpt lat="44.90805295296013" lon="11.843345202505589">
        <ele>2.1</ele>
      </trkpt>
      <trkpt lat="44.90826199762523" lon="11.843634378165007">
        <ele>2.0</ele>
      </trkpt>
      <trkpt lat="44.90847104229033" lon="11.843923637643456">
        <ele>1.96</ele>
      </trkpt>
      <trkpt lat="44.90868008695543" lon="11.844212813302875">
        <ele>1.91</ele>
      </trkpt>
      <trkpt lat="44.908889047801495" lon="11.844502072781324">
        <ele>1.82</ele>
      </trkpt>
      <trkpt lat="44.90909809246659" lon="11.844791332259774">
        <ele>1.76</ele>
      </trkpt>
      <trkpt lat="44.90930596366525" lon="11.845078999176621">
        <ele>1.73</ele>
      </trkpt>
      <trkpt lat="44.90942498669028" lon="11.845361972227693">
        <ele>1.66</ele>
      </trkpt>
      <trkpt lat="44.90951919928193" lon="11.845756340771914">
        <ele>1.65</ele>
      </trkpt>
      <trkpt lat="44.90961299277842" lon="11.846148949116468">
        <ele>1.54</ele>
      </trkpt>
      <trkpt lat="44.90969262085855" lon="11.846406944096088">
        <ele>1.47</ele>
      </trkpt>
      <trkpt lat="44.909771997481585" lon="11.846663933247328">
        <ele>1.44</ele>
      </trkpt>
      <trkpt lat="44.90989848040044" lon="11.84698118828237">
        <ele>1.37</ele>
      </trkpt>
      <trkpt lat="44.91002504713833" lon="11.847298359498382">
        <ele>1.3</ele>
      </trkpt>
      <trkpt lat="44.91015094332397" lon="11.84761393815279">
        <ele>1.24</ele>
      </trkpt>
      <trkpt lat="44.91021699272096" lon="11.848007971420884">
        <ele>1.18</ele>
      </trkpt>
      <trkpt lat="44.91024322807789" lon="11.848402172327042">
        <ele>1.09</ele>
      </trkpt>
      <trkpt lat="44.910269463434815" lon="11.848796289414167">
        <ele>1.05</ele>
      </trkpt>
      <trkpt lat="44.910295782610774" lon="11.849190490320325">
        <ele>0.96</ele>
      </trkpt>
      <trkpt lat="44.9103220179677" lon="11.849584691226482">
        <ele>0.92</ele>
      </trkpt>
      <trkpt lat="44.9103479180485" lon="11.849973946809769">
        <ele>0.87</ele>
      </trkpt>
      <trkpt lat="44.91040097549558" lon="11.85027594678104">
        <ele>0.8</ele>
      </trkpt>
      <trkpt lat="44.9104739818722" lon="11.850517932325602">
        <ele>0.75</ele>
      </trkpt>
      <trkpt lat="44.91057892329991" lon="11.850715996697545">
        <ele>0.74</ele>
      </trkpt>
      <trkpt lat="44.91071395576" lon="11.850875923410058">
        <ele>0.73</ele>
      </trkpt>
      <trkpt lat="44.91083406843245" lon="11.851061163470149">
        <ele>0.74</ele>
      </trkpt>
      <trkpt lat="44.9109539296478" lon="11.851245984435081">
        <ele>0.75</ele>
      </trkpt>
      <trkpt lat="44.911058619618416" lon="11.851452765986323">
        <ele>0.78</ele>
      </trkpt>
      <trkpt lat="44.9111629743129" lon="11.851658960804343">
        <ele>0.85</ele>
      </trkpt>
      <trkpt lat="44.9112924747169" lon="11.851993566378951">
        <ele>0.93</ele>
      </trkpt>
      <trkpt lat="44.911422058939934" lon="11.852328088134527">
        <ele>1.02</ele>
      </trkpt>
      <trkpt lat="44.91155097261071" lon="11.852660933509469">
        <ele>1.08</ele>
      </trkpt>
      <trkpt lat="44.911644430831075" lon="11.852942481637001">
        <ele>1.1</ele>
      </trkpt>
      <trkpt lat="44.91173797287047" lon="11.853224029764533">
        <ele>1.15</ele>
      </trkpt>
      <trkpt lat="44.91183092817664" lon="11.853503985330462">
        <ele>1.22</ele>
      </trkpt>
      <trkpt lat="44.91199320182204" lon="11.853823671117425">
        <ele>1.29</ele>
      </trkpt>
      <trkpt lat="44.91215539164841" lon="11.854143356904387">
        <ele>1.37</ele>
      </trkpt>
      <trkpt lat="44.91231766529381" lon="11.85446304269135">
        <ele>1.44</ele>
      </trkpt>
      <trkpt lat="44.91247893311083" lon="11.854780968278646">
        <ele>1.52</ele>
      </trkpt>
      <trkpt lat="44.91263156756759" lon="11.85515689663589">
        <ele>1.59</ele>
      </trkpt>
      <trkpt lat="44.91278411820531" lon="11.855532908812165">
        <ele>1.7</ele>
      </trkpt>
      <trkpt lat="44.91293599829078" lon="11.855906993150711">
        <ele>1.83</ele>
      </trkpt>
      <trkpt lat="44.91307580843568" lon="11.856162641197443">
        <ele>1.91</ele>
      </trkpt>
      <trkpt lat="44.91321561858058" lon="11.856418289244175">
        <ele>1.99</ele>
      </trkpt>
      <trkpt lat="44.91335492581129" lon="11.856672931462526">
        <ele>2.05</ele>
      </trkpt>
      <trkpt lat="44.91353161633015" lon="11.856917180120945">
        <ele>2.06</ele>
      </trkpt>
      <trkpt lat="44.913707971572876" lon="11.857160925865173">
        <ele>2.06</ele>
      </trkpt>
      <trkpt lat="44.913853984326124" lon="11.857308950275183">
        <ele>2.06</ele>
      </trkpt>
      <trkpt lat="44.9141176789999" lon="11.857502907514572">
        <ele>2.0</ele>
      </trkpt>
      <trkpt lat="44.91438137367368" lon="11.857696864753962">
        <ele>1.96</ele>
      </trkpt>
      <trkpt lat="44.914645068347454" lon="11.857890905812383">
        <ele>2.0</ele>
      </trkpt>
      <trkpt lat="44.914908930659294" lon="11.858084946870804">
        <ele>2.04</ele>
      </trkpt>
      <trkpt lat="44.915059972554445" lon="11.858213944360614">
        <ele>2.05</ele>
      </trkpt>
      <trkpt lat="44.915164578706026" lon="11.858303379267454">
        <ele>2.03</ele>
      </trkpt>
      <trkpt lat="44.915210930630565" lon="11.858342941850424">
        <ele>2.01</ele>
      </trkpt>
      <trkpt lat="44.91534411907196" lon="11.858571683987975">
        <ele>1.97</ele>
      </trkpt>
      <trkpt lat="44.91547697223723" lon="11.858799923211336">
        <ele>1.95</ele>
      </trkpt>
      <trkpt lat="44.91564720869064" lon="11.859152466058731">
        <ele>1.93</ele>
      </trkpt>
      <trkpt lat="44.91581694222987" lon="11.859503919258714">
        <ele>1.9</ele>
      </trkpt>
      <trkpt lat="44.915941916406155" lon="11.859700977802277">
        <ele>1.87</ele>
      </trkpt>
      <trkpt lat="44.916106620803475" lon="11.859929636120796">
        <ele>1.89</ele>
      </trkpt>
      <trkpt lat="44.91627098992467" lon="11.860157959163189">
        <ele>1.92</ele>
      </trkpt>
      <trkpt lat="44.916474586352706" lon="11.86039307154715">
        <ele>1.93</ele>
      </trkpt>
      <trkpt lat="44.91667793132365" lon="11.860627932474017">
        <ele>1.87</ele>
      </trkpt>
      <trkpt lat="44.916841965168715" lon="11.860706973820925">
        <ele>1.83</ele>
      </trkpt>
      <trkpt lat="44.91695797070861" lon="11.860709991306067">
        <ele>1.79</ele>
      </trkpt>
      <trkpt lat="44.91713332012296" lon="11.860671015456319">
        <ele>1.75</ele>
      </trkpt>
      <trkpt lat="44.9173089209944" lon="11.86063195578754">
        <ele>1.7</ele>
      </trkpt>
      <trkpt lat="44.917591977864504" lon="11.860663974657655">
        <ele>1.65</ele>
      </trkpt>
      <trkpt lat="44.91773991845548" lon="11.86076195910573">
        <ele>1.6</ele>
      </trkpt>
      <trkpt lat="44.91794862784445" lon="11.860972009599209">
        <ele>1.52</ele>
      </trkpt>
      <trkpt lat="44.91815725341439" lon="11.861182060092688">
        <ele>1.38</ele>
      </trkpt>
      <trkpt lat="44.918365962803364" lon="11.861392110586166">
        <ele>1.34</ele>
      </trkpt>
      <trkpt lat="44.9185745883733" lon="11.861602161079645">
        <ele>1.34</ele>
      </trkpt>
      <trkpt lat="44.91878296248615" lon="11.861811960116029">
        <ele>1.33</ele>
      </trkpt>
      <trkpt lat="44.91895495913923" lon="11.861938945949078">
        <ele>1.26</ele>
      </trkpt>
      <trkpt lat="44.91918185725808" lon="11.862062411382794">
        <ele>1.18</ele>
      </trkpt>
      <trkpt lat="44.919408923015" lon="11.862185960635543">
        <ele>1.08</ele>
      </trkpt>
      <trkpt lat="44.919676473364234" lon="11.862281933426857">
        <ele>0.92</ele>
      </trkpt>
      <trkpt lat="44.91994393989444" lon="11.86237782239914">
        <ele>0.78</ele>
      </trkpt>
      <trkpt lat="44.920211993157864" lon="11.862473962828517">
        <ele>0.69</ele>
      </trkpt>
      <trkpt lat="44.92036244831979" lon="11.862582424655557">
        <ele>0.64</ele>
      </trkpt>
      <trkpt lat="44.920512987300754" lon="11.862690970301628">
        <ele>0.58</ele>
      </trkpt>
      <trkpt lat="44.920685486868024" lon="11.862855004146695">
        <ele>0.53</ele>
      </trkpt>
      <trkpt lat="44.920857986435294" lon="11.86301895417273">
        <ele>0.49</ele>
      </trkpt>
      <trkpt lat="44.92104305885732" lon="11.86323151923716">
        <ele>0.43</ele>
      </trkpt>
      <trkpt lat="44.921227963641286" lon="11.863443916663527">
        <ele>0.37</ele>
      </trkpt>
      <trkpt lat="44.92144513875246" lon="11.86372010037303">
        <ele>0.35</ele>
      </trkpt>
      <trkpt lat="44.9216622300446" lon="11.863996284082532">
        <ele>0.4</ele>
      </trkpt>
      <trkpt lat="44.92187898606062" lon="11.864271964877844">
        <ele>0.46</ele>
      </trkpt>
      <trkpt lat="44.9220179580152" lon="11.86441496014595">
        <ele>0.49</ele>
      </trkpt>
      <trkpt lat="44.922171933576465" lon="11.864474974572659">
        <ele>0.49</ele>
      </trkpt>
      <trkpt lat="44.922480722889304" lon="11.864472460001707">
        <ele>0.49</ele>
      </trkpt>
      <trkpt lat="44.9227899312973" lon="11.864469945430756">
        <ele>0.49</ele>
      </trkpt>
      <trkpt lat="44.92290694266558" lon="11.864491989836097">
        <ele>0.52</ele>
      </trkpt>
      <trkpt lat="44.923077346757054" lon="11.86454689130187">
        <ele>0.54</ele>
      </trkpt>
      <trkpt lat="44.923247918486595" lon="11.864601960405707">
        <ele>0.58</ele>
      </trkpt>
      <trkpt lat="44.923483952879906" lon="11.86471494846046">
        <ele>0.61</ele>
      </trkpt>
      <trkpt lat="44.92364530451596" lon="11.864740932360291">
        <ele>0.65</ele>
      </trkpt>
      <trkpt lat="44.92380699142814" lon="11.864766916260123">
        <ele>0.7</ele>
      </trkpt>
      <trkpt lat="44.92403296753764" lon="11.86480195261538">
        <ele>0.74</ele>
      </trkpt>
      <trkpt lat="44.92417596280575" lon="11.864840928465128">
        <ele>0.75</ele>
      </trkpt>
      <trkpt lat="44.92432298138738" lon="11.864926926791668">
        <ele>0.78</ele>
      </trkpt>
      <trkpt lat="44.924491960555315" lon="11.865136977285147">
        <ele>0.84</ele>
      </trkpt>
      <trkpt lat="44.92461391724646" lon="11.865378962829709">
        <ele>0.96</ele>
      </trkpt>
      <trkpt lat="44.92480091750622" lon="11.865659924224019">
        <ele>1.03</ele>
      </trkpt>
      <trkpt lat="44.92503594607115" lon="11.865884978324175">
        <ele>1.09</ele>
      </trkpt>
      <trkpt lat="44.925177935510874" lon="11.866058986634016">
        <ele>1.16</ele>
      </trkpt>
      <trkpt lat="44.92521598935127" lon="11.866181949153543">
        <ele>1.23</ele>
      </trkpt>
      <trkpt lat="44.925224957987666" lon="11.86630298383534">
        <ele>1.31</ele>
      </trkpt>
      <trkpt lat="44.92516536265612" lon="11.866576066240668">
        <ele>1.42</ele>
      </trkpt>
      <trkpt lat="44.92510593496263" lon="11.866847975179553">
        <ele>1.51</ele>
      </trkpt>
      <trkpt lat="44.92510392330587" lon="11.867172941565514">
        <ele>1.53</ele>
      </trkpt>
      <trkpt lat="44.92514692246914" lon="11.867320965975523">
        <ele>1.59</ele>
      </trkpt>
      <trkpt lat="44.925221940502524" lon="11.867459937930107">
        <ele>1.64</ele>
      </trkpt>
      <trkpt lat="44.92535403929651" lon="11.867603519931436">
        <ele>1.68</ele>
      </trkpt>
      <trkpt lat="44.92548597045243" lon="11.8677469342947">
        <ele>1.74</ele>
      </trkpt>
      <trkpt lat="44.92552796378732" lon="11.867779958993196">
        <ele>1.78</ele>
      </trkpt>
      <trkpt lat="44.925586050376296" lon="11.868114983662963">
        <ele>1.82</ele>
      </trkpt>
      <trkpt lat="44.92559594102204" lon="11.86817198060453">
        <ele>1.85</ele>
      </trkpt>
      <trkpt lat="44.92552796378732" lon="11.868206933140755">
        <ele>1.88</ele>
      </trkpt>
      <trkpt lat="44.92549192160368" lon="11.86830198392272">
        <ele>1.89</ele>
      </trkpt>
      <trkpt lat="44.925462920218706" lon="11.868379935622215">
        <ele>1.9</ele>
      </trkpt>
      <trkpt lat="44.92538798600435" lon="11.868513962253928">
        <ele>1.92</ele>
      </trkpt>
      <trkpt lat="44.92530182003975" lon="11.868762904778123">
        <ele>1.95</ele>
      </trkpt>
      <trkpt lat="44.92521598935127" lon="11.869010925292969">
        <ele>2.02</ele>
      </trkpt>
      <trkpt lat="44.92517592385411" lon="11.869320971891284">
        <ele>2.04</ele>
      </trkpt>
      <trkpt lat="44.925178438425064" lon="11.869653817266226">
        <ele>2.04</ele>
      </trkpt>
      <trkpt lat="44.925180952996016" lon="11.869984986260533">
        <ele>2.03</ele>
      </trkpt>
      <trkpt lat="44.92515756748617" lon="11.870344821363688">
        <ele>2.05</ele>
      </trkpt>
      <trkpt lat="44.92513418197632" lon="11.870704740285873">
        <ele>2.11</ele>
      </trkpt>
      <trkpt lat="44.92511096410453" lon="11.871061976999044">
        <ele>2.13</ele>
      </trkpt>
      <trkpt lat="44.92506494745612" lon="11.871422985568643">
        <ele>2.14</ele>
      </trkpt>
      <trkpt lat="44.924962939694524" lon="11.871779970824718">
        <ele>2.14</ele>
      </trkpt>
      <trkpt lat="44.924925388768315" lon="11.872083730995655">
        <ele>2.19</ele>
      </trkpt>
      <trkpt lat="44.92488792166114" lon="11.87238598242402">
        <ele>2.2</ele>
      </trkpt>
      <trkpt lat="44.92488892748952" lon="11.872717319056392">
        <ele>2.18</ele>
      </trkpt>
      <trkpt lat="44.9248899333179" lon="11.873046979308128">
        <ele>2.17</ele>
      </trkpt>
      <trkpt lat="44.92493594996631" lon="11.873412933200598">
        <ele>2.12</ele>
      </trkpt>
      <trkpt lat="44.92495195940137" lon="11.873649973422289">
        <ele>2.07</ele>
      </trkpt>
      <trkpt lat="44.924946930259466" lon="11.873876955360174">
        <ele>2.04</ele>
      </trkpt>
      <trkpt lat="44.92499596439302" lon="11.873868992552161">
        <ele>2.01</ele>
      </trkpt>
      <trkpt lat="44.9251539632678" lon="11.873842924833298">
        <ele>1.98</ele>
      </trkpt>
      <trkpt lat="44.925396451726556" lon="11.873796321451664">
        <ele>1.93</ele>
      </trkpt>
      <trkpt lat="44.92563894018531" lon="11.87374971807003">
        <ele>1.87</ele>
      </trkpt>
      <trkpt lat="44.92588193155825" lon="11.873702947050333">
        <ele>1.83</ele>
      </trkpt>
      <trkpt lat="44.92611729539931" lon="11.873662462458014">
        <ele>1.79</ele>
      </trkpt>
      <trkpt lat="44.92635299451649" lon="11.873621977865696">
        <ele>1.75</ele>
      </trkpt>
      <trkpt lat="44.926540832966566" lon="11.873624995350838">
        <ele>1.72</ele>
      </trkpt>
      <trkpt lat="44.926728922873735" lon="11.873627929016948">
        <ele>1.7</ele>
      </trkpt>
      <trkpt lat="44.927017679437995" lon="11.873672688379884">
        <ele>1.68</ele>
      </trkpt>
      <trkpt lat="44.927306519821286" lon="11.873717363923788">
        <ele>1.7</ele>
      </trkpt>
      <trkpt lat="44.927595276385546" lon="11.873762123286724">
        <ele>1.68</ele>
      </trkpt>
      <trkpt lat="44.927884954959154" lon="11.873806966468692">
        <ele>1.67</ele>
      </trkpt>
      <trkpt lat="44.928106404840946" lon="11.873831944540143">
        <ele>1.65</ele>
      </trkpt>
      <trkpt lat="44.92832793854177" lon="11.873856922611594">
        <ele>1.59</ele>
      </trkpt>
      <trkpt lat="44.928549975156784" lon="11.873881984502077">
        <ele>1.54</ele>
      </trkpt>
      <trkpt lat="44.9288219679147" lon="11.874004947021604">
        <ele>1.47</ele>
      </trkpt>
      <trkpt lat="44.92895892821252" lon="11.874122964218259">
        <ele>1.43</ele>
      </trkpt>
      <trkpt lat="44.92906495928764" lon="11.874262942001224">
        <ele>1.4</ele>
      </trkpt>
      <trkpt lat="44.929203763604164" lon="11.874502915889025">
        <ele>1.42</ele>
      </trkpt>
      <trkpt lat="44.92934265173972" lon="11.874742805957794">
        <ele>1.41</ele>
      </trkpt>
      <trkpt lat="44.92948095314205" lon="11.874981941655278">
        <ele>1.39</ele>
      </trkpt>
      <trkpt lat="44.92961497977376" lon="11.875129966065288">
        <ele>1.33</ele>
      </trkpt>
      <trkpt lat="44.92974095977843" lon="11.875214958563447">
        <ele>1.22</ele>
      </trkpt>
      <trkpt lat="44.929886972531676" lon="11.87526692636311">
        <ele>1.11</ele>
      </trkpt>
      <trkpt lat="44.9300947599113" lon="11.875301459804177">
        <ele>0.97</ele>
      </trkpt>
      <trkpt lat="44.93030296638608" lon="11.875335993245244">
        <ele>0.88</ele>
      </trkpt>
      <trkpt lat="44.93044897913933" lon="11.87541394494474">
        <ele>0.82</ele>
      </trkpt>
      <trkpt lat="44.93061996996403" lon="11.875571943819523">
        <ele>0.81</ele>
      </trkpt>
      <trkpt lat="44.93083798326552" lon="11.875850977376103">
        <ele>0.77</ele>
      </trkpt>
      <trkpt lat="44.93088098242879" lon="11.875917948782444">
        <ele>0.74</ele>
      </trkpt>
      <trkpt lat="44.93100696243346" lon="11.876095980405807">
        <ele>0.71</ele>
      </trkpt>
      <trkpt lat="44.931130930781364" lon="11.876263953745365">
        <ele>0.69</ele>
      </trkpt>
      <trkpt lat="44.9313226249069" lon="11.87652563676238">
        <ele>0.71</ele>
      </trkpt>
      <trkpt lat="44.931513983756304" lon="11.87678698450327">
        <ele>0.77</ele>
      </trkpt>
      <trkpt lat="44.93165312334895" lon="11.877019247040153">
        <ele>0.8</ele>
      </trkpt>
      <trkpt lat="44.93179192766547" lon="11.877250922843814">
        <ele>0.83</ele>
      </trkpt>
      <trkpt lat="44.93188966065645" lon="11.87754102051258">
        <ele>0.91</ele>
      </trkpt>
      <trkpt lat="44.931986974552274" lon="11.877829944714904">
        <ele>0.94</ele>
      </trkpt>
      <trkpt lat="44.932096945121884" lon="11.877999929711223">
        <ele>0.96</ele>
      </trkpt>
      <trkpt lat="44.93218797259033" lon="11.878052987158298">
        <ele>0.97</ele>
      </trkpt>
      <trkpt lat="44.93233599700034" lon="11.87807997688651">
        <ele>0.98</ele>
      </trkpt>
      <trkpt lat="44.93251696228981" lon="11.878028931096196">
        <ele>0.94</ele>
      </trkpt>
      <trkpt lat="44.93265392258763" lon="11.877931952476501">
        <ele>0.92</ele>
      </trkpt>
      <trkpt lat="44.93266498669982" lon="11.877912925556302">
        <ele>0.91</ele>
      </trkpt>
      <trkpt lat="44.93279993534088" lon="11.877688961103559">
        <ele>0.9</ele>
      </trkpt>
      <trkpt lat="44.932827930897474" lon="11.87764696776867">
        <ele>0.87</ele>
      </trkpt>
      <trkpt lat="44.93259281851351" lon="11.877369778230786">
        <ele>0.89</ele>
      </trkpt>
      <trkpt lat="44.932357957586646" lon="11.87709292396903">
        <ele>0.82</ele>
      </trkpt>
      <trkpt lat="44.93226399645209" lon="11.876921933144331">
        <ele>0.75</ele>
      </trkpt>
      <trkpt lat="44.93223298341036" lon="11.876670978963375">
        <ele>0.69</ele>
      </trkpt>
      <trkpt lat="44.932268522679806" lon="11.876383731141686">
        <ele>0.65</ele>
      </trkpt>
      <trkpt lat="44.93230397813022" lon="11.876097992062569">
        <ele>0.58</ele>
      </trkpt>
      <trkpt lat="44.932339852675796" lon="11.875947369262576">
        <ele>0.48</ele>
      </trkpt>
      <trkpt lat="44.932355945929885" lon="11.875879978761077">
        <ele>0.42</ele>
      </trkpt>
      <trkpt lat="44.932254776358604" lon="11.875574877485633">
        <ele>0.34</ele>
      </trkpt>
      <trkpt lat="44.932153606787324" lon="11.875269776210189">
        <ele>0.25</ele>
      </trkpt>
      <trkpt lat="44.93205235339701" lon="11.874964674934745">
        <ele>0.16</ele>
      </trkpt>
      <trkpt lat="44.93195193819702" lon="11.874661920592189">
        <ele>0.07</ele>
      </trkpt>
      <trkpt lat="44.93183274753392" lon="11.87438196502626">
        <ele>0.01</ele>
      </trkpt>
      <trkpt lat="44.93171397596598" lon="11.874102931469679">
        <ele>-0.05</ele>
      </trkpt>
      <trkpt lat="44.931646501645446" lon="11.873708060011268">
        <ele>-0.08</ele>
      </trkpt>
      <trkpt lat="44.93157894350588" lon="11.873313104733825">
        <ele>-0.19</ele>
      </trkpt>
      <trkpt lat="44.93151197209954" lon="11.87292099930346">
        <ele>-0.31</ele>
      </trkpt>
      <trkpt lat="44.93142974562943" lon="11.872613970190287">
        <ele>-0.4</ele>
      </trkpt>
      <trkpt lat="44.93134760297835" lon="11.872307024896145">
        <ele>-0.49</ele>
      </trkpt>
      <trkpt lat="44.93126596324146" lon="11.8720019236207">
        <ele>-0.63</ele>
      </trkpt>
      <trkpt lat="44.931202344596386" lon="11.87168626114726">
        <ele>-0.72</ele>
      </trkpt>
      <trkpt lat="44.93113897740841" lon="11.871371939778328">
        <ele>-0.8</ele>
      </trkpt>
      <trkpt lat="44.931071335449815" lon="11.871108412742615">
        <ele>-0.9</ele>
      </trkpt>
      <trkpt lat="44.931003944948316" lon="11.870845975354314">
        <ele>-0.99</ele>
      </trkpt>
      <trkpt lat="44.93086824193597" lon="11.870487816631794">
        <ele>-1.07</ele>
      </trkpt>
      <trkpt lat="44.93073295801878" lon="11.870130999013782">
        <ele>-1.09</ele>
      </trkpt>
      <trkpt lat="44.93060194887221" lon="11.869931928813457">
        <ele>-1.12</ele>
      </trkpt>
      <trkpt lat="44.93045928888023" lon="11.869660606607795">
        <ele>-1.15</ele>
      </trkpt>
      <trkpt lat="44.930316964164376" lon="11.869389954954386">
        <ele>-1.2</ele>
      </trkpt>
      <trkpt lat="44.93011781014502" lon="11.869100192561746">
        <ele>-1.28</ele>
      </trkpt>
      <trkpt lat="44.92991899140179" lon="11.868810933083296">
        <ele>-1.32</ele>
      </trkpt>
      <trkpt lat="44.92984891869128" lon="11.868632985278964">
        <ele>-1.35</ele>
      </trkpt>
      <trkpt lat="44.92980784736574" lon="11.86831422150135">
        <ele>-1.37</ele>
      </trkpt>
      <trkpt lat="44.92976694367826" lon="11.867996966466308">
        <ele>-1.39</ele>
      </trkpt>
      <trkpt lat="44.92971581406891" lon="11.867762943729758">
        <ele>-1.41</ele>
      </trkpt>
      <trkpt lat="44.92966493591666" lon="11.86752992682159">
        <ele>-1.43</ele>
      </trkpt>
      <trkpt lat="44.92957281880081" lon="11.867257431149483">
        <ele>-1.47</ele>
      </trkpt>
      <trkpt lat="44.92948095314205" lon="11.866985941305757">
        <ele>-1.49</ele>
      </trkpt>
      <trkpt lat="44.92939897812903" lon="11.866629961878061">
        <ele>-1.56</ele>
      </trkpt>
      <trkpt lat="44.92935639806092" lon="11.86631471849978">
        <ele>-1.5</ele>
      </trkpt>
      <trkpt lat="44.92931398563087" lon="11.866000983864069">
        <ele>-1.33</ele>
      </trkpt>
      <trkpt lat="44.92923695594072" lon="11.86563896946609">
        <ele>-1.26</ele>
      </trkpt>
      <trkpt lat="44.92907619103789" lon="11.865307465195656">
        <ele>-1.2</ele>
      </trkpt>
      <trkpt lat="44.92891592904925" lon="11.864976966753602">
        <ele>-1.22</ele>
      </trkpt>
      <trkpt lat="44.92876530624926" lon="11.864744201302528">
        <ele>-1.21</ele>
      </trkpt>
      <trkpt lat="44.92861493490636" lon="11.864511938765645">
        <ele>-1.16</ele>
      </trkpt>
      <trkpt lat="44.92853991687298" lon="11.864312952384353">
        <ele>-1.09</ele>
      </trkpt>
      <trkpt lat="44.92850094102323" lon="11.864044982939959">
        <ele>-1.04</ele>
      </trkpt>
      <trkpt lat="44.92849842645228" lon="11.863615410402417">
        <ele>-1.02</ele>
      </trkpt>
      <trkpt lat="44.92849591188133" lon="11.863185837864876">
        <ele>-1.05</ele>
      </trkpt>
      <trkpt lat="44.92849348112941" lon="11.862756265327334">
        <ele>-1.03</ele>
      </trkpt>
      <trkpt lat="44.928490966558456" lon="11.86233096756041">
        <ele>-0.94</ele>
      </trkpt>
      <trkpt lat="44.9284783937037" lon="11.862004157155752">
        <ele>-0.9</ele>
      </trkpt>
      <trkpt lat="44.928465988487005" lon="11.861678939312696">
        <ele>-0.87</ele>
      </trkpt>
      <trkpt lat="44.92843086831272" lon="11.861305022612214">
        <ele>-0.83</ele>
      </trkpt>
      <trkpt lat="44.92839574813843" lon="11.860931105911732">
        <ele>-0.8</ele>
      </trkpt>
      <trkpt lat="44.928360963240266" lon="11.860559955239296">
        <ele>-0.73</ele>
      </trkpt>
      <trkpt lat="44.92835828103125" lon="11.860172878950834">
        <ele>-0.7</ele>
      </trkpt>
      <trkpt lat="44.928355515003204" lon="11.85978571884334">
        <ele>-0.67</ele>
      </trkpt>
      <trkpt lat="44.92835283279419" lon="11.85939864255488">
        <ele>-0.67</ele>
      </trkpt>
      <trkpt lat="44.92835006676614" lon="11.859011482447386">
        <ele>-0.65</ele>
      </trkpt>
      <trkpt lat="44.92834738455713" lon="11.858624406158924">
        <ele>-0.62</ele>
      </trkpt>
      <trkpt lat="44.92834461852908" lon="11.85823724605143">
        <ele>-0.57</ele>
      </trkpt>
      <trkpt lat="44.92834193632007" lon="11.857856959104538">
        <ele>-0.52</ele>
      </trkpt>
      <trkpt lat="44.928309582173824" lon="11.857505422085524">
        <ele>-0.52</ele>
      </trkpt>
      <trkpt lat="44.92827714420855" lon="11.85715388506651">
        <ele>-0.5</ele>
      </trkpt>
      <trkpt lat="44.92824495770037" lon="11.856804946437478">
        <ele>-0.49</ele>
      </trkpt>
      <trkpt lat="44.928230959922075" lon="11.856482159346342">
        <ele>-0.52</ele>
      </trkpt>
      <trkpt lat="44.92821696214378" lon="11.856160964816809">
        <ele>-0.54</ele>
      </trkpt>
      <trkpt lat="44.928231965750456" lon="11.855917386710644">
        <ele>-0.56</ele>
      </trkpt>
      <trkpt lat="44.92824696935713" lon="11.855674982070923">
        <ele>-0.51</ele>
      </trkpt>
      <trkpt lat="44.928249986842275" lon="11.855357140302658">
        <ele>-0.47</ele>
      </trkpt>
      <trkpt lat="44.928252920508385" lon="11.855040974915028">
        <ele>-0.46</ele>
      </trkpt>
      <trkpt lat="44.928235402330756" lon="11.854704609140754">
        <ele>-0.48</ele>
      </trkpt>
      <trkpt lat="44.92821796797216" lon="11.854369919747114">
        <ele>-0.49</ele>
      </trkpt>
      <trkpt lat="44.92821947671473" lon="11.854121815413237">
        <ele>-0.5</ele>
      </trkpt>
      <trkpt lat="44.9282209854573" lon="11.853874968364835">
        <ele>-0.49</ele>
      </trkpt>
      <trkpt lat="44.928190391510725" lon="11.853450424969196">
        <ele>-0.49</ele>
      </trkpt>
      <trkpt lat="44.92815996520221" lon="11.85302797704935">
        <ele>-0.45</ele>
      </trkpt>
      <trkpt lat="44.928151248022914" lon="11.852683397009969">
        <ele>-0.42</ele>
      </trkpt>
      <trkpt lat="44.92814261466265" lon="11.852338900789618">
        <ele>-0.43</ele>
      </trkpt>
      <trkpt lat="44.92813398130238" lon="11.85199691914022">
        <ele>-0.43</ele>
      </trkpt>
      <trkpt lat="44.92814898490906" lon="11.851577404886484">
        <ele>-0.47</ele>
      </trkpt>
      <trkpt lat="44.928163988515735" lon="11.851159986108541">
        <ele>-0.5</ele>
      </trkpt>
      <trkpt lat="44.928186032921076" lon="11.850860584527254">
        <ele>-0.51</ele>
      </trkpt>
      <trkpt lat="44.92820807732642" lon="11.850561182945967">
        <ele>-0.52</ele>
      </trkpt>
      <trkpt lat="44.928229954093695" lon="11.850263960659504">
        <ele>-0.51</ele>
      </trkpt>
      <trkpt lat="44.9282053951174" lon="11.849983250722289">
        <ele>-0.5</ele>
      </trkpt>
      <trkpt lat="44.92818091996014" lon="11.849703965708613">
        <ele>-0.52</ele>
      </trkpt>
      <trkpt lat="44.92812987416983" lon="11.849492993205786">
        <ele>-0.55</ele>
      </trkpt>
      <trkpt lat="44.928078996017575" lon="11.849282942712307">
        <ele>-0.6</ele>
      </trkpt>
      <trkpt lat="44.928039852529764" lon="11.849044393748045">
        <ele>-0.63</ele>
      </trkpt>
      <trkpt lat="44.92800096049905" lon="11.848806934431195">
        <ele>-0.66</ele>
      </trkpt>
      <trkpt lat="44.92797137238085" lon="11.84848465025425">
        <ele>-0.69</ele>
      </trkpt>
      <trkpt lat="44.92794195190072" lon="11.848163958638906">
        <ele>-0.77</ele>
      </trkpt>
      <trkpt lat="44.927928959950805" lon="11.847739415243268">
        <ele>-0.81</ele>
      </trkpt>
      <trkpt lat="44.92791596800089" lon="11.847316967323422">
        <ele>-0.85</ele>
      </trkpt>
      <trkpt lat="44.92788855917752" lon="11.847017565742135">
        <ele>-0.89</ele>
      </trkpt>
      <trkpt lat="44.92786115035415" lon="11.846718164160848">
        <ele>-0.93</ele>
      </trkpt>
      <trkpt lat="44.92783399298787" lon="11.846420941874385">
        <ele>-0.99</ele>
      </trkpt>
      <trkpt lat="44.92781538516283" lon="11.846066555008292">
        <ele>-1.07</ele>
      </trkpt>
      <trkpt lat="44.92779686115682" lon="11.8457121681422">
        <ele>-1.09</ele>
      </trkpt>
      <trkpt lat="44.92777833715081" lon="11.845357781276107">
        <ele>-1.1</ele>
      </trkpt>
      <trkpt lat="44.92775998078287" lon="11.845006998628378">
        <ele>-1.12</ele>
      </trkpt>
      <trkpt lat="44.927732991054654" lon="11.844771970063448">
        <ele>-1.14</ele>
      </trkpt>
      <trkpt lat="44.92765227332711" lon="11.844355976209044">
        <ele>-1.21</ele>
      </trkpt>
      <trkpt lat="44.92757197469473" lon="11.843941994011402">
        <ele>-1.27</ele>
      </trkpt>
      <trkpt lat="44.927566945552826" lon="11.843683999031782">
        <ele>-1.35</ele>
      </trkpt>
      <trkpt lat="44.92759695276618" lon="11.843403959646821">
        <ele>-1.38</ele>
      </trkpt>
      <trkpt lat="44.9276839569211" lon="11.843046974390745">
        <ele>-1.36</ele>
      </trkpt>
      <trkpt lat="44.92775612510741" lon="11.842641541734338">
        <ele>-1.39</ele>
      </trkpt>
      <trkpt lat="44.92782795801759" lon="11.842237953096628">
        <ele>-1.4</ele>
      </trkpt>
      <trkpt lat="44.92791496217251" lon="11.841813996434212">
        <ele>-1.44</ele>
      </trkpt>
      <trkpt lat="44.92800699546933" lon="11.841538986191154">
        <ele>-1.52</ele>
      </trkpt>
      <trkpt lat="44.92812459357083" lon="11.841331701725721">
        <ele>-1.51</ele>
      </trkpt>
      <trkpt lat="44.92824194021523" lon="11.84112492017448">
        <ele>-1.49</ele>
      </trkpt>
      <trkpt lat="44.928403962403536" lon="11.84095099568367">
        <ele>-1.51</ele>
      </trkpt>
      <trkpt lat="44.92853170260787" lon="11.840623430907726">
        <ele>-1.53</ele>
      </trkpt>
      <trkpt lat="44.928658939898014" lon="11.840296955779195">
        <ele>-1.53</ele>
      </trkpt>
      <trkpt lat="44.92883864790201" lon="11.839965032413602">
        <ele>-1.56</ele>
      </trkpt>
      <trkpt lat="44.92901793681085" lon="11.839633947238326">
        <ele>-1.59</ele>
      </trkpt>
      <trkpt lat="44.929210636764765" lon="11.83934971690178">
        <ele>-1.62</ele>
      </trkpt>
      <trkpt lat="44.92940291762352" lon="11.839065989479423">
        <ele>-1.6</ele>
      </trkpt>
      <trkpt lat="44.92950199171901" lon="11.838970938697457">
        <ele>-1.56</ele>
      </trkpt>
      <trkpt lat="44.92957298643887" lon="11.838837917894125">
        <ele>-1.52</ele>
      </trkpt>
      <trkpt lat="44.929670970886946" lon="11.838530972599983">
        <ele>-1.47</ele>
      </trkpt>
      <trkpt lat="44.92974196560681" lon="11.838196953758597">
        <ele>-1.48</ele>
      </trkpt>
      <trkpt lat="44.92984598502517" lon="11.837858995422721">
        <ele>-1.42</ele>
      </trkpt>
      <trkpt lat="44.92994195781648" lon="11.83766394853592">
        <ele>-1.32</ele>
      </trkpt>
      <trkpt lat="44.9300239328295" lon="11.837553977966309">
        <ele>-1.24</ele>
      </trkpt>
      <trkpt lat="44.93013298138976" lon="11.83725499548018">
        <ele>-1.18</ele>
      </trkpt>
      <trkpt lat="44.93015594780445" lon="11.83693497441709">
        <ele>-1.16</ele>
      </trkpt>
      <trkpt lat="44.930143961682916" lon="11.836747974157333">
        <ele>-1.15</ele>
      </trkpt>
      <trkpt lat="44.93005217984319" lon="11.836342876777053">
        <ele>-1.11</ele>
      </trkpt>
      <trkpt lat="44.92996039800346" lon="11.835937863215804">
        <ele>-1.01</ele>
      </trkpt>
      <trkpt lat="44.92986861616373" lon="11.835532765835524">
        <ele>-0.94</ele>
      </trkpt>
      <trkpt lat="44.929776834324" lon="11.835127668455243">
        <ele>-1.03</ele>
      </trkpt>
      <trkpt lat="44.929685052484274" lon="11.834722654893994">
        <ele>-1.04</ele>
      </trkpt>
      <trkpt lat="44.929593270644546" lon="11.834317557513714">
        <ele>-0.97</ele>
      </trkpt>
      <trkpt lat="44.92950148880482" lon="11.833912543952465">
        <ele>-0.86</ele>
      </trkpt>
      <trkpt lat="44.92940970696509" lon="11.833507446572185">
        <ele>-0.82</ele>
      </trkpt>
      <trkpt lat="44.92931792512536" lon="11.833102349191904">
        <ele>-0.76</ele>
      </trkpt>
      <trkpt lat="44.92922614328563" lon="11.832697335630655">
        <ele>-0.73</ele>
      </trkpt>
      <trkpt lat="44.929134445264935" lon="11.832292238250375">
        <ele>-0.76</ele>
      </trkpt>
      <trkpt lat="44.92904492653906" lon="11.831897953525186">
        <ele>-0.78</ele>
      </trkpt>
      <trkpt lat="44.92896127514541" lon="11.831484055146575">
        <ele>-0.72</ele>
      </trkpt>
      <trkpt lat="44.928877959027886" lon="11.83107191696763">
        <ele>-0.66</ele>
      </trkpt>
      <trkpt lat="44.92883554659784" lon="11.830685678869486">
        <ele>-0.62</ele>
      </trkpt>
      <trkpt lat="44.92879305034876" lon="11.830299440771341">
        <ele>-0.6</ele>
      </trkpt>
      <trkpt lat="44.92875097319484" lon="11.829915968701243">
        <ele>-0.56</ele>
      </trkpt>
      <trkpt lat="44.92867293767631" lon="11.829534927383065">
        <ele>-0.53</ele>
      </trkpt>
      <trkpt lat="44.928578808903694" lon="11.82922781445086">
        <ele>-0.58</ele>
      </trkpt>
      <trkpt lat="44.92848493158817" lon="11.82892195880413">
        <ele>-0.57</ele>
      </trkpt>
      <trkpt lat="44.92835425771773" lon="11.828574109822512">
        <ele>-0.56</ele>
      </trkpt>
      <trkpt lat="44.92822350002825" lon="11.828226260840893">
        <ele>-0.62</ele>
      </trkpt>
      <trkpt lat="44.92809274233878" lon="11.827878328040242">
        <ele>-0.69</ele>
      </trkpt>
      <trkpt lat="44.92799073457718" lon="11.827606838196516">
        <ele>-0.7</ele>
      </trkpt>
      <trkpt lat="44.92796299047768" lon="11.827532993629575">
        <ele>-0.68</ele>
      </trkpt>
      <trkpt lat="44.927711952477694" lon="11.827585967257619">
        <ele>-0.63</ele>
      </trkpt>
      <trkpt lat="44.927652357146144" lon="11.827340964227915">
        <ele>-0.61</ele>
      </trkpt>
      <trkpt lat="44.92759292945266" lon="11.827096967026591">
        <ele>-0.58</ele>
      </trkpt>
      <trkpt lat="44.92755336686969" lon="11.82685942389071">
        <ele>-0.55</ele>
      </trkpt>
      <trkpt lat="44.92751397192478" lon="11.82662297040224">
        <ele>-0.52</ele>
      </trkpt>
      <trkpt lat="44.927504416555166" lon="11.826304122805595">
        <ele>-0.49</ele>
      </trkpt>
      <trkpt lat="44.92749494500458" lon="11.825986951589584">
        <ele>-0.45</ele>
      </trkpt>
      <trkpt lat="44.92754858918488" lon="11.825706325471401">
        <ele>-0.39</ele>
      </trkpt>
      <trkpt lat="44.92760198190808" lon="11.825426956638694">
        <ele>-0.36</ele>
      </trkpt>
      <trkpt lat="44.92775193415582" lon="11.825068965554237">
        <ele>-0.26</ele>
      </trkpt>
      <trkpt lat="44.92795117199421" lon="11.824738634750247">
        <ele>-0.2</ele>
      </trkpt>
      <trkpt lat="44.92814999073744" lon="11.82440897449851">
        <ele>-0.11</ele>
      </trkpt>
      <trkpt lat="44.92832156829536" lon="11.824216861277819">
        <ele>-0.1</ele>
      </trkpt>
      <trkpt lat="44.92849297821522" lon="11.824024999514222">
        <ele>-0.08</ele>
      </trkpt>
      <trkpt lat="44.92864997126162" lon="11.823797933757305">
        <ele>-0.06</ele>
      </trkpt>
      <trkpt lat="44.92878098040819" lon="11.823450922966003">
        <ele>0.0</ele>
      </trkpt>
      <trkpt lat="44.92884359322488" lon="11.823193933814764">
        <ele>0.02</ele>
      </trkpt>
      <trkpt lat="44.92890595458448" lon="11.822937950491905">
        <ele>0.05</ele>
      </trkpt>
      <trkpt lat="44.92897795513272" lon="11.822530925273895">
        <ele>0.12</ele>
      </trkpt>
      <trkpt lat="44.92905096150935" lon="11.82232297025621">
        <ele>0.16</ele>
      </trkpt>
      <trkpt lat="44.929178953170776" lon="11.822123983874917">
        <ele>0.19</ele>
      </trkpt>
      <trkpt lat="44.929257994517684" lon="11.821906976401806">
        <ele>0.24</ele>
      </trkpt>
      <trkpt lat="44.92928699590266" lon="11.82167999446392">
        <ele>0.24</ele>
      </trkpt>
      <trkpt lat="44.92918197065592" lon="11.821273975074291">
        <ele>0.18</ele>
      </trkpt>
      <trkpt lat="44.929054733365774" lon="11.820919001474977">
        <ele>0.11</ele>
      </trkpt>
      <trkpt lat="44.92892749607563" lon="11.82056394405663">
        <ele>0.11</ele>
      </trkpt>
      <trkpt lat="44.928800258785486" lon="11.820208970457315">
        <ele>0.14</ele>
      </trkpt>
      <trkpt lat="44.92867302149534" lon="11.819853996858">
        <ele>0.15</ele>
      </trkpt>
      <trkpt lat="44.9285457842052" lon="11.819499023258686">
        <ele>0.1</ele>
      </trkpt>
      <trkpt lat="44.928418546915054" lon="11.819144049659371">
        <ele>0.07</ele>
      </trkpt>
      <trkpt lat="44.92829139344394" lon="11.818789076060057">
        <ele>0.14</ele>
      </trkpt>
      <trkpt lat="44.9281641561538" lon="11.818434102460742">
        <ele>0.19</ele>
      </trkpt>
      <trkpt lat="44.928038930520415" lon="11.818084996193647">
        <ele>0.18</ele>
      </trkpt>
      <trkpt lat="44.92795125581324" lon="11.817713342607021">
        <ele>0.17</ele>
      </trkpt>
      <trkpt lat="44.92786358110607" lon="11.817341689020395">
        <ele>0.24</ele>
      </trkpt>
      <trkpt lat="44.92777590639889" lon="11.81697003543377">
        <ele>0.32</ele>
      </trkpt>
      <trkpt lat="44.92768823169172" lon="11.816598381847143">
        <ele>0.34</ele>
      </trkpt>
      <trkpt lat="44.927600556984544" lon="11.816226728260517">
        <ele>0.36</ele>
      </trkpt>
      <trkpt lat="44.92751397192478" lon="11.81585993617773">
        <ele>0.34</ele>
      </trkpt>
      <trkpt lat="44.92735396139324" lon="11.815598923712969">
        <ele>0.38</ele>
      </trkpt>
      <trkpt lat="44.9272108823061" lon="11.815422819927335">
        <ele>0.36</ele>
      </trkpt>
      <trkpt lat="44.927067970857024" lon="11.815246967598796">
        <ele>0.36</ele>
      </trkpt>
      <trkpt lat="44.92696914821863" lon="11.81497547775507">
        <ele>0.37</ele>
      </trkpt>
      <trkpt lat="44.92687024176121" lon="11.814703987911344">
        <ele>0.4</ele>
      </trkpt>
      <trkpt lat="44.926771922037005" lon="11.814433922991157">
        <ele>0.43</ele>
      </trkpt>
      <trkpt lat="44.92663722485304" lon="11.814141478389502">
        <ele>0.44</ele>
      </trkpt>
      <trkpt lat="44.92650294676423" lon="11.813849955797195">
        <ele>0.41</ele>
      </trkpt>
      <trkpt lat="44.926379984244704" lon="11.813475955277681">
        <ele>0.4</ele>
      </trkpt>
      <trkpt lat="44.92625777609646" lon="11.81325014680624">
        <ele>0.41</ele>
      </trkpt>
      <trkpt lat="44.92613598704338" lon="11.81302492506802">
        <ele>0.43</ele>
      </trkpt>
      <trkpt lat="44.92604034952819" lon="11.812814120203257">
        <ele>0.44</ele>
      </trkpt>
      <trkpt lat="44.9259449634701" lon="11.812603985890746">
        <ele>0.42</ele>
      </trkpt>
      <trkpt lat="44.925813702866435" lon="11.812211209908128">
        <ele>0.33</ele>
      </trkpt>
      <trkpt lat="44.92568294517696" lon="11.81181994266808">
        <ele>0.23</ele>
      </trkpt>
      <trkpt lat="44.925587978214025" lon="11.811638977378607">
        <ele>0.19</ele>
      </trkpt>
      <trkpt lat="44.92550499737263" lon="11.811357932165265">
        <ele>0.2</ele>
      </trkpt>
      <trkpt lat="44.925462920218706" lon="11.810995917767286">
        <ele>0.25</ele>
      </trkpt>
      <trkpt lat="44.92537423968315" lon="11.810681344941258">
        <ele>0.25</ele>
      </trkpt>
      <trkpt lat="44.925285978242755" lon="11.810367945581675">
        <ele>0.22</ele>
      </trkpt>
      <trkpt lat="44.925220934674144" lon="11.80994994007051">
        <ele>0.17</ele>
      </trkpt>
      <trkpt lat="44.92518464103341" lon="11.809511398896575">
        <ele>0.09</ele>
      </trkpt>
      <trkpt lat="44.92514834739268" lon="11.809072941541672">
        <ele>0.08</ele>
      </trkpt>
      <trkpt lat="44.925112053751945" lon="11.808634400367737">
        <ele>0.16</ele>
      </trkpt>
      <trkpt lat="44.92507576011121" lon="11.808195859193802">
        <ele>0.26</ele>
      </trkpt>
      <trkpt lat="44.92503955028951" lon="11.807757318019867">
        <ele>0.29</ele>
      </trkpt>
      <trkpt lat="44.92500325664878" lon="11.807318860664964">
        <ele>0.32</ele>
      </trkpt>
      <trkpt lat="44.924966963008046" lon="11.806880319491029">
        <ele>0.33</ele>
      </trkpt>
      <trkpt lat="44.92493066936731" lon="11.806441778317094">
        <ele>0.37</ele>
      </trkpt>
      <trkpt lat="44.92489437572658" lon="11.806003237143159">
        <ele>0.45</ele>
      </trkpt>
      <trkpt lat="44.92485808208585" lon="11.805564779788256">
        <ele>0.55</ele>
      </trkpt>
      <trkpt lat="44.924821788445115" lon="11.80512623861432">
        <ele>0.51</ele>
      </trkpt>
      <trkpt lat="44.92478549480438" lon="11.804687697440386">
        <ele>0.49</ele>
      </trkpt>
      <trkpt lat="44.92474920116365" lon="11.80424915626645">
        <ele>0.56</ele>
      </trkpt>
      <trkpt lat="44.92471290752292" lon="11.803810698911548">
        <ele>0.62</ele>
      </trkpt>
      <trkpt lat="44.924676613882184" lon="11.803372157737613">
        <ele>0.63</ele>
      </trkpt>
      <trkpt lat="44.92464032024145" lon="11.802933616563678">
        <ele>0.7</ele>
      </trkpt>
      <trkpt lat="44.92460402660072" lon="11.802495159208775">
        <ele>0.78</ele>
      </trkpt>
      <trkpt lat="44.924567732959986" lon="11.80205661803484">
        <ele>0.89</ele>
      </trkpt>
      <trkpt lat="44.92453143931925" lon="11.801618076860905">
        <ele>0.94</ele>
      </trkpt>
      <trkpt lat="44.92449514567852" lon="11.80117953568697">
        <ele>0.99</ele>
      </trkpt>
      <trkpt lat="44.92445885203779" lon="11.800741078332067">
        <ele>1.08</ele>
      </trkpt>
      <trkpt lat="44.924422558397055" lon="11.800302537158132">
        <ele>1.22</ele>
      </trkpt>
      <trkpt lat="44.92438626475632" lon="11.799863995984197">
        <ele>1.32</ele>
      </trkpt>
      <trkpt lat="44.92434997111559" lon="11.799425538629293">
        <ele>1.36</ele>
      </trkpt>
      <trkpt lat="44.924313677474856" lon="11.798986997455359">
        <ele>1.4</ele>
      </trkpt>
      <trkpt lat="44.924277383834124" lon="11.798548456281424">
        <ele>1.45</ele>
      </trkpt>
      <trkpt lat="44.92424109019339" lon="11.79810999892652">
        <ele>1.53</ele>
      </trkpt>
      <trkpt lat="44.92420488037169" lon="11.797671457752585">
        <ele>1.64</ele>
      </trkpt>
      <trkpt lat="44.92416858673096" lon="11.79723291657865">
        <ele>1.75</ele>
      </trkpt>
      <trkpt lat="44.924132293090224" lon="11.796794459223747">
        <ele>1.76</ele>
      </trkpt>
      <trkpt lat="44.92409599944949" lon="11.796355918049812">
        <ele>1.77</ele>
      </trkpt>
      <trkpt lat="44.92405970580876" lon="11.795917376875877">
        <ele>1.79</ele>
      </trkpt>
      <trkpt lat="44.924023412168026" lon="11.795478919520974">
        <ele>1.86</ele>
      </trkpt>
      <trkpt lat="44.92398711852729" lon="11.79504037834704">
        <ele>1.81</ele>
      </trkpt>
      <trkpt lat="44.92395292036235" lon="11.794639974832535">
        <ele>1.8</ele>
      </trkpt>
      <trkpt lat="44.92394294589758" lon="11.794512988999486">
        <ele>1.79</ele>
      </trkpt>
      <trkpt lat="44.92392894811928" lon="11.79439296014607">
        <ele>1.76</ele>
      </trkpt>
      <trkpt lat="44.923890978097916" lon="11.793952155858278">
        <ele>1.71</ele>
      </trkpt>
      <trkpt lat="44.92385300807655" lon="11.793511351570487">
        <ele>1.74</ele>
      </trkpt>
      <trkpt lat="44.92381512187421" lon="11.793070631101727">
        <ele>1.72</ele>
      </trkpt>
      <trkpt lat="44.923777151852846" lon="11.792629826813936">
        <ele>1.64</ele>
      </trkpt>
      <trkpt lat="44.92373918183148" lon="11.792189022526145">
        <ele>1.52</ele>
      </trkpt>
      <trkpt lat="44.92370121181011" lon="11.791748218238354">
        <ele>1.49</ele>
      </trkpt>
      <trkpt lat="44.923663241788745" lon="11.791307497769594">
        <ele>1.49</ele>
      </trkpt>
      <trkpt lat="44.92362527176738" lon="11.790866693481803">
        <ele>1.43</ele>
      </trkpt>
      <trkpt lat="44.92358738556504" lon="11.790425889194012">
        <ele>1.33</ele>
      </trkpt>
      <trkpt lat="44.923549415543675" lon="11.78998508490622">
        <ele>1.26</ele>
      </trkpt>
      <trkpt lat="44.92351144552231" lon="11.789544364437461">
        <ele>1.17</ele>
      </trkpt>
      <trkpt lat="44.92347347550094" lon="11.78910356014967">
        <ele>1.17</ele>
      </trkpt>
      <trkpt lat="44.923435505479574" lon="11.788662755861878">
        <ele>1.12</ele>
      </trkpt>
      <trkpt lat="44.92339753545821" lon="11.788221951574087">
        <ele>1.07</ele>
      </trkpt>
      <trkpt lat="44.92335956543684" lon="11.787781231105328">
        <ele>0.98</ele>
      </trkpt>
      <trkpt lat="44.923321679234505" lon="11.787340426817536">
        <ele>0.95</ele>
      </trkpt>
      <trkpt lat="44.92328370921314" lon="11.786899622529745">
        <ele>0.92</ele>
      </trkpt>
      <trkpt lat="44.92324573919177" lon="11.786458818241954">
        <ele>0.89</ele>
      </trkpt>
      <trkpt lat="44.9232077691704" lon="11.786018097773194">
        <ele>0.92</ele>
      </trkpt>
      <trkpt lat="44.923169799149036" lon="11.785577293485403">
        <ele>0.95</ele>
      </trkpt>
      <trkpt lat="44.92313182912767" lon="11.785136489197612">
        <ele>0.9</ele>
      </trkpt>
      <trkpt lat="44.923093942925334" lon="11.784695768728852">
        <ele>0.89</ele>
      </trkpt>
      <trkpt lat="44.92305597290397" lon="11.784254964441061">
        <ele>0.94</ele>
      </trkpt>
      <trkpt lat="44.9230180028826" lon="11.78381416015327">
        <ele>0.99</ele>
      </trkpt>
      <trkpt lat="44.92298003286123" lon="11.783373355865479">
        <ele>0.95</ele>
      </trkpt>
      <trkpt lat="44.922943990677595" lon="11.782960966229439">
        <ele>0.86</ele>
      </trkpt>
      <trkpt lat="44.922907361760736" lon="11.782532650977373">
        <ele>0.77</ele>
      </trkpt>
      <trkpt lat="44.92287081666291" lon="11.78210441954434">
        <ele>0.76</ele>
      </trkpt>
      <trkpt lat="44.92283418774605" lon="11.781676104292274">
        <ele>0.8</ele>
      </trkpt>
      <trkpt lat="44.92279764264822" lon="11.78124787285924">
        <ele>0.8</ele>
      </trkpt>
      <trkpt lat="44.92276109755039" lon="11.780819641426206">
        <ele>0.78</ele>
      </trkpt>
      <trkpt lat="44.92272446863353" lon="11.78039132617414">
        <ele>0.82</ele>
      </trkpt>
      <trkpt lat="44.922687923535705" lon="11.779963094741106">
        <ele>0.84</ele>
      </trkpt>
      <trkpt lat="44.922651294618845" lon="11.77953477948904">
        <ele>0.88</ele>
      </trkpt>
      <trkpt lat="44.92261474952102" lon="11.779106548056006">
        <ele>0.91</ele>
      </trkpt>
      <trkpt lat="44.92257812060416" lon="11.77867823280394">
        <ele>0.99</ele>
      </trkpt>
      <trkpt lat="44.92254157550633" lon="11.778250001370907">
        <ele>0.98</ele>
      </trkpt>
      <trkpt lat="44.9225050304085" lon="11.777821686118841">
        <ele>0.97</ele>
      </trkpt>
      <trkpt lat="44.92246840149164" lon="11.777393454685807">
        <ele>1.02</ele>
      </trkpt>
      <trkpt lat="44.922432946041226" lon="11.776979975402355">
        <ele>1.12</ele>
      </trkpt>
      <trkpt lat="44.922400088980794" lon="11.776594240218401">
        <ele>1.18</ele>
      </trkpt>
      <trkpt lat="44.92236723192036" lon="11.776208421215415">
        <ele>1.28</ele>
      </trkpt>
      <trkpt lat="44.9223342910409" lon="11.77582268603146">
        <ele>1.3</ele>
      </trkpt>
      <trkpt lat="44.922301433980465" lon="11.775436950847507">
        <ele>1.36</ele>
      </trkpt>
      <trkpt lat="44.92226899601519" lon="11.77505599334836">
        <ele>1.41</ele>
      </trkpt>
      <trkpt lat="44.92221292108297" lon="11.774835968390107">
        <ele>1.47</ele>
      </trkpt>
      <trkpt lat="44.92209792137146" lon="11.774642933160067">
        <ele>1.54</ele>
      </trkpt>
      <trkpt lat="44.921875298023224" lon="11.77437731064856">
        <ele>1.66</ele>
      </trkpt>
      <trkpt lat="44.92165275849402" lon="11.774111688137054">
        <ele>1.77</ele>
      </trkpt>
      <trkpt lat="44.92143013514578" lon="11.773845981806517">
        <ele>1.87</ele>
      </trkpt>
      <trkpt lat="44.921207930892706" lon="11.773580946028233">
        <ele>1.96</ele>
      </trkpt>
      <trkpt lat="44.920986061915755" lon="11.773330410942435">
        <ele>1.97</ele>
      </trkpt>
      <trkpt lat="44.920764192938805" lon="11.77307995967567">
        <ele>1.98</ele>
      </trkpt>
      <trkpt lat="44.92054224014282" lon="11.772829424589872">
        <ele>1.95</ele>
      </trkpt>
      <trkpt lat="44.92032037116587" lon="11.772578889504075">
        <ele>1.98</ele>
      </trkpt>
      <trkpt lat="44.92012582719326" lon="11.77235928364098">
        <ele>2.0</ele>
      </trkpt>
      <trkpt lat="44.92010244168341" lon="11.772332964465022">
        <ele>2.02</ele>
      </trkpt>
      <trkpt lat="44.92009892128408" lon="11.7723289411515">
        <ele>2.04</ele>
      </trkpt>
      <trkpt lat="44.91997294127941" lon="11.772445952519774">
        <ele>2.1</ele>
      </trkpt>
      <trkpt lat="44.919892977923155" lon="11.772416951134801">
        <ele>2.11</ele>
      </trkpt>
      <trkpt lat="44.91981695406139" lon="11.772437989711761">
        <ele>2.13</ele>
      </trkpt>
      <trkpt lat="44.919545548036695" lon="11.772580398246646">
        <ele>2.15</ele>
      </trkpt>
      <trkpt lat="44.91927397437394" lon="11.772722974419594">
        <ele>2.11</ele>
      </trkpt>
      <trkpt lat="44.91904112510383" lon="11.772780390456319">
        <ele>2.07</ele>
      </trkpt>
      <trkpt lat="44.9188079405576" lon="11.772837974131107">
        <ele>2.05</ele>
      </trkpt>
      <trkpt lat="44.918572660535574" lon="11.772852474823594">
        <ele>2.02</ele>
      </trkpt>
      <trkpt lat="44.91833696141839" lon="11.77286697551608">
        <ele>2.0</ele>
      </trkpt>
      <trkpt lat="44.91809564642608" lon="11.772840991616249">
        <ele>1.96</ele>
      </trkpt>
      <trkpt lat="44.917853996157646" lon="11.772814923897386">
        <ele>1.93</ele>
      </trkpt>
      <trkpt lat="44.91757362149656" lon="11.772728506475687">
        <ele>1.89</ele>
      </trkpt>
      <trkpt lat="44.917292995378375" lon="11.772641921415925">
        <ele>1.85</ele>
      </trkpt>
      <trkpt lat="44.91712711751461" lon="11.772616021335125">
        <ele>1.78</ele>
      </trkpt>
      <trkpt lat="44.91696098819375" lon="11.772589953616261">
        <ele>1.72</ele>
      </trkpt>
      <trkpt lat="44.91664792411029" lon="11.772576626390219">
        <ele>1.65</ele>
      </trkpt>
      <trkpt lat="44.916334860026836" lon="11.772563299164176">
        <ele>1.62</ele>
      </trkpt>
      <trkpt lat="44.91602095775306" lon="11.772549971938133">
        <ele>1.65</ele>
      </trkpt>
      <trkpt lat="44.9158186186105" lon="11.77247453480959">
        <ele>1.6</ele>
      </trkpt>
      <trkpt lat="44.91561594419181" lon="11.772398930042982">
        <ele>1.54</ele>
      </trkpt>
      <trkpt lat="44.91535392589867" lon="11.772231962531805">
        <ele>1.52</ele>
      </trkpt>
      <trkpt lat="44.915069695562124" lon="11.772148059681058">
        <ele>1.46</ele>
      </trkpt>
      <trkpt lat="44.91478496231139" lon="11.772063989192247">
        <ele>1.46</ele>
      </trkpt>
      <trkpt lat="44.91455873474479" lon="11.771968016400933">
        <ele>1.45</ele>
      </trkpt>
      <trkpt lat="44.91433259099722" lon="11.77187204360962">
        <ele>1.46</ele>
      </trkpt>
      <trkpt lat="44.91410594433546" lon="11.771775986999273">
        <ele>1.49</ele>
      </trkpt>
      <trkpt lat="44.91392808035016" lon="11.771766934543848">
        <ele>1.48</ele>
      </trkpt>
      <trkpt lat="44.913749964907765" lon="11.771757965907454">
        <ele>1.46</ele>
      </trkpt>
      <trkpt lat="44.91343799047172" lon="11.771804988384247">
        <ele>1.39</ele>
      </trkpt>
      <trkpt lat="44.91320991888642" lon="11.771780932322145">
        <ele>1.31</ele>
      </trkpt>
      <trkpt lat="44.91304353810847" lon="11.771729467436671">
        <ele>1.27</ele>
      </trkpt>
      <trkpt lat="44.91287698969245" lon="11.771677918732166">
        <ele>1.25</ele>
      </trkpt>
      <trkpt lat="44.91268068552017" lon="11.77156233228743">
        <ele>1.26</ele>
      </trkpt>
      <trkpt lat="44.912484465166926" lon="11.771446745842695">
        <ele>1.28</ele>
      </trkpt>
      <trkpt lat="44.912287993356586" lon="11.771330991759896">
        <ele>1.27</ele>
      </trkpt>
      <trkpt lat="44.912026980891824" lon="11.771215992048383">
        <ele>1.22</ele>
      </trkpt>
      <trkpt lat="44.91186453960836" lon="11.771171987056732">
        <ele>1.19</ele>
      </trkpt>
      <trkpt lat="44.91170193068683" lon="11.771127982065082">
        <ele>1.18</ele>
      </trkpt>
      <trkpt lat="44.911470925435424" lon="11.771134939044714">
        <ele>1.16</ele>
      </trkpt>
      <trkpt lat="44.911224162206054" lon="11.7711909301579">
        <ele>1.11</ele>
      </trkpt>
      <trkpt lat="44.910976979881525" lon="11.771246921271086">
        <ele>1.07</ele>
      </trkpt>
      <trkpt lat="44.910731641575694" lon="11.771250441670418">
        <ele>1.08</ele>
      </trkpt>
      <trkpt lat="44.910485967993736" lon="11.77125396206975">
        <ele>1.1</ele>
      </trkpt>
      <trkpt lat="44.910249933600426" lon="11.771333925426006">
        <ele>1.14</ele>
      </trkpt>
      <trkpt lat="44.91003996692598" lon="11.77153098396957">
        <ele>1.25</ele>
      </trkpt>
      <trkpt lat="44.909863946959376" lon="11.771795935928822">
        <ele>1.34</ele>
      </trkpt>
      <trkpt lat="44.9096589256078" lon="11.772021995857358">
        <ele>1.36</ele>
      </trkpt>
      <trkpt lat="44.9094379786402" lon="11.772160967811942">
        <ele>1.44</ele>
      </trkpt>
      <trkpt lat="44.90926061756909" lon="11.77222391590476">
        <ele>1.52</ele>
      </trkpt>
      <trkpt lat="44.90908292122185" lon="11.77228694781661">
        <ele>1.59</ele>
      </trkpt>
      <trkpt lat="44.90878368727863" lon="11.772349392995238">
        <ele>1.68</ele>
      </trkpt>
      <trkpt lat="44.908483950421214" lon="11.772411921992898">
        <ele>1.82</ele>
      </trkpt>
      <trkpt lat="44.90817775949836" lon="11.772428434342146">
        <ele>1.96</ele>
      </trkpt>
      <trkpt lat="44.90787098184228" lon="11.772444946691394">
        <ele>2.09</ele>
      </trkpt>
      <trkpt lat="44.90757895633578" lon="11.772386943921447">
        <ele>2.32</ele>
      </trkpt>
      <trkpt lat="44.907406037673354" lon="11.772314021363854">
        <ele>2.48</ele>
      </trkpt>
      <trkpt lat="44.90723295137286" lon="11.772240931168199">
        <ele>2.59</ele>
      </trkpt>
      <trkpt lat="44.90701166912913" lon="11.77220145240426">
        <ele>2.7</ele>
      </trkpt>
      <trkpt lat="44.906789967790246" lon="11.772161973640323">
        <ele>2.78</ele>
      </trkpt>
      <trkpt lat="44.9066299572587" lon="11.772236991673708">
        <ele>2.88</ele>
      </trkpt>
      <trkpt lat="44.90639400668442" lon="11.77239641547203">
        <ele>2.99</ele>
      </trkpt>
      <trkpt lat="44.90615797229111" lon="11.772555923089385">
        <ele>3.11</ele>
      </trkpt>
      <trkpt lat="44.905898133292794" lon="11.77267737686634">
        <ele>3.21</ele>
      </trkpt>
      <trkpt lat="44.90563795901835" lon="11.77279899828136">
        <ele>3.26</ele>
      </trkpt>
      <trkpt lat="44.905519941821694" lon="11.772890947759151">
        <ele>3.25</ele>
      </trkpt>
      <trkpt lat="44.90535842254758" lon="11.772744432091713">
        <ele>3.23</ele>
      </trkpt>
      <trkpt lat="44.905196987092495" lon="11.772597916424274">
        <ele>3.25</ele>
      </trkpt>
      <trkpt lat="44.90506639704108" lon="11.77242181263864">
        <ele>3.26</ele>
      </trkpt>
      <trkpt lat="44.90493597462773" lon="11.772245960310102">
        <ele>3.27</ele>
      </trkpt>
      <trkpt lat="44.904767498373985" lon="11.771872211247683">
        <ele>3.23</ele>
      </trkpt>
      <trkpt lat="44.90459902212024" lon="11.771498378366232">
        <ele>3.21</ele>
      </trkpt>
      <trkpt lat="44.90443054586649" lon="11.771124629303813">
        <ele>3.15</ele>
      </trkpt>
      <trkpt lat="44.90426215343177" lon="11.770750880241394">
        <ele>3.09</ele>
      </trkpt>
      <trkpt lat="44.9040949344635" lon="11.770379981026053">
        <ele>3.08</ele>
      </trkpt>
      <trkpt lat="44.90399384871125" lon="11.770193735137582">
        <ele>3.05</ele>
      </trkpt>
      <trkpt lat="44.90389293059707" lon="11.7700079921633">
        <ele>3.0</ele>
      </trkpt>
      <trkpt lat="44.903739960864186" lon="11.769788973033428">
        <ele>2.95</ele>
      </trkpt>
      <trkpt lat="44.9038790166378" lon="11.769643882289529">
        <ele>2.9</ele>
      </trkpt>
      <trkpt lat="44.904017988592386" lon="11.769498959183693">
        <ele>2.84</ele>
      </trkpt>
      <trkpt lat="44.90423030219972" lon="11.769218584522605">
        <ele>2.74</ele>
      </trkpt>
      <trkpt lat="44.90444269962609" lon="11.768938209861517">
        <ele>2.64</ele>
      </trkpt>
      <trkpt lat="44.90465501323342" lon="11.768657751381397">
        <ele>2.62</ele>
      </trkpt>
      <trkpt lat="44.90486732684076" lon="11.76837737672031">
        <ele>2.57</ele>
      </trkpt>
      <trkpt lat="44.90507896989584" lon="11.76809792406857">
        <ele>2.53</ele>
      </trkpt>
      <trkpt lat="44.90520293824375" lon="11.76796993240714">
        <ele>2.47</ele>
      </trkpt>
      <trkpt lat="44.905475936830044" lon="11.767841940745711">
        <ele>2.45</ele>
      </trkpt>
      <trkpt lat="44.905631924048066" lon="11.767829954624176">
        <ele>2.44</ele>
      </trkpt>
      <trkpt lat="44.905891763046384" lon="11.767866918817163">
        <ele>2.37</ele>
      </trkpt>
      <trkpt lat="44.90615193732083" lon="11.76790396682918">
        <ele>2.33</ele>
      </trkpt>
      <trkpt lat="44.906456703320146" lon="11.76794738508761">
        <ele>2.27</ele>
      </trkpt>
      <trkpt lat="44.90676197223365" lon="11.767990970984101">
        <ele>2.25</ele>
      </trkpt>
      <trkpt lat="44.906944278627634" lon="11.76798845641315">
        <ele>2.24</ele>
      </trkpt>
      <trkpt lat="44.90712692029774" lon="11.767985941842198">
        <ele>2.25</ele>
      </trkpt>
      <trkpt lat="44.90739497356117" lon="11.767832972109318">
        <ele>2.23</ele>
      </trkpt>
      <trkpt lat="44.90763972513378" lon="11.767604649066925">
        <ele>2.21</ele>
      </trkpt>
      <trkpt lat="44.90788456052542" lon="11.767376409843564">
        <ele>2.2</ele>
      </trkpt>
      <trkpt lat="44.908129312098026" lon="11.767148086801171">
        <ele>2.26</ele>
      </trkpt>
      <trkpt lat="44.9083739798516" lon="11.766919931396842">
        <ele>2.27</ele>
      </trkpt>
      <trkpt lat="44.90863750688732" lon="11.766817169263959">
        <ele>2.23</ele>
      </trkpt>
      <trkpt lat="44.90890103392303" lon="11.766714407131076">
        <ele>2.12</ele>
      </trkpt>
      <trkpt lat="44.909164644777775" lon="11.766611561179161">
        <ele>2.08</ele>
      </trkpt>
      <trkpt lat="44.90942817181349" lon="11.766508799046278">
        <ele>2.11</ele>
      </trkpt>
      <trkpt lat="44.9096916988492" lon="11.766406036913395">
        <ele>2.12</ele>
      </trkpt>
      <trkpt lat="44.909955225884914" lon="11.76630319096148">
        <ele>2.11</ele>
      </trkpt>
      <trkpt lat="44.91021992638707" lon="11.766199925914407">
        <ele>2.12</ele>
      </trkpt>
      <trkpt lat="44.910329980775714" lon="11.766057936474681">
        <ele>2.12</ele>
      </trkpt>
      <trkpt lat="44.91040198132396" lon="11.765830954536796">
        <ele>2.06</ele>
      </trkpt>
      <trkpt lat="44.91048714146018" lon="11.765469694510102">
        <ele>1.92</ele>
      </trkpt>
      <trkpt lat="44.910571966320276" lon="11.76510994322598">
        <ele>1.81</ele>
      </trkpt>
      <trkpt lat="44.91068713366985" lon="11.764874663203955">
        <ele>1.75</ele>
      </trkpt>
      <trkpt lat="44.9108019657433" lon="11.764639969915152">
        <ele>1.75</ele>
      </trkpt>
      <trkpt lat="44.91103892214596" lon="11.764348950237036">
        <ele>1.74</ele>
      </trkpt>
      <trkpt lat="44.91125391796231" lon="11.764089949429035">
        <ele>1.67</ele>
      </trkpt>
      <trkpt lat="44.91147134453058" lon="11.763972518965602">
        <ele>1.65</ele>
      </trkpt>
      <trkpt lat="44.911688938736916" lon="11.763854920864105">
        <ele>1.72</ele>
      </trkpt>
      <trkpt lat="44.911938048899174" lon="11.763792727142572">
        <ele>1.77</ele>
      </trkpt>
      <trkpt lat="44.9121870752424" lon="11.76373053342104">
        <ele>1.76</ele>
      </trkpt>
      <trkpt lat="44.91243610158563" lon="11.763668339699507">
        <ele>1.73</ele>
      </trkpt>
      <trkpt lat="44.91268596611917" lon="11.76360597833991">
        <ele>1.67</ele>
      </trkpt>
      <trkpt lat="44.91274899803102" lon="11.763582928106189">
        <ele>1.64</ele>
      </trkpt>
      <trkpt lat="44.912913953885436" lon="11.763523919507861">
        <ele>1.63</ele>
      </trkpt>
      <trkpt lat="44.91293599829078" lon="11.763515956699848">
        <ele>1.63</ele>
      </trkpt>
      <trkpt lat="44.91323414258659" lon="11.763402046635747">
        <ele>1.64</ele>
      </trkpt>
      <trkpt lat="44.91353237070143" lon="11.763288136571646">
        <ele>1.63</ele>
      </trkpt>
      <trkpt lat="44.913830598816276" lon="11.763174142688513">
        <ele>1.62</ele>
      </trkpt>
      <trkpt lat="44.91412882693112" lon="11.763060232624412">
        <ele>1.64</ele>
      </trkpt>
      <trkpt lat="44.91442797705531" lon="11.762945987284184">
        <ele>1.64</ele>
      </trkpt>
      <trkpt lat="44.91466602310538" lon="11.762715401127934">
        <ele>1.59</ele>
      </trkpt>
      <trkpt lat="44.914904069155455" lon="11.762484898790717">
        <ele>1.54</ele>
      </trkpt>
      <trkpt lat="44.915142115205526" lon="11.762254312634468">
        <ele>1.53</ele>
      </trkpt>
      <trkpt lat="44.9153801612556" lon="11.76202381029725">
        <ele>1.57</ele>
      </trkpt>
      <trkpt lat="44.91561820730567" lon="11.761793224141002">
        <ele>1.57</ele>
      </trkpt>
      <trkpt lat="44.91585625335574" lon="11.761562721803784">
        <ele>1.55</ele>
      </trkpt>
      <trkpt lat="44.91609429940581" lon="11.761332135647535">
        <ele>1.55</ele>
      </trkpt>
      <trkpt lat="44.916331926360726" lon="11.761101968586445">
        <ele>1.58</ele>
      </trkpt>
      <trkpt lat="44.91649294272065" lon="11.7609419580549">
        <ele>1.64</ele>
      </trkpt>
      <trkpt lat="44.916744315996766" lon="11.760698296129704">
        <ele>1.65</ele>
      </trkpt>
      <trkpt lat="44.91699568927288" lon="11.760454718023539">
        <ele>1.66</ele>
      </trkpt>
      <trkpt lat="44.91724697872996" lon="11.760211056098342">
        <ele>1.64</ele>
      </trkpt>
      <trkpt lat="44.91749835200608" lon="11.759967477992177">
        <ele>1.63</ele>
      </trkpt>
      <trkpt lat="44.91774972528219" lon="11.75972381606698">
        <ele>1.68</ele>
      </trkpt>
      <trkpt lat="44.91800109855831" lon="11.759480237960815">
        <ele>1.71</ele>
      </trkpt>
      <trkpt lat="44.91825238801539" lon="11.759236576035619">
        <ele>1.81</ele>
      </trkpt>
      <trkpt lat="44.918503761291504" lon="11.758992997929454">
        <ele>1.88</ele>
      </trkpt>
      <trkpt lat="44.91875513456762" lon="11.758749336004257">
        <ele>1.96</ele>
      </trkpt>
      <trkpt lat="44.9190064240247" lon="11.75850567407906">
        <ele>2.04</ele>
      </trkpt>
      <trkpt lat="44.919257797300816" lon="11.758262095972896">
        <ele>2.16</ele>
      </trkpt>
      <trkpt lat="44.91950917057693" lon="11.758018434047699">
        <ele>2.25</ele>
      </trkpt>
      <trkpt lat="44.919760543853045" lon="11.757774772122502">
        <ele>2.35</ele>
      </trkpt>
      <trkpt lat="44.92001183331013" lon="11.757531194016337">
        <ele>2.53</ele>
      </trkpt>
      <trkpt lat="44.92026320658624" lon="11.75728753209114">
        <ele>2.73</ele>
      </trkpt>
      <trkpt lat="44.920514579862356" lon="11.757043870165944">
        <ele>2.81</ele>
      </trkpt>
      <trkpt lat="44.92076494731009" lon="11.756800962612033">
        <ele>2.85</ele>
      </trkpt>
      <trkpt lat="44.92087592370808" lon="11.756690992042422">
        <ele>2.94</ele>
      </trkpt>
      <trkpt lat="44.921117993071675" lon="11.756465937942266">
        <ele>3.02</ele>
      </trkpt>
      <trkpt lat="44.92119359783828" lon="11.756375581026077">
        <ele>3.11</ele>
      </trkpt>
      <trkpt lat="44.92122461088002" lon="11.756338533014059">
        <ele>3.2</ele>
      </trkpt>
      <trkpt lat="44.92127791978419" lon="11.756274998188019">
        <ele>3.28</ele>
      </trkpt>
      <trkpt lat="44.92128596641123" lon="11.756228981539607">
        <ele>3.34</ele>
      </trkpt>
      <trkpt lat="44.921504985541105" lon="11.756160920485854">
        <ele>3.44</ele>
      </trkpt>
      <trkpt lat="44.92166390642524" lon="11.756075005978346">
        <ele>3.49</ele>
      </trkpt>
      <trkpt lat="44.92182299494743" lon="11.755988923832774">
        <ele>3.49</ele>
      </trkpt>
      <trkpt lat="44.92201485671103" lon="11.755886496976018">
        <ele>3.49</ele>
      </trkpt>
      <trkpt lat="44.92220696993172" lon="11.75578398630023">
        <ele>3.42</ele>
      </trkpt>
      <trkpt lat="44.92232792079449" lon="11.75571994856">
        <ele>3.4</ele>
      </trkpt>
      <trkpt lat="44.92241794243455" lon="11.755671920254827">
        <ele>3.37</ele>
      </trkpt>
      <trkpt lat="44.922706950455904" lon="11.755521381273866">
        <ele>3.31</ele>
      </trkpt>
      <trkpt lat="44.92299595847726" lon="11.755370842292905">
        <ele>3.29</ele>
      </trkpt>
      <trkpt lat="44.92328488267958" lon="11.755220219492912">
        <ele>3.27</ele>
      </trkpt>
      <trkpt lat="44.923573890700936" lon="11.755069680511951">
        <ele>3.31</ele>
      </trkpt>
      <trkpt lat="44.92386289872229" lon="11.75491914153099">
        <ele>3.3</ele>
      </trkpt>
      <trkpt lat="44.924151906743646" lon="11.754768518730998">
        <ele>3.28</ele>
      </trkpt>
      <trkpt lat="44.92444083094597" lon="11.754617979750037">
        <ele>3.31</ele>
      </trkpt>
      <trkpt lat="44.92472983896732" lon="11.754467440769076">
        <ele>3.23</ele>
      </trkpt>
      <trkpt lat="44.92501884698868" lon="11.754316817969084">
        <ele>3.17</ele>
      </trkpt>
      <trkpt lat="44.925307771191" lon="11.754166278988123">
        <ele>3.17</ele>
      </trkpt>
      <trkpt lat="44.925596779212356" lon="11.754015740007162">
        <ele>3.24</ele>
      </trkpt>
      <trkpt lat="44.92588578723371" lon="11.75386511720717">
        <ele>3.34</ele>
      </trkpt>
      <trkpt lat="44.926174795255065" lon="11.753714578226209">
        <ele>3.4</ele>
      </trkpt>
      <trkpt lat="44.92646371945739" lon="11.753563955426216">
        <ele>3.35</ele>
      </trkpt>
      <trkpt lat="44.92675272747874" lon="11.753413416445255">
        <ele>3.33</ele>
      </trkpt>
      <trkpt lat="44.9270417355001" lon="11.753262793645263">
        <ele>3.35</ele>
      </trkpt>
      <trkpt lat="44.92733292281628" lon="11.753110997378826">
        <ele>3.37</ele>
      </trkpt>
      <trkpt lat="44.92758781649172" lon="11.7529690079391">
        <ele>3.4</ele>
      </trkpt>
      <trkpt lat="44.92784271016717" lon="11.752827102318406">
        <ele>3.48</ele>
      </trkpt>
      <trkpt lat="44.92809793911874" lon="11.752684945240617">
        <ele>3.56</ele>
      </trkpt>
      <trkpt lat="44.928352665156126" lon="11.752529880031943">
        <ele>3.59</ele>
      </trkpt>
      <trkpt lat="44.92860747501254" lon="11.752374731004238">
        <ele>3.57</ele>
      </trkpt>
      <trkpt lat="44.928862201049924" lon="11.752219581976533">
        <ele>3.58</ele>
      </trkpt>
      <trkpt lat="44.92911692708731" lon="11.75206451676786">
        <ele>3.65</ele>
      </trkpt>
      <trkpt lat="44.92937173694372" lon="11.751909367740154">
        <ele>3.73</ele>
      </trkpt>
      <trkpt lat="44.92962478660047" lon="11.75175522454083">
        <ele>3.79</ele>
      </trkpt>
      <trkpt lat="44.929626965895295" lon="11.751753967255354">
        <ele>3.83</ele>
      </trkpt>
      <trkpt lat="44.92949729785323" lon="11.751420786604285">
        <ele>3.8</ele>
      </trkpt>
      <trkpt lat="44.9293677136302" lon="11.751087605953217">
        <ele>3.75</ele>
      </trkpt>
      <trkpt lat="44.92923812940717" lon="11.750754425302148">
        <ele>3.79</ele>
      </trkpt>
      <trkpt lat="44.929108461365104" lon="11.75042124465108">
        <ele>3.86</ele>
      </trkpt>
      <trkpt lat="44.928979966789484" lon="11.75009099766612">
        <ele>3.98</ele>
      </trkpt>
      <trkpt lat="44.92895197123289" lon="11.749965939670801">
        <ele>4.05</ele>
      </trkpt>
      <trkpt lat="44.92890939116478" lon="11.749539887532592">
        <ele>4.09</ele>
      </trkpt>
      <trkpt lat="44.92886672727764" lon="11.749113835394382">
        <ele>4.14</ele>
      </trkpt>
      <trkpt lat="44.928824147209525" lon="11.748687867075205">
        <ele>4.22</ele>
      </trkpt>
      <trkpt lat="44.92878198623657" lon="11.74826592206955">
        <ele>4.33</ele>
      </trkpt>
      <trkpt lat="44.92869531735778" lon="11.748022511601448">
        <ele>4.46</ele>
      </trkpt>
      <trkpt lat="44.92860898375511" lon="11.747779939323664">
        <ele>4.6</ele>
      </trkpt>
      <trkpt lat="44.92869892157614" lon="11.7477089446038">
        <ele>4.75</ele>
      </trkpt>
      <trkpt lat="44.928966807201505" lon="11.747612049803138">
        <ele>4.97</ele>
      </trkpt>
      <trkpt lat="44.929234609007835" lon="11.747515071183443">
        <ele>5.2</ele>
      </trkpt>
      <trkpt lat="44.929502410814166" lon="11.74741817638278">
        <ele>5.41</ele>
      </trkpt>
      <trkpt lat="44.92977029643953" lon="11.747321197763085">
        <ele>5.57</ele>
      </trkpt>
      <trkpt lat="44.93003809824586" lon="11.747224302962422">
        <ele>5.75</ele>
      </trkpt>
      <trkpt lat="44.93030590005219" lon="11.747127324342728">
        <ele>5.96</ele>
      </trkpt>
      <trkpt lat="44.93057370185852" lon="11.747030429542065">
        <ele>6.27</ele>
      </trkpt>
      <trkpt lat="44.93084292858839" lon="11.74693294800818">
        <ele>6.57</ele>
      </trkpt>
      <trkpt lat="44.930935967713594" lon="11.746929930523038">
        <ele>6.79</ele>
      </trkpt>
      <trkpt lat="44.93121097795665" lon="11.747033949941397">
        <ele>7.04</ele>
      </trkpt>
      <trkpt lat="44.93126998655498" lon="11.74693294800818">
        <ele>7.23</ele>
      </trkpt>
      <trkpt lat="44.93112598545849" lon="11.746856924146414">
        <ele>7.34</ele>
      </trkpt>
      <trkpt lat="44.93092096410692" lon="11.746552996337414">
        <ele>7.41</ele>
      </trkpt>
      <trkpt lat="44.93081007152796" lon="11.746275471523404">
        <ele>7.52</ele>
      </trkpt>
      <trkpt lat="44.93069926276803" lon="11.745998030528426">
        <ele>7.61</ele>
      </trkpt>
      <trkpt lat="44.93058895692229" lon="11.745721930637956">
        <ele>7.73</ele>
      </trkpt>
      <trkpt lat="44.93046339601278" lon="11.745577426627278">
        <ele>7.84</ele>
      </trkpt>
      <trkpt lat="44.930337918922305" lon="11.745432922616601">
        <ele>7.93</ele>
      </trkpt>
      <trkpt lat="44.93016022257507" lon="11.745267631486058">
        <ele>8.04</ele>
      </trkpt>
      <trkpt lat="44.92998252622783" lon="11.745102256536484">
        <ele>8.11</ele>
      </trkpt>
      <trkpt lat="44.92980499751866" lon="11.744936965405941">
        <ele>8.18</ele>
      </trkpt>
      <trkpt lat="44.929560497403145" lon="11.744788018986583">
        <ele>8.22</ele>
      </trkpt>
      <trkpt lat="44.92931608110666" lon="11.744639072567225">
        <ele>8.2</ele>
      </trkpt>
      <trkpt lat="44.92907166481018" lon="11.744490126147866">
        <ele>8.18</ele>
      </trkpt>
      <trkpt lat="44.9288269970566" lon="11.744340928271413">
        <ele>8.15</ele>
      </trkpt>
      <trkpt lat="44.928678469732404" lon="11.744228946045041">
        <ele>8.15</ele>
      </trkpt>
      <trkpt lat="44.928529942408204" lon="11.74411696381867">
        <ele>8.22</ele>
      </trkpt>
      <trkpt lat="44.92834260687232" lon="11.743975644931197">
        <ele>8.27</ele>
      </trkpt>
      <trkpt lat="44.92815535515547" lon="11.743834326043725">
        <ele>8.33</ele>
      </trkpt>
      <trkpt lat="44.92796793580055" lon="11.743692923337221">
        <ele>8.4</ele>
      </trkpt>
      <trkpt lat="44.92775101214647" lon="11.743571637198329">
        <ele>8.37</ele>
      </trkpt>
      <trkpt lat="44.927534172311425" lon="11.743450351059437">
        <ele>8.34</ele>
      </trkpt>
      <trkpt lat="44.92731699720025" lon="11.743328981101513">
        <ele>8.34</ele>
      </trkpt>
      <trkpt lat="44.927116921171546" lon="11.743157990276814">
        <ele>8.38</ele>
      </trkpt>
      <trkpt lat="44.9269051104784" lon="11.74287979491055">
        <ele>8.43</ele>
      </trkpt>
      <trkpt lat="44.926693299785256" lon="11.742601599544287">
        <ele>8.43</ele>
      </trkpt>
      <trkpt lat="44.9264819920063" lon="11.742323990911245">
        <ele>8.42</ele>
      </trkpt>
      <trkpt lat="44.92630396038294" lon="11.742101954296231">
        <ele>8.39</ele>
      </trkpt>
      <trkpt lat="44.92611494846642" lon="11.741770952939987">
        <ele>8.44</ele>
      </trkpt>
      <trkpt lat="44.92600942030549" lon="11.741445316001773">
        <ele>8.5</ele>
      </trkpt>
      <trkpt lat="44.92590389214456" lon="11.741119679063559">
        <ele>8.49</ele>
      </trkpt>
      <trkpt lat="44.92579895071685" lon="11.740795969963074">
        <ele>8.53</ele>
      </trkpt>
      <trkpt lat="44.92566936649382" lon="11.740464381873608">
        <ele>8.65</ele>
      </trkpt>
      <trkpt lat="44.92553986608982" lon="11.740132793784142">
        <ele>8.83</ele>
      </trkpt>
      <trkpt lat="44.92541095241904" lon="11.739802965894341">
        <ele>9.02</ele>
      </trkpt>
      <trkpt lat="44.92534280754626" lon="11.739531392231584">
        <ele>9.15</ele>
      </trkpt>
      <trkpt lat="44.9252749979496" lon="11.73926099203527">
        <ele>9.27</ele>
      </trkpt>
      <trkpt lat="44.925166787579656" lon="11.73891892656684">
        <ele>9.39</ele>
      </trkpt>
      <trkpt lat="44.92505857720971" lon="11.73857694491744">
        <ele>9.57</ele>
      </trkpt>
      <trkpt lat="44.92495095357299" lon="11.738236974924803">
        <ele>9.72</ele>
      </trkpt>
      <trkpt lat="44.92479169741273" lon="11.737856352701783">
        <ele>9.81</ele>
      </trkpt>
      <trkpt lat="44.92463244125247" lon="11.737475730478764">
        <ele>9.94</ele>
      </trkpt>
      <trkpt lat="44.92447318509221" lon="11.737095108255744">
        <ele>10.07</ele>
      </trkpt>
      <trkpt lat="44.92431493476033" lon="11.736716916784644">
        <ele>10.16</ele>
      </trkpt>
      <trkpt lat="44.92428098805249" lon="11.736496975645423">
        <ele>10.25</ele>
      </trkpt>
      <trkpt lat="44.92430554702878" lon="11.73616161569953">
        <ele>10.3</ele>
      </trkpt>
      <trkpt lat="44.92432993836701" lon="11.73582793213427">
        <ele>10.35</ele>
      </trkpt>
      <trkpt lat="44.924318958073854" lon="11.735407998785377">
        <ele>10.46</ele>
      </trkpt>
      <trkpt lat="44.92429465055466" lon="11.734978090971708">
        <ele>10.53</ele>
      </trkpt>
      <trkpt lat="44.92427034303546" lon="11.73454818315804">
        <ele>10.62</ele>
      </trkpt>
      <trkpt lat="44.92424595169723" lon="11.734118275344372">
        <ele>10.68</ele>
      </trkpt>
      <trkpt lat="44.92422164417803" lon="11.733688367530704">
        <ele>10.65</ele>
      </trkpt>
      <trkpt lat="44.924197336658835" lon="11.733258543536067">
        <ele>10.63</ele>
      </trkpt>
      <trkpt lat="44.92417302913964" lon="11.732828635722399">
        <ele>10.63</ele>
      </trkpt>
      <trkpt lat="44.92414872162044" lon="11.73239872790873">
        <ele>10.53</ele>
      </trkpt>
      <trkpt lat="44.92412433028221" lon="11.731968820095062">
        <ele>10.34</ele>
      </trkpt>
      <trkpt lat="44.924100022763014" lon="11.731538996100426">
        <ele>10.15</ele>
      </trkpt>
      <trkpt lat="44.924075715243816" lon="11.731109088286757">
        <ele>9.91</ele>
      </trkpt>
      <trkpt lat="44.92405199445784" lon="11.730690998956561">
        <ele>9.65</ele>
      </trkpt>
      <trkpt lat="44.924020897597075" lon="11.730382880195975">
        <ele>9.39</ele>
      </trkpt>
      <trkpt lat="44.92398980073631" lon="11.73007476143539">
        <ele>9.01</ele>
      </trkpt>
      <trkpt lat="44.92395895533264" lon="11.729768989607692">
        <ele>8.64</ele>
      </trkpt>
      <trkpt lat="44.923785952851176" lon="11.729691959917545">
        <ele>8.2</ele>
      </trkpt>
      <trkpt lat="44.92361253127456" lon="11.729447292163968">
        <ele>7.71</ele>
      </trkpt>
      <trkpt lat="44.92343919351697" lon="11.72920254059136">
        <ele>7.2</ele>
      </trkpt>
      <trkpt lat="44.92326577194035" lon="11.728957872837782">
        <ele>6.7</ele>
      </trkpt>
      <trkpt lat="44.92309293709695" lon="11.72871395945549">
        <ele>6.23</ele>
      </trkpt>
      <trkpt lat="44.922991935163736" lon="11.728621926158667">
        <ele>5.82</ele>
      </trkpt>
      <trkpt lat="44.92279797792435" lon="11.728572975844145">
        <ele>5.43</ele>
      </trkpt>
      <trkpt lat="44.922665962949395" lon="11.72860692255199">
        <ele>5.06</ele>
      </trkpt>
      <trkpt lat="44.92269999347627" lon="11.728524947538972">
        <ele>4.65</ele>
      </trkpt>
      <trkpt lat="44.92270493879914" lon="11.728328978642821">
        <ele>4.26</ele>
      </trkpt>
      <trkpt lat="44.92260376922786" lon="11.728028738871217">
        <ele>3.9</ele>
      </trkpt>
      <trkpt lat="44.92250259965658" lon="11.727728499099612">
        <ele>3.56</ele>
      </trkpt>
      <trkpt lat="44.92240193299949" lon="11.727429935708642">
        <ele>3.26</ele>
      </trkpt>
      <trkpt lat="44.92231727577746" lon="11.727182501927018">
        <ele>2.93</ele>
      </trkpt>
      <trkpt lat="44.92223295383155" lon="11.726935990154743">
        <ele>2.62</ele>
      </trkpt>
      <trkpt lat="44.92218593135476" lon="11.726663997396827">
        <ele>2.33</ele>
      </trkpt>
      <trkpt lat="44.92218693718314" lon="11.726337941363454">
        <ele>2.08</ele>
      </trkpt>
      <trkpt lat="44.92216195911169" lon="11.726276921108365">
        <ele>1.9</ele>
      </trkpt>
      <trkpt lat="44.922191966325045" lon="11.726218918338418">
        <ele>1.75</ele>
      </trkpt>
      <trkpt lat="44.92221652530134" lon="11.725917253643274">
        <ele>1.56</ele>
      </trkpt>
      <trkpt lat="44.922240916639566" lon="11.725616930052638">
        <ele>1.48</ele>
      </trkpt>
      <trkpt lat="44.92228995077312" lon="11.725324988365173">
        <ele>1.5</ele>
      </trkpt>
      <trkpt lat="44.92237293161452" lon="11.724926931783557">
        <ele>1.52</ele>
      </trkpt>
      <trkpt lat="44.9224669765681" lon="11.724616969004273">
        <ele>1.51</ele>
      </trkpt>
      <trkpt lat="44.92262757383287" lon="11.724316980689764">
        <ele>1.53</ele>
      </trkpt>
      <trkpt lat="44.922788171097636" lon="11.724016992375255">
        <ele>1.57</ele>
      </trkpt>
      <trkpt lat="44.9229487683624" lon="11.723717004060745">
        <ele>1.7</ele>
      </trkpt>
      <trkpt lat="44.92310936562717" lon="11.723417015746236">
        <ele>1.88</ele>
      </trkpt>
      <trkpt lat="44.923268957063556" lon="11.723118955269456">
        <ele>1.95</ele>
      </trkpt>
      <trkpt lat="44.923374988138676" lon="11.722850985825062">
        <ele>1.98</ele>
      </trkpt>
      <trkpt lat="44.92340499535203" lon="11.72265694476664">
        <ele>2.02</ele>
      </trkpt>
      <trkpt lat="44.923394937068224" lon="11.72230607829988">
        <ele>2.1</ele>
      </trkpt>
      <trkpt lat="44.92338496260345" lon="11.721956972032785">
        <ele>2.19</ele>
      </trkpt>
      <trkpt lat="44.923360738903284" lon="11.721571991220117">
        <ele>2.27</ele>
      </trkpt>
      <trkpt lat="44.92333643138409" lon="11.721187010407448">
        <ele>2.34</ele>
      </trkpt>
      <trkpt lat="44.92331220768392" lon="11.72080211341381">
        <ele>2.44</ele>
      </trkpt>
      <trkpt lat="44.92328790016472" lon="11.720417132601142">
        <ele>2.6</ele>
      </trkpt>
      <trkpt lat="44.92326392792165" lon="11.720036929473281">
        <ele>2.7</ele>
      </trkpt>
      <trkpt lat="44.92325596511364" lon="11.719719674438238">
        <ele>2.78</ele>
      </trkpt>
      <trkpt lat="44.923247918486595" lon="11.719403928145766">
        <ele>2.91</ele>
      </trkpt>
      <trkpt lat="44.92317776195705" lon="11.719042835757136">
        <ele>3.04</ele>
      </trkpt>
      <trkpt lat="44.923107605427504" lon="11.718681659549475">
        <ele>3.13</ele>
      </trkpt>
      <trkpt lat="44.92303795181215" lon="11.718322997912765">
        <ele>3.16</ele>
      </trkpt>
      <trkpt lat="44.92300333455205" lon="11.718061314895749">
        <ele>3.24</ele>
      </trkpt>
      <trkpt lat="44.922968968749046" lon="11.717800972983241">
        <ele>3.33</ele>
      </trkpt>
      <trkpt lat="44.922962598502636" lon="11.717384560033679">
        <ele>3.48</ele>
      </trkpt>
      <trkpt lat="44.922956228256226" lon="11.716968230903149">
        <ele>3.61</ele>
      </trkpt>
      <trkpt lat="44.92294994182885" lon="11.71655491925776">
        <ele>3.66</ele>
      </trkpt>
      <trkpt lat="44.92288934066892" lon="11.71620941720903">
        <ele>3.65</ele>
      </trkpt>
      <trkpt lat="44.922828655689955" lon="11.715863831341267">
        <ele>3.62</ele>
      </trkpt>
      <trkpt lat="44.922768054530025" lon="11.715518329292536">
        <ele>3.62</ele>
      </trkpt>
      <trkpt lat="44.922707956284285" lon="11.715175928547978">
        <ele>3.68</ele>
      </trkpt>
      <trkpt lat="44.92265598848462" lon="11.71498297713697">
        <ele>3.71</ele>
      </trkpt>
      <trkpt lat="44.92256831377745" lon="11.714775105938315">
        <ele>3.75</ele>
      </trkpt>
      <trkpt lat="44.9224809743464" lon="11.714567989110947">
        <ele>3.76</ele>
      </trkpt>
      <trkpt lat="44.92230570875108" lon="11.714228857308626">
        <ele>3.75</ele>
      </trkpt>
      <trkpt lat="44.9221305269748" lon="11.713889725506306">
        <ele>3.78</ele>
      </trkpt>
      <trkpt lat="44.921955931931734" lon="11.713551934808493">
        <ele>3.72</ele>
      </trkpt>
      <trkpt lat="44.92182902991772" lon="11.713258735835552">
        <ele>3.7</ele>
      </trkpt>
      <trkpt lat="44.92170204408467" lon="11.712965536862612">
        <ele>3.66</ele>
      </trkpt>
      <trkpt lat="44.92157514207065" lon="11.712672337889671">
        <ele>3.63</ele>
      </trkpt>
      <trkpt lat="44.92144899442792" lon="11.712380982935429">
        <ele>3.58</ele>
      </trkpt>
      <trkpt lat="44.92138998582959" lon="11.712152995169163">
        <ele>3.55</ele>
      </trkpt>
      <trkpt lat="44.92136743851006" lon="11.711912853643298">
        <ele>3.51</ele>
      </trkpt>
      <trkpt lat="44.92134497500956" lon="11.71167396940291">
        <ele>3.5</ele>
      </trkpt>
      <trkpt lat="44.92135092616081" lon="11.711321929469705">
        <ele>3.47</ele>
      </trkpt>
      <trkpt lat="44.921375485137105" lon="11.711027724668384">
        <ele>3.44</ele>
      </trkpt>
      <trkpt lat="44.921399960294366" lon="11.710734944790602">
        <ele>3.45</ele>
      </trkpt>
      <trkpt lat="44.92138596251607" lon="11.710526989772916">
        <ele>3.41</ele>
      </trkpt>
      <trkpt lat="44.92127993144095" lon="11.710146954283118">
        <ele>3.34</ele>
      </trkpt>
      <trkpt lat="44.92118798196316" lon="11.709923995658755">
        <ele>3.32</ele>
      </trkpt>
      <trkpt lat="44.92106879130006" lon="11.709624929353595">
        <ele>3.32</ele>
      </trkpt>
      <trkpt lat="44.920949935913086" lon="11.709326952695847">
        <ele>3.37</ele>
      </trkpt>
      <trkpt lat="44.92086477577686" lon="11.70911262743175">
        <ele>3.44</ele>
      </trkpt>
      <trkpt lat="44.92077995091677" lon="11.708898972719908">
        <ele>3.51</ele>
      </trkpt>
      <trkpt lat="44.92065011523664" lon="11.708598146215081">
        <ele>3.55</ele>
      </trkpt>
      <trkpt lat="44.92052019573748" lon="11.708297319710255">
        <ele>3.55</ele>
      </trkpt>
      <trkpt lat="44.920390946790576" lon="11.707997918128967">
        <ele>3.59</ele>
      </trkpt>
      <trkpt lat="44.92032280191779" lon="11.707791052758694">
        <ele>3.66</ele>
      </trkpt>
      <trkpt lat="44.920254992321134" lon="11.707584941759706">
        <ele>3.78</ele>
      </trkpt>
      <trkpt lat="44.92018978111446" lon="11.707257209345698">
        <ele>3.96</ele>
      </trkpt>
      <trkpt lat="44.920124653726816" lon="11.706929476931691">
        <ele>4.17</ele>
      </trkpt>
      <trkpt lat="44.92005994543433" lon="11.706603923812509">
        <ele>4.36</ele>
      </trkpt>
      <trkpt lat="44.920002948492765" lon="11.706216931343079">
        <ele>4.58</ele>
      </trkpt>
      <trkpt lat="44.919957937672734" lon="11.706184996291995">
        <ele>4.78</ele>
      </trkpt>
      <trkpt lat="44.91988895460963" lon="11.70619597658515">
        <ele>4.99</ele>
      </trkpt>
      <trkpt lat="44.919935977086425" lon="11.706044934689999">
        <ele>5.24</ele>
      </trkpt>
      <trkpt lat="44.919939916580915" lon="11.705846954137087">
        <ele>5.51</ele>
      </trkpt>
      <trkpt lat="44.92003094404936" lon="11.70572399161756">
        <ele>5.77</ele>
      </trkpt>
      <trkpt lat="44.919925751164556" lon="11.705424087122083">
        <ele>6.03</ele>
      </trkpt>
      <trkpt lat="44.91982055827975" lon="11.705124182626605">
        <ele>6.3</ele>
      </trkpt>
      <trkpt lat="44.91971595212817" lon="11.704825954511762">
        <ele>6.52</ele>
      </trkpt>
      <trkpt lat="44.91961042396724" lon="11.70452638529241">
        <ele>6.78</ele>
      </trkpt>
      <trkpt lat="44.91950489580631" lon="11.70422681607306">
        <ele>7.05</ele>
      </trkpt>
      <trkpt lat="44.919399954378605" lon="11.703928923234344">
        <ele>7.36</ele>
      </trkpt>
      <trkpt lat="44.91925913840532" lon="11.703700684010983">
        <ele>7.59</ele>
      </trkpt>
      <trkpt lat="44.91911832243204" lon="11.703472444787621">
        <ele>7.84</ele>
      </trkpt>
      <trkpt lat="44.91897792555392" lon="11.703244959935546">
        <ele>8.05</ele>
      </trkpt>
      <trkpt lat="44.91888530552387" lon="11.703064749017358">
        <ele>8.22</ele>
      </trkpt>
      <trkpt lat="44.91879293695092" lon="11.702884957194328">
        <ele>8.4</ele>
      </trkpt>
      <trkpt lat="44.91877290420234" lon="11.70251657254994">
        <ele>8.66</ele>
      </trkpt>
      <trkpt lat="44.918752955272794" lon="11.702149948105216">
        <ele>8.91</ele>
      </trkpt>
      <trkpt lat="44.9186747521162" lon="11.701787179335952">
        <ele>9.09</ele>
      </trkpt>
      <trkpt lat="44.918596632778645" lon="11.701424326747656">
        <ele>9.3</ele>
      </trkpt>
      <trkpt lat="44.918518429622054" lon="11.701061557978392">
        <ele>9.58</ele>
      </trkpt>
      <trkpt lat="44.91844098083675" lon="11.700701974332333">
        <ele>9.82</ele>
      </trkpt>
      <trkpt lat="44.918368980288506" lon="11.70043895021081">
        <ele>10.02</ele>
      </trkpt>
      <trkpt lat="44.91826898418367" lon="11.700206939131021">
        <ele>10.22</ele>
      </trkpt>
      <trkpt lat="44.91813898086548" lon="11.699979957193136">
        <ele>10.41</ele>
      </trkpt>
      <trkpt lat="44.9179513938725" lon="11.69975683093071">
        <ele>10.63</ele>
      </trkpt>
      <trkpt lat="44.917763974517584" lon="11.699533956125379">
        <ele>10.81</ele>
      </trkpt>
      <trkpt lat="44.91759289987385" lon="11.69936841353774">
        <ele>10.95</ele>
      </trkpt>
      <trkpt lat="44.917421992868185" lon="11.699202954769135">
        <ele>11.11</ele>
      </trkpt>
      <trkpt lat="44.91724697872996" lon="11.699060965329409">
        <ele>11.22</ele>
      </trkpt>
      <trkpt lat="44.91707196459174" lon="11.698918975889683">
        <ele>11.31</ele>
      </trkpt>
      <trkpt lat="44.916908936575055" lon="11.698836917057633">
        <ele>11.4</ele>
      </trkpt>
      <trkpt lat="44.916630908846855" lon="11.698773466050625">
        <ele>11.49</ele>
      </trkpt>
      <trkpt lat="44.916352881118655" lon="11.698710015043616">
        <ele>11.55</ele>
      </trkpt>
      <trkpt lat="44.916074853390455" lon="11.698646564036608">
        <ele>11.52</ele>
      </trkpt>
      <trkpt lat="44.91579598747194" lon="11.698582945391536">
        <ele>11.46</ele>
      </trkpt>
      <trkpt lat="44.91563103161752" lon="11.698521506041288">
        <ele>11.41</ele>
      </trkpt>
      <trkpt lat="44.915465991944075" lon="11.69845998287201">
        <ele>11.3</ele>
      </trkpt>
      <trkpt lat="44.91534085012972" lon="11.698310868814588">
        <ele>11.22</ele>
      </trkpt>
      <trkpt lat="44.91521595977247" lon="11.69816192239523">
        <ele>11.14</ele>
      </trkpt>
      <trkpt lat="44.91507195867598" lon="11.69788096100092">
        <ele>11.03</ele>
      </trkpt>
      <trkpt lat="44.914943212643266" lon="11.697577452287078">
        <ele>10.88</ele>
      </trkpt>
      <trkpt lat="44.91481496952474" lon="11.697274949401617">
        <ele>10.73</ele>
      </trkpt>
      <trkpt lat="44.91471572779119" lon="11.696949815377593">
        <ele>10.54</ele>
      </trkpt>
      <trkpt lat="44.91461698897183" lon="11.696625938639045">
        <ele>10.37</ele>
      </trkpt>
      <trkpt lat="44.91451933979988" lon="11.69624556787312">
        <ele>10.18</ele>
      </trkpt>
      <trkpt lat="44.91442169062793" lon="11.695865197107196">
        <ele>10.07</ele>
      </trkpt>
      <trkpt lat="44.914324041455984" lon="11.695484826341271">
        <ele>9.92</ele>
      </trkpt>
      <trkpt lat="44.914226392284036" lon="11.695104455575347">
        <ele>9.68</ele>
      </trkpt>
      <trkpt lat="44.91412882693112" lon="11.694724084809422">
        <ele>9.43</ele>
      </trkpt>
      <trkpt lat="44.91403117775917" lon="11.694343714043498">
        <ele>9.2</ele>
      </trkpt>
      <trkpt lat="44.91393495351076" lon="11.693968959152699">
        <ele>8.93</ele>
      </trkpt>
      <trkpt lat="44.91389094851911" lon="11.693553971126676">
        <ele>8.66</ele>
      </trkpt>
      <trkpt lat="44.913882398977876" lon="11.693278793245554">
        <ele>8.4</ele>
      </trkpt>
      <trkpt lat="44.91387393325567" lon="11.69300495646894">
        <ele>8.2</ele>
      </trkpt>
      <trkpt lat="44.91390553303063" lon="11.692566834390163">
        <ele>8.06</ele>
      </trkpt>
      <trkpt lat="44.91393696516752" lon="11.692130975425243">
        <ele>7.95</ele>
      </trkpt>
      <trkpt lat="44.91392992436886" lon="11.691882871091366">
        <ele>7.73</ele>
      </trkpt>
      <trkpt lat="44.913922967389226" lon="11.691635940223932">
        <ele>7.46</ele>
      </trkpt>
      <trkpt lat="44.91379179060459" lon="11.691386997699738">
        <ele>7.14</ele>
      </trkpt>
      <trkpt lat="44.91366061381996" lon="11.691137971356511">
        <ele>6.87</ele>
      </trkpt>
      <trkpt lat="44.91352993994951" lon="11.690889950841665">
        <ele>6.67</ele>
      </trkpt>
      <trkpt lat="44.91335668601096" lon="11.690526427701116">
        <ele>6.49</ele>
      </trkpt>
      <trkpt lat="44.91318393498659" lon="11.690163994207978">
        <ele>6.34</ele>
      </trkpt>
      <trkpt lat="44.912976985797286" lon="11.690071960911155">
        <ele>6.1</ele>
      </trkpt>
      <trkpt lat="44.912689151242375" lon="11.689945058897138">
        <ele>5.88</ele>
      </trkpt>
      <trkpt lat="44.912401316687465" lon="11.689818073064089">
        <ele>5.72</ele>
      </trkpt>
      <trkpt lat="44.912113482132554" lon="11.689691171050072">
        <ele>5.6</ele>
      </trkpt>
      <trkpt lat="44.91182564757764" lon="11.689564269036055">
        <ele>5.43</ele>
      </trkpt>
      <trkpt lat="44.91153781302273" lon="11.689437283203006">
        <ele>5.23</ele>
      </trkpt>
      <trkpt lat="44.91124989464879" lon="11.689310381188989">
        <ele>5.13</ele>
      </trkpt>
      <trkpt lat="44.91096206009388" lon="11.68918339535594">
        <ele>5.0</ele>
      </trkpt>
      <trkpt lat="44.91067422553897" lon="11.689056493341923">
        <ele>4.82</ele>
      </trkpt>
      <trkpt lat="44.91038496606052" lon="11.688928920775652">
        <ele>4.7</ele>
      </trkpt>
      <trkpt lat="44.9102979619056" lon="11.688874941319227">
        <ele>4.62</ele>
      </trkpt>
      <trkpt lat="44.91001012735069" lon="11.688740998506546">
        <ele>4.59</ele>
      </trkpt>
      <trkpt lat="44.90972229279578" lon="11.688607055693865">
        <ele>4.44</ele>
      </trkpt>
      <trkpt lat="44.90943445824087" lon="11.688473196700215">
        <ele>4.27</ele>
      </trkpt>
      <trkpt lat="44.909146539866924" lon="11.688339253887534">
        <ele>4.13</ele>
      </trkpt>
      <trkpt lat="44.908858705312014" lon="11.688205311074853">
        <ele>3.96</ele>
      </trkpt>
      <trkpt lat="44.908569948747754" lon="11.688070949167013">
        <ele>3.82</ele>
      </trkpt>
      <trkpt lat="44.908398957923055" lon="11.688059968873858">
        <ele>3.67</ele>
      </trkpt>
      <trkpt lat="44.90810223855078" lon="11.688095927238464">
        <ele>3.5</ele>
      </trkpt>
      <trkpt lat="44.90780493244529" lon="11.688131969422102">
        <ele>3.28</ele>
      </trkpt>
      <trkpt lat="44.90759094245732" lon="11.688121994957328">
        <ele>3.12</ele>
      </trkpt>
      <trkpt lat="44.90731107071042" lon="11.687993500381708">
        <ele>2.99</ele>
      </trkpt>
      <trkpt lat="44.90703094750643" lon="11.687864921987057">
        <ele>2.87</ele>
      </trkpt>
      <trkpt lat="44.906811928376555" lon="11.687821922823787">
        <ele>2.68</ele>
      </trkpt>
      <trkpt lat="44.90658796392381" lon="11.687853941693902">
        <ele>2.49</ele>
      </trkpt>
      <trkpt lat="44.906325191259384" lon="11.687925942242146">
        <ele>2.35</ele>
      </trkpt>
      <trkpt lat="44.9060619994998" lon="11.687997942790389">
        <ele>2.21</ele>
      </trkpt>
      <trkpt lat="44.90587307140231" lon="11.688057454302907">
        <ele>2.09</ele>
      </trkpt>
      <trkpt lat="44.90568397566676" lon="11.688116965815425">
        <ele>1.97</ele>
      </trkpt>
      <trkpt lat="44.90546537563205" lon="11.688216710463166">
        <ele>1.87</ele>
      </trkpt>
      <trkpt lat="44.90542992018163" lon="11.688232971355319">
        <ele>1.77</ele>
      </trkpt>
      <trkpt lat="44.9054179340601" lon="11.688119983300567">
        <ele>1.68</ele>
      </trkpt>
      <trkpt lat="44.905530670657754" lon="11.687727458775043">
        <ele>1.6</ele>
      </trkpt>
      <trkpt lat="44.90564332343638" lon="11.68733493424952">
        <ele>1.49</ele>
      </trkpt>
      <trkpt lat="44.90575606003404" lon="11.686942409723997">
        <ele>1.41</ele>
      </trkpt>
      <trkpt lat="44.90586871281266" lon="11.686549885198474">
        <ele>1.38</ele>
      </trkpt>
      <trkpt lat="44.90598136559129" lon="11.68615736067295">
        <ele>1.33</ele>
      </trkpt>
      <trkpt lat="44.906094102188945" lon="11.685764836147428">
        <ele>1.27</ele>
      </trkpt>
      <trkpt lat="44.90620675496757" lon="11.685372311621904">
        <ele>1.33</ele>
      </trkpt>
      <trkpt lat="44.90631949156523" lon="11.684979870915413">
        <ele>1.31</ele>
      </trkpt>
      <trkpt lat="44.90643214434385" lon="11.68458734638989">
        <ele>1.29</ele>
      </trkpt>
      <trkpt lat="44.90654488094151" lon="11.684194821864367">
        <ele>1.34</ele>
      </trkpt>
      <trkpt lat="44.90665493533015" lon="11.68381093069911">
        <ele>1.43</ele>
      </trkpt>
      <trkpt lat="44.90676507353783" lon="11.683427458629012">
        <ele>1.43</ele>
      </trkpt>
      <trkpt lat="44.90687512792647" lon="11.683044070377946">
        <ele>1.43</ele>
      </trkpt>
      <trkpt lat="44.90698518231511" lon="11.682660598307848">
        <ele>1.46</ele>
      </trkpt>
      <trkpt lat="44.90709523670375" lon="11.68227712623775">
        <ele>1.46</ele>
      </trkpt>
      <trkpt lat="44.90720537491143" lon="11.681893654167652">
        <ele>1.51</ele>
      </trkpt>
      <trkpt lat="44.90731542930007" lon="11.681510182097554">
        <ele>1.56</ele>
      </trkpt>
      <trkpt lat="44.90742548368871" lon="11.681126710027456">
        <ele>1.57</ele>
      </trkpt>
      <trkpt lat="44.907535538077354" lon="11.680743237957358">
        <ele>1.63</ele>
      </trkpt>
      <trkpt lat="44.90764567628503" lon="11.68035976588726">
        <ele>1.71</ele>
      </trkpt>
      <trkpt lat="44.90775573067367" lon="11.679976377636194">
        <ele>1.82</ele>
      </trkpt>
      <trkpt lat="44.90786578506231" lon="11.679592905566096">
        <ele>1.93</ele>
      </trkpt>
      <trkpt lat="44.907975839450955" lon="11.679209433495998">
        <ele>2.05</ele>
      </trkpt>
      <trkpt lat="44.90808296017349" lon="11.678835935890675">
        <ele>2.23</ele>
      </trkpt>
      <trkpt lat="44.90819024853408" lon="11.678462605923414">
        <ele>2.35</ele>
      </trkpt>
      <trkpt lat="44.90829762071371" lon="11.678089275956154">
        <ele>2.41</ele>
      </trkpt>
      <trkpt lat="44.90840490907431" lon="11.677715945988894">
        <ele>2.49</ele>
      </trkpt>
      <trkpt lat="44.908512281253934" lon="11.677342532202601">
        <ele>2.65</ele>
      </trkpt>
      <trkpt lat="44.90861956961453" lon="11.676969202235341">
        <ele>2.79</ele>
      </trkpt>
      <trkpt lat="44.908726857975125" lon="11.67659587226808">
        <ele>2.9</ele>
      </trkpt>
      <trkpt lat="44.90883423015475" lon="11.67622254230082">
        <ele>2.98</ele>
      </trkpt>
      <trkpt lat="44.90894151851535" lon="11.675849128514528">
        <ele>3.12</ele>
      </trkpt>
      <trkpt lat="44.909048890694976" lon="11.675475798547268">
        <ele>3.33</ele>
      </trkpt>
      <trkpt lat="44.90915399976075" lon="11.67510992847383">
        <ele>3.51</ele>
      </trkpt>
      <trkpt lat="44.90926103666425" lon="11.674737771973014">
        <ele>3.6</ele>
      </trkpt>
      <trkpt lat="44.90936807356775" lon="11.674365615472198">
        <ele>3.69</ele>
      </trkpt>
      <trkpt lat="44.90947519429028" lon="11.673993458971381">
        <ele>3.9</ele>
      </trkpt>
      <trkpt lat="44.90958223119378" lon="11.673621218651533">
        <ele>4.12</ele>
      </trkpt>
      <trkpt lat="44.90968935191631" lon="11.673249062150717">
        <ele>4.29</ele>
      </trkpt>
      <trkpt lat="44.909796388819814" lon="11.6728769056499">
        <ele>4.46</ele>
      </trkpt>
      <trkpt lat="44.90990191698074" lon="11.67250994592905">
        <ele>4.66</ele>
      </trkpt>
      <trkpt lat="44.91001130081713" lon="11.672122199088335">
        <ele>4.81</ele>
      </trkpt>
      <trkpt lat="44.91012068465352" lon="11.671734368428588">
        <ele>4.98</ele>
      </trkpt>
      <trkpt lat="44.91022998467088" lon="11.671346621587873">
        <ele>5.15</ele>
      </trkpt>
      <trkpt lat="44.910339368507266" lon="11.670958790928125">
        <ele>5.17</ele>
      </trkpt>
      <trkpt lat="44.910448752343655" lon="11.67057104408741">
        <ele>5.25</ele>
      </trkpt>
      <trkpt lat="44.91055805236101" lon="11.670183213427663">
        <ele>5.35</ele>
      </trkpt>
      <trkpt lat="44.9106674361974" lon="11.669795466586947">
        <ele>5.36</ele>
      </trkpt>
      <trkpt lat="44.91077497601509" lon="11.669413922354579">
        <ele>5.41</ele>
      </trkpt>
      <trkpt lat="44.91083708591759" lon="11.669195489957929">
        <ele>5.52</ele>
      </trkpt>
      <trkpt lat="44.910898944363" lon="11.668977979570627">
        <ele>5.67</ele>
      </trkpt>
      <trkpt lat="44.910898944363" lon="11.668774969875813">
        <ele>5.77</ele>
      </trkpt>
      <trkpt lat="44.91084395907819" lon="11.668568942695856">
        <ele>5.88</ele>
      </trkpt>
      <trkpt lat="44.910748321563005" lon="11.668330561369658">
        <ele>6.01</ele>
      </trkpt>
      <trkpt lat="44.91065293550491" lon="11.668092934414744">
        <ele>6.14</ele>
      </trkpt>
      <trkpt lat="44.910474736243486" lon="11.667773583903909">
        <ele>6.19</ele>
      </trkpt>
      <trkpt lat="44.91029695607722" lon="11.667454987764359">
        <ele>6.29</ele>
      </trkpt>
      <trkpt lat="44.910266948863864" lon="11.667361948639154">
        <ele>6.4</ele>
      </trkpt>
      <trkpt lat="44.91004650481045" lon="11.667125662788749">
        <ele>6.51</ele>
      </trkpt>
      <trkpt lat="44.90982597693801" lon="11.666889376938343">
        <ele>6.48</ele>
      </trkpt>
      <trkpt lat="44.9096055328846" lon="11.666653091087937">
        <ele>6.53</ele>
      </trkpt>
      <trkpt lat="44.909385005012155" lon="11.666416805237532">
        <ele>6.59</ele>
      </trkpt>
      <trkpt lat="44.9091649800539" lon="11.666180938482285">
        <ele>6.65</ele>
      </trkpt>
      <trkpt lat="44.9089215695858" lon="11.665934845805168">
        <ele>6.71</ele>
      </trkpt>
      <trkpt lat="44.9086781591177" lon="11.665688836947083">
        <ele>6.89</ele>
      </trkpt>
      <trkpt lat="44.90843491628766" lon="11.665442995727062">
        <ele>7.0</ele>
      </trkpt>
      <trkpt lat="44.90819787606597" lon="11.66521810926497">
        <ele>7.13</ele>
      </trkpt>
      <trkpt lat="44.90796083584428" lon="11.66499330662191">
        <ele>7.25</ele>
      </trkpt>
      <trkpt lat="44.90772379562259" lon="11.664768420159817">
        <ele>7.34</ele>
      </trkpt>
      <trkpt lat="44.907486755400896" lon="11.664543617516756">
        <ele>7.42</ele>
      </trkpt>
      <trkpt lat="44.9072499666363" lon="11.664318982511759">
        <ele>7.46</ele>
      </trkpt>
      <trkpt lat="44.9070964101702" lon="11.664142375811934">
        <ele>7.47</ele>
      </trkpt>
      <trkpt lat="44.90694293752313" lon="11.663965936750174">
        <ele>7.47</ele>
      </trkpt>
      <trkpt lat="44.90678133442998" lon="11.663721185177565">
        <ele>7.46</ele>
      </trkpt>
      <trkpt lat="44.90661998279393" lon="11.663476936519146">
        <ele>7.51</ele>
      </trkpt>
      <trkpt lat="44.906475730240345" lon="11.663187090307474">
        <ele>7.6</ele>
      </trkpt>
      <trkpt lat="44.90633198060095" lon="11.662897998467088">
        <ele>7.63</ele>
      </trkpt>
      <trkpt lat="44.90621295757592" lon="11.662578647956252">
        <ele>7.65</ele>
      </trkpt>
      <trkpt lat="44.90609401836991" lon="11.662259297445416">
        <ele>7.59</ele>
      </trkpt>
      <trkpt lat="44.90597507916391" lon="11.661940030753613">
        <ele>7.51</ele>
      </trkpt>
      <trkpt lat="44.90585697814822" lon="11.661622943356633">
        <ele>7.48</ele>
      </trkpt>
      <trkpt lat="44.90567567758262" lon="11.661268472671509">
        <ele>7.51</ele>
      </trkpt>
      <trkpt lat="44.90549496375024" lon="11.660914923995733">
        <ele>7.59</ele>
      </trkpt>
      <trkpt lat="44.90539899095893" lon="11.660814927890897">
        <ele>7.6</ele>
      </trkpt>
      <trkpt lat="44.90530997514725" lon="11.66079891845584">
        <ele>7.6</ele>
      </trkpt>
      <trkpt lat="44.90508793853223" lon="11.660738987848163">
        <ele>7.65</ele>
      </trkpt>
      <trkpt lat="44.90491786971688" lon="11.660526171326637">
        <ele>7.62</ele>
      </trkpt>
      <trkpt lat="44.9047477170825" lon="11.660313354805112">
        <ele>7.58</ele>
      </trkpt>
      <trkpt lat="44.90457798354328" lon="11.660100957378745">
        <ele>7.52</ele>
      </trkpt>
      <trkpt lat="44.90457555279136" lon="11.66010808199644">
        <ele>7.44</ele>
      </trkpt>
      <trkpt lat="44.904496343806386" lon="11.66034696623683">
        <ele>7.36</ele>
      </trkpt>
      <trkpt lat="44.90441495552659" lon="11.660591969266534">
        <ele>7.25</ele>
      </trkpt>
      <trkpt lat="44.904337506741285" lon="11.660868152976036">
        <ele>7.14</ele>
      </trkpt>
      <trkpt lat="44.90425997413695" lon="11.66114442050457">
        <ele>6.96</ele>
      </trkpt>
      <trkpt lat="44.9041829444468" lon="11.661418927833438">
        <ele>6.76</ele>
      </trkpt>
      <trkpt lat="44.90409200079739" lon="11.661799298599362">
        <ele>6.59</ele>
      </trkpt>
      <trkpt lat="44.90400105714798" lon="11.662179585546255">
        <ele>6.45</ele>
      </trkpt>
      <trkpt lat="44.90391011349857" lon="11.66255995631218">
        <ele>6.28</ele>
      </trkpt>
      <trkpt lat="44.90381992422044" lon="11.662936974316835">
        <ele>6.1</ele>
      </trkpt>
      <trkpt lat="44.903712971135974" lon="11.663280967622995">
        <ele>5.91</ele>
      </trkpt>
      <trkpt lat="44.9036081135273" lon="11.663557151332498">
        <ele>5.82</ele>
      </trkpt>
      <trkpt lat="44.90350325591862" lon="11.663833251222968">
        <ele>5.73</ele>
      </trkpt>
      <trkpt lat="44.90339898504317" lon="11.6641079261899">
        <ele>5.69</ele>
      </trkpt>
      <trkpt lat="44.90325490012765" lon="11.664487458765507">
        <ele>5.6</ele>
      </trkpt>
      <trkpt lat="44.90311081521213" lon="11.664866991341114">
        <ele>5.48</ele>
      </trkpt>
      <trkpt lat="44.90296673029661" lon="11.66524644009769">
        <ele>5.35</ele>
      </trkpt>
      <trkpt lat="44.90282264538109" lon="11.665625972673297">
        <ele>5.23</ele>
      </trkpt>
      <trkpt lat="44.902678560465574" lon="11.666005505248904">
        <ele>5.17</ele>
      </trkpt>
      <trkpt lat="44.902535984292626" lon="11.666380930691957">
        <ele>5.11</ele>
      </trkpt>
      <trkpt lat="44.9024079926312" lon="11.666637919843197">
        <ele>5.06</ele>
      </trkpt>
      <trkpt lat="44.90226692520082" lon="11.666837995871902">
        <ele>5.02</ele>
      </trkpt>
      <trkpt lat="44.90201194770634" lon="11.66700798086822">
        <ele>5.03</ele>
      </trkpt>
      <trkpt lat="44.901740960776806" lon="11.667083920910954">
        <ele>5.02</ele>
      </trkpt>
      <trkpt lat="44.901461927220225" lon="11.667210990563035">
        <ele>5.05</ele>
      </trkpt>
      <trkpt lat="44.901286493986845" lon="11.667348453775048">
        <ele>5.01</ele>
      </trkpt>
      <trkpt lat="44.90111097693443" lon="11.667485916987062">
        <ele>4.96</ele>
      </trkpt>
      <trkpt lat="44.901030929759145" lon="11.667577950283885">
        <ele>4.89</ele>
      </trkpt>
      <trkpt lat="44.90099597722292" lon="11.667617931962013">
        <ele>4.83</ele>
      </trkpt>
      <trkpt lat="44.90095314569771" lon="11.66755079291761">
        <ele>4.78</ele>
      </trkpt>
      <trkpt lat="44.90086597390473" lon="11.667413916438818">
        <ele>4.71</ele>
      </trkpt>
      <trkpt lat="44.90078693255782" lon="11.667332947254181">
        <ele>4.63</ele>
      </trkpt>
      <trkpt lat="44.900563387200236" lon="11.667073527351022">
        <ele>4.51</ele>
      </trkpt>
      <trkpt lat="44.90033984184265" lon="11.666814023628831">
        <ele>4.43</ele>
      </trkpt>
      <trkpt lat="44.900116296485066" lon="11.66655451990664">
        <ele>4.41</ele>
      </trkpt>
      <trkpt lat="44.89989275112748" lon="11.666295100003481">
        <ele>4.34</ele>
      </trkpt>
      <trkpt lat="44.8996692057699" lon="11.66603559628129">
        <ele>4.22</ele>
      </trkpt>
      <trkpt lat="44.89944566041231" lon="11.665776176378131">
        <ele>4.1</ele>
      </trkpt>
      <trkpt lat="44.89922211505473" lon="11.66551667265594">
        <ele>4.03</ele>
      </trkpt>
      <trkpt lat="44.89899848587811" lon="11.665257252752781">
        <ele>3.97</ele>
      </trkpt>
      <trkpt lat="44.898775946348906" lon="11.664998922497034">
        <ele>3.93</ele>
      </trkpt>
      <trkpt lat="44.89860998466611" lon="11.665279967710376">
        <ele>3.83</ele>
      </trkpt>
      <trkpt lat="44.898475958034396" lon="11.665406953543425">
        <ele>3.8</ele>
      </trkpt>
      <trkpt lat="44.898299938067794" lon="11.66565497405827">
        <ele>3.79</ele>
      </trkpt>
      <trkpt lat="44.89811100997031" lon="11.665976336225867">
        <ele>3.75</ele>
      </trkpt>
      <trkpt lat="44.89792208187282" lon="11.666297698393464">
        <ele>3.67</ele>
      </trkpt>
      <trkpt lat="44.897733153775334" lon="11.666619060561061">
        <ele>3.64</ele>
      </trkpt>
      <trkpt lat="44.89754422567785" lon="11.666940422728658">
        <ele>3.63</ele>
      </trkpt>
      <trkpt lat="44.89735529758036" lon="11.667261784896255">
        <ele>3.58</ele>
      </trkpt>
      <trkpt lat="44.897166369482875" lon="11.667583147063851">
        <ele>3.54</ele>
      </trkpt>
      <trkpt lat="44.89697895012796" lon="11.667901994660497">
        <ele>3.49</ele>
      </trkpt>
      <trkpt lat="44.896868811920285" lon="11.668088659644127">
        <ele>3.47</ele>
      </trkpt>
      <trkpt lat="44.896758925169706" lon="11.66827498935163">
        <ele>3.4</ele>
      </trkpt>
      <trkpt lat="44.896710477769375" lon="11.668378757312894">
        <ele>3.33</ele>
      </trkpt>
      <trkpt lat="44.89667695015669" lon="11.6684509254992">
        <ele>3.27</ele>
      </trkpt>
      <trkpt lat="44.89665993489325" lon="11.668176921084523">
        <ele>3.22</ele>
      </trkpt>
      <trkpt lat="44.896604949608445" lon="11.667963936924934">
        <ele>3.16</ele>
      </trkpt>
      <trkpt lat="44.896494979038835" lon="11.667666966095567">
        <ele>3.07</ele>
      </trkpt>
      <trkpt lat="44.89640495739877" lon="11.667500920593739">
        <ele>3.0</ele>
      </trkpt>
      <trkpt lat="44.89619130268693" lon="11.667241333052516">
        <ele>2.88</ele>
      </trkpt>
      <trkpt lat="44.895977983251214" lon="11.666981996968389">
        <ele>2.78</ele>
      </trkpt>
      <trkpt lat="44.89572191610932" lon="11.666725929826498">
        <ele>2.71</ele>
      </trkpt>
      <trkpt lat="44.895465932786465" lon="11.66646994650364">
        <ele>2.69</ele>
      </trkpt>
      <trkpt lat="44.89521397277713" lon="11.66627498343587">
        <ele>2.66</ele>
      </trkpt>
      <trkpt lat="44.895080951973796" lon="11.66612796485424">
        <ele>2.62</ele>
      </trkpt>
      <trkpt lat="44.89500593394041" lon="11.666012965142727">
        <ele>2.57</ele>
      </trkpt>
      <trkpt lat="44.89496394060552" lon="11.665809955447912">
        <ele>2.53</ele>
      </trkpt>
      <trkpt lat="44.89497802220285" lon="11.665404438972473">
        <ele>2.5</ele>
      </trkpt>
      <trkpt lat="44.894991936162114" lon="11.665000934153795">
        <ele>2.52</ele>
      </trkpt>
      <trkpt lat="44.895091177895665" lon="11.66461511515081">
        <ele>2.49</ele>
      </trkpt>
      <trkpt lat="44.895189916715026" lon="11.664230972528458">
        <ele>2.47</ele>
      </trkpt>
      <trkpt lat="44.895160999149084" lon="11.66406693868339">
        <ele>2.49</ele>
      </trkpt>
      <trkpt lat="44.89508296363056" lon="11.663916986435652">
        <ele>2.52</ele>
      </trkpt>
      <trkpt lat="44.89493393339217" lon="11.663746917620301">
        <ele>2.56</ele>
      </trkpt>
      <trkpt lat="44.89478649571538" lon="11.663627475500107">
        <ele>2.61</ele>
      </trkpt>
      <trkpt lat="44.89463897421956" lon="11.66350794956088">
        <ele>2.68</ele>
      </trkpt>
      <trkpt lat="44.89439707249403" lon="11.663367636501789">
        <ele>2.77</ele>
      </trkpt>
      <trkpt lat="44.8941551707685" lon="11.66322740726173">
        <ele>2.87</ele>
      </trkpt>
      <trkpt lat="44.89391293376684" lon="11.663086926564574">
        <ele>2.96</ele>
      </trkpt>
      <trkpt lat="44.89365099929273" lon="11.662873942404985">
        <ele>3.01</ele>
      </trkpt>
      <trkpt lat="44.893425945192575" lon="11.66262298822403">
        <ele>3.1</ele>
      </trkpt>
      <trkpt lat="44.893300803378224" lon="11.662434814497828">
        <ele>3.2</ele>
      </trkpt>
      <trkpt lat="44.89317599684" lon="11.662246976047754">
        <ele>3.3</ele>
      </trkpt>
      <trkpt lat="44.893066780641675" lon="11.662014126777649">
        <ele>3.46</ele>
      </trkpt>
      <trkpt lat="44.89295798353851" lon="11.661781948059797">
        <ele>3.64</ele>
      </trkpt>
      <trkpt lat="44.89281423389912" lon="11.661390764638782">
        <ele>3.82</ele>
      </trkpt>
      <trkpt lat="44.892670987173915" lon="11.661000922322273">
        <ele>3.89</ele>
      </trkpt>
      <trkpt lat="44.892657743766904" lon="11.661019111052155">
        <ele>3.97</ele>
      </trkpt>
      <trkpt lat="44.892453057691455" lon="11.661301832646132">
        <ele>4.01</ele>
      </trkpt>
      <trkpt lat="44.892235128208995" lon="11.661602659150958">
        <ele>4.04</ele>
      </trkpt>
      <trkpt lat="44.892017198726535" lon="11.661903569474816">
        <ele>4.07</ele>
      </trkpt>
      <trkpt lat="44.891799269244075" lon="11.662204395979643">
        <ele>4.12</ele>
      </trkpt>
      <trkpt lat="44.891581339761615" lon="11.662505306303501">
        <ele>4.19</ele>
      </trkpt>
      <trkpt lat="44.891363410279155" lon="11.662806132808328">
        <ele>4.17</ele>
      </trkpt>
      <trkpt lat="44.891145480796695" lon="11.663107043132186">
        <ele>4.19</ele>
      </trkpt>
      <trkpt lat="44.890928976237774" lon="11.663405941799283">
        <ele>4.23</ele>
      </trkpt>
      <trkpt lat="44.890720937401056" lon="11.663605934008956">
        <ele>4.22</ele>
      </trkpt>
      <trkpt lat="44.89057743921876" lon="11.663711965084076">
        <ele>4.16</ele>
      </trkpt>
      <trkpt lat="44.890434527769685" lon="11.663817493245006">
        <ele>4.1</ele>
      </trkpt>
      <trkpt lat="44.89043394103646" lon="11.663817996159196">
        <ele>4.06</ele>
      </trkpt>
      <trkpt lat="44.89034475758672" lon="11.663475260138512">
        <ele>3.97</ele>
      </trkpt>
      <trkpt lat="44.89025557413697" lon="11.663132524117827">
        <ele>3.93</ele>
      </trkpt>
      <trkpt lat="44.89016697742045" lon="11.662791967391968">
        <ele>3.89</ele>
      </trkpt>
      <trkpt lat="44.89007745869458" lon="11.662448896095157">
        <ele>3.87</ele>
      </trkpt>
      <trkpt lat="44.889987939968705" lon="11.662105824798346">
        <ele>3.79</ele>
      </trkpt>
      <trkpt lat="44.88989892415702" lon="11.661764932796359">
        <ele>3.71</ele>
      </trkpt>
      <trkpt lat="44.88980974070728" lon="11.661422196775675">
        <ele>3.64</ele>
      </trkpt>
      <trkpt lat="44.88972055725753" lon="11.661079544574022">
        <ele>3.56</ele>
      </trkpt>
      <trkpt lat="44.88963196054101" lon="11.660738987848163">
        <ele>3.5</ele>
      </trkpt>
      <trkpt lat="44.88954244181514" lon="11.660395916551352">
        <ele>3.45</ele>
      </trkpt>
      <trkpt lat="44.889452923089266" lon="11.66005284525454">
        <ele>3.39</ele>
      </trkpt>
      <trkpt lat="44.889363991096616" lon="11.659711953252554">
        <ele>3.29</ele>
      </trkpt>
      <trkpt lat="44.88927480764687" lon="11.65936921723187">
        <ele>3.24</ele>
      </trkpt>
      <trkpt lat="44.889185624197125" lon="11.659026481211185">
        <ele>3.23</ele>
      </trkpt>
      <trkpt lat="44.88909694366157" lon="11.658685924485326">
        <ele>3.22</ele>
      </trkpt>
      <trkpt lat="44.889007760211825" lon="11.658342937007546">
        <ele>3.15</ele>
      </trkpt>
      <trkpt lat="44.88891857676208" lon="11.657999865710735">
        <ele>3.08</ele>
      </trkpt>
      <trkpt lat="44.88882998004556" lon="11.657658973708749">
        <ele>3.0</ele>
      </trkpt>
      <trkpt lat="44.8888293094933" lon="11.657659644261003">
        <ele>2.94</ele>
      </trkpt>
      <trkpt lat="44.8886086139828" lon="11.657942617312074">
        <ele>2.84</ele>
      </trkpt>
      <trkpt lat="44.888387247920036" lon="11.658226260915399">
        <ele>2.77</ele>
      </trkpt>
      <trkpt lat="44.888165881857276" lon="11.658509904518723">
        <ele>2.7</ele>
      </trkpt>
      <trkpt lat="44.887944515794516" lon="11.658793548122048">
        <ele>2.65</ele>
      </trkpt>
      <trkpt lat="44.887723149731755" lon="11.659077191725373">
        <ele>2.62</ele>
      </trkpt>
      <trkpt lat="44.887501783668995" lon="11.659360835328698">
        <ele>2.62</ele>
      </trkpt>
      <trkpt lat="44.887280417606235" lon="11.659644395112991">
        <ele>2.59</ele>
      </trkpt>
      <trkpt lat="44.887059051543474" lon="11.659928038716316">
        <ele>2.53</ele>
      </trkpt>
      <trkpt lat="44.88683894276619" lon="11.660209922119975">
        <ele>2.45</ele>
      </trkpt>
      <trkpt lat="44.886632999405265" lon="11.660415949299932">
        <ele>2.42</ele>
      </trkpt>
      <trkpt lat="44.88635078072548" lon="11.660585347563028">
        <ele>2.43</ele>
      </trkpt>
      <trkpt lat="44.88606856204569" lon="11.660754745826125">
        <ele>2.34</ele>
      </trkpt>
      <trkpt lat="44.88578634336591" lon="11.660924227908254">
        <ele>2.26</ele>
      </trkpt>
      <trkpt lat="44.88550412468612" lon="11.66109362617135">
        <ele>2.23</ele>
      </trkpt>
      <trkpt lat="44.885221906006336" lon="11.661263024434447">
        <ele>2.24</ele>
      </trkpt>
      <trkpt lat="44.88493968732655" lon="11.661432422697544">
        <ele>2.24</ele>
      </trkpt>
      <trkpt lat="44.884657468646765" lon="11.661601820960641">
        <ele>2.17</ele>
      </trkpt>
      <trkpt lat="44.88437533378601" lon="11.661771219223738">
        <ele>2.11</ele>
      </trkpt>
      <trkpt lat="44.884093115106225" lon="11.661940617486835">
        <ele>2.09</ele>
      </trkpt>
      <trkpt lat="44.88381089642644" lon="11.662110015749931">
        <ele>2.15</ele>
      </trkpt>
      <trkpt lat="44.883528677746654" lon="11.662279414013028">
        <ele>2.17</ele>
      </trkpt>
      <trkpt lat="44.88324645906687" lon="11.662448896095157">
        <ele>2.18</ele>
      </trkpt>
      <trkpt lat="44.882962983101606" lon="11.662618964910507">
        <ele>2.21</ele>
      </trkpt>
      <trkpt lat="44.88271412439644" lon="11.662721894681454">
        <ele>2.26</ele>
      </trkpt>
      <trkpt lat="44.88246493041515" lon="11.662824992090464">
        <ele>2.34</ele>
      </trkpt>
      <trkpt lat="44.88217793405056" lon="11.662902776151896">
        <ele>2.41</ele>
      </trkpt>
      <trkpt lat="44.881891021505" lon="11.66298064403236">
        <ele>2.5</ele>
      </trkpt>
      <trkpt lat="44.881604025140405" lon="11.663058511912823">
        <ele>2.56</ele>
      </trkpt>
      <trkpt lat="44.88131702877581" lon="11.663136295974255">
        <ele>2.63</ele>
      </trkpt>
      <trkpt lat="44.88103003241122" lon="11.663214163854718">
        <ele>2.76</ele>
      </trkpt>
      <trkpt lat="44.880743036046624" lon="11.663292031735182">
        <ele>2.86</ele>
      </trkpt>
      <trkpt lat="44.88045603968203" lon="11.663369899615645">
        <ele>3.01</ele>
      </trkpt>
      <trkpt lat="44.88016904331744" lon="11.663447683677077">
        <ele>3.06</ele>
      </trkpt>
      <trkpt lat="44.879882130771875" lon="11.663525551557541">
        <ele>3.1</ele>
      </trkpt>
      <trkpt lat="44.87959295511246" lon="11.663603922352195">
        <ele>3.19</ele>
      </trkpt>
      <trkpt lat="44.87933018244803" lon="11.663688914850354">
        <ele>3.32</ele>
      </trkpt>
      <trkpt lat="44.87906732596457" lon="11.663773823529482">
        <ele>3.48</ele>
      </trkpt>
      <trkpt lat="44.87880455330014" lon="11.663858816027641">
        <ele>3.58</ele>
      </trkpt>
      <trkpt lat="44.87854169681668" lon="11.663943724706769">
        <ele>3.68</ele>
      </trkpt>
      <trkpt lat="44.87834849394858" lon="11.664006086066365">
        <ele>3.73</ele>
      </trkpt>
      <trkpt lat="44.87828244455159" lon="11.664027459919453">
        <ele>3.76</ele>
      </trkpt>
      <trkpt lat="44.878277918323874" lon="11.664028968662024">
        <ele>3.79</ele>
      </trkpt>
      <trkpt lat="44.878007769584656" lon="11.66413240134716">
        <ele>3.73</ele>
      </trkpt>
      <trkpt lat="44.877737537026405" lon="11.664235834032297">
        <ele>3.66</ele>
      </trkpt>
      <trkpt lat="44.87746738828719" lon="11.664339266717434">
        <ele>3.6</ele>
      </trkpt>
      <trkpt lat="44.877197155728936" lon="11.66444269940257">
        <ele>3.6</ele>
      </trkpt>
      <trkpt lat="44.876926923170686" lon="11.664546132087708">
        <ele>3.6</ele>
      </trkpt>
      <trkpt lat="44.87665677443147" lon="11.664649564772844">
        <ele>3.54</ele>
      </trkpt>
      <trkpt lat="44.87638654187322" lon="11.664752997457981">
        <ele>3.52</ele>
      </trkpt>
      <trkpt lat="44.87611496821046" lon="11.664856933057308">
        <ele>3.56</ele>
      </trkpt>
      <trkpt lat="44.87586795352399" lon="11.665013926103711">
        <ele>3.54</ele>
      </trkpt>
      <trkpt lat="44.8756084498018" lon="11.665241997689009">
        <ele>3.5</ele>
      </trkpt>
      <trkpt lat="44.87534894607961" lon="11.665469985455275">
        <ele>3.4</ele>
      </trkpt>
      <trkpt lat="44.87509245984256" lon="11.665695793926716">
        <ele>3.3</ele>
      </trkpt>
      <trkpt lat="44.87483588978648" lon="11.665921602398157">
        <ele>3.22</ele>
      </trkpt>
      <trkpt lat="44.87457940354943" lon="11.666147410869598">
        <ele>3.16</ele>
      </trkpt>
      <trkpt lat="44.874322917312384" lon="11.66637321934104">
        <ele>3.06</ele>
      </trkpt>
      <trkpt lat="44.8740663472563" lon="11.666599027812481">
        <ele>3.02</ele>
      </trkpt>
      <trkpt lat="44.873809861019254" lon="11.666824836283922">
        <ele>3.01</ele>
      </trkpt>
      <trkpt lat="44.87355329096317" lon="11.667050644755363">
        <ele>2.96</ele>
      </trkpt>
      <trkpt lat="44.873296804726124" lon="11.667276453226805">
        <ele>2.95</ele>
      </trkpt>
      <trkpt lat="44.873040318489075" lon="11.667502261698246">
        <ele>2.89</ele>
      </trkpt>
      <trkpt lat="44.872783748432994" lon="11.667728070169687">
        <ele>2.76</ele>
      </trkpt>
      <trkpt lat="44.872527262195945" lon="11.667953878641129">
        <ele>2.68</ele>
      </trkpt>
      <trkpt lat="44.872270775958896" lon="11.66817968711257">
        <ele>2.57</ele>
      </trkpt>
      <trkpt lat="44.872014205902815" lon="11.668405495584011">
        <ele>2.55</ele>
      </trkpt>
      <trkpt lat="44.871757719665766" lon="11.668631304055452">
        <ele>2.52</ele>
      </trkpt>
      <trkpt lat="44.871501149609685" lon="11.668857028707862">
        <ele>2.4</ele>
      </trkpt>
      <trkpt lat="44.871244663372636" lon="11.669082837179303">
        <ele>2.3</ele>
      </trkpt>
      <trkpt lat="44.87098817713559" lon="11.669308645650744">
        <ele>2.22</ele>
      </trkpt>
      <trkpt lat="44.87073194235563" lon="11.669533951207995">
        <ele>2.11</ele>
      </trkpt>
      <trkpt lat="44.87055592238903" lon="11.669665966182947">
        <ele>2.05</ele>
      </trkpt>
      <trkpt lat="44.87042197957635" lon="11.669731931760907">
        <ele>1.98</ele>
      </trkpt>
      <trkpt lat="44.87027697265148" lon="11.66975699365139">
        <ele>1.94</ele>
      </trkpt>
      <trkpt lat="44.87001981586218" lon="11.669747605919838">
        <ele>1.91</ele>
      </trkpt>
      <trkpt lat="44.86976274289191" lon="11.669738302007318">
        <ele>1.85</ele>
      </trkpt>
      <trkpt lat="44.86950499936938" lon="11.669728998094797">
        <ele>1.8</ele>
      </trkpt>
      <trkpt lat="44.86923568882048" lon="11.669701505452394">
        <ele>1.72</ele>
      </trkpt>
      <trkpt lat="44.86896595917642" lon="11.66967392899096">
        <ele>1.64</ele>
      </trkpt>
      <trkpt lat="44.86866094172001" lon="11.669675437733531">
        <ele>1.64</ele>
      </trkpt>
      <trkpt lat="44.86835600808263" lon="11.669676946476102">
        <ele>1.67</ele>
      </trkpt>
      <trkpt lat="44.868050990626216" lon="11.669678455218673">
        <ele>1.58</ele>
      </trkpt>
      <trkpt lat="44.86774496734142" lon="11.669679963961244">
        <ele>1.47</ele>
      </trkpt>
      <trkpt lat="44.86756894737482" lon="11.669702930375934">
        <ele>1.46</ele>
      </trkpt>
      <trkpt lat="44.867535922676325" lon="11.669714916497469">
        <ele>1.5</ele>
      </trkpt>
      <trkpt lat="44.86725211143494" lon="11.669820612296462">
        <ele>1.62</ele>
      </trkpt>
      <trkpt lat="44.86696830019355" lon="11.669926308095455">
        <ele>1.74</ele>
      </trkpt>
      <trkpt lat="44.86668448895216" lon="11.670032003894448">
        <ele>1.86</ele>
      </trkpt>
      <trkpt lat="44.86640067771077" lon="11.670137699693441">
        <ele>1.95</ele>
      </trkpt>
      <trkpt lat="44.86611686646938" lon="11.670243395492435">
        <ele>1.98</ele>
      </trkpt>
      <trkpt lat="44.865833055227995" lon="11.670349091291428">
        <ele>2.06</ele>
      </trkpt>
      <trkpt lat="44.86554924398661" lon="11.670454703271389">
        <ele>2.15</ele>
      </trkpt>
      <trkpt lat="44.86526392400265" lon="11.670560985803604">
        <ele>2.23</ele>
      </trkpt>
      <trkpt lat="44.86509092152119" lon="11.670650923624635">
        <ele>2.37</ele>
      </trkpt>
      <trkpt lat="44.86505496315658" lon="11.670741951093078">
        <ele>2.49</ele>
      </trkpt>
      <trkpt lat="44.86504599452019" lon="11.670862985774875">
        <ele>2.6</ele>
      </trkpt>
      <trkpt lat="44.86506502144039" lon="11.671211505308747">
        <ele>2.78</ele>
      </trkpt>
      <trkpt lat="44.865084048360586" lon="11.67156002484262">
        <ele>2.93</ele>
      </trkpt>
      <trkpt lat="44.865102991461754" lon="11.67190594598651">
        <ele>3.01</ele>
      </trkpt>
      <trkpt lat="44.8650608304888" lon="11.672315988689661">
        <ele>3.11</ele>
      </trkpt>
      <trkpt lat="44.86501892097294" lon="11.67272393591702">
        <ele>3.25</ele>
      </trkpt>
      <trkpt lat="44.864934431388974" lon="11.673072539269924">
        <ele>3.33</ele>
      </trkpt>
      <trkpt lat="44.864933928474784" lon="11.673074970021844">
        <ele>3.42</ele>
      </trkpt>
      <trkpt lat="44.86503099091351" lon="11.673296922817826">
        <ele>3.48</ele>
      </trkpt>
      <trkpt lat="44.86514087766409" lon="11.673692800104618">
        <ele>3.55</ele>
      </trkpt>
      <trkpt lat="44.86525076441467" lon="11.674088593572378">
        <ele>3.65</ele>
      </trkpt>
      <trkpt lat="44.86535998061299" lon="11.674481956288218">
        <ele>3.69</ele>
      </trkpt>
      <trkpt lat="44.86546911299229" lon="11.674666190519929">
        <ele>3.76</ele>
      </trkpt>
      <trkpt lat="44.865577993914485" lon="11.674849921837449">
        <ele>3.81</ele>
      </trkpt>
      <trkpt lat="44.86578754149377" lon="11.675103139132261">
        <ele>3.86</ele>
      </trkpt>
      <trkpt lat="44.865996921435" lon="11.675355937331915">
        <ele>3.88</ele>
      </trkpt>
      <trkpt lat="44.86615106463432" lon="11.675573447719216">
        <ele>3.86</ele>
      </trkpt>
      <trkpt lat="44.86630520783365" lon="11.675790958106518">
        <ele>3.87</ele>
      </trkpt>
      <trkpt lat="44.866458931937814" lon="11.676007965579629">
        <ele>3.89</ele>
      </trkpt>
      <trkpt lat="44.86661651171744" lon="11.67619806714356">
        <ele>3.85</ele>
      </trkpt>
      <trkpt lat="44.866773923859" lon="11.676387917250395">
        <ele>3.83</ele>
      </trkpt>
      <trkpt lat="44.86688858829439" lon="11.676568128168583">
        <ele>3.79</ele>
      </trkpt>
      <trkpt lat="44.86700291745365" lon="11.676747919991612">
        <ele>3.73</ele>
      </trkpt>
      <trkpt lat="44.867076091468334" lon="11.676967358216643">
        <ele>3.66</ele>
      </trkpt>
      <trkpt lat="44.867148930206895" lon="11.677185958251357">
        <ele>3.55</ele>
      </trkpt>
      <trkpt lat="44.86724649555981" lon="11.677538333460689">
        <ele>3.44</ele>
      </trkpt>
      <trkpt lat="44.86734406091273" lon="11.67789070867002">
        <ele>3.4</ele>
      </trkpt>
      <trkpt lat="44.86744095571339" lon="11.678240988403559">
        <ele>3.3</ele>
      </trkpt>
      <trkpt lat="44.86758755519986" lon="11.678589843213558">
        <ele>3.18</ele>
      </trkpt>
      <trkpt lat="44.8677340708673" lon="11.67893878184259">
        <ele>3.0</ele>
      </trkpt>
      <trkpt lat="44.86787999980152" lon="11.679285960271955">
        <ele>2.87</ele>
      </trkpt>
      <trkpt lat="44.86799298785627" lon="11.679623583331704">
        <ele>2.74</ele>
      </trkpt>
      <trkpt lat="44.86810597591102" lon="11.679961206391454">
        <ele>2.61</ele>
      </trkpt>
      <trkpt lat="44.868218963965774" lon="11.680298829451203">
        <ele>2.43</ele>
      </trkpt>
      <trkpt lat="44.86833203583956" lon="11.680636536329985">
        <ele>2.26</ele>
      </trkpt>
      <trkpt lat="44.8684439342469" lon="11.680970974266529">
        <ele>2.13</ele>
      </trkpt>
      <trkpt lat="44.868581146001816" lon="11.681286972016096">
        <ele>2.05</ele>
      </trkpt>
      <trkpt lat="44.868717938661575" lon="11.681601963937283">
        <ele>1.94</ele>
      </trkpt>
      <trkpt lat="44.86887878738344" lon="11.681890720501542">
        <ele>1.84</ele>
      </trkpt>
      <trkpt lat="44.86903955228627" lon="11.682179477065802">
        <ele>1.75</ele>
      </trkpt>
      <trkpt lat="44.8692003171891" lon="11.682468233630061">
        <ele>1.7</ele>
      </trkpt>
      <trkpt lat="44.86936116591096" lon="11.68275699019432">
        <ele>1.64</ele>
      </trkpt>
      <trkpt lat="44.86952092498541" lon="11.683043986558914">
        <ele>1.54</ele>
      </trkpt>
      <trkpt lat="44.869617065414786" lon="11.683237189427018">
        <ele>1.44</ele>
      </trkpt>
      <trkpt lat="44.86971295438707" lon="11.683429973199964">
        <ele>1.36</ele>
      </trkpt>
      <trkpt lat="44.86993691883981" lon="11.683708922937512">
        <ele>1.34</ele>
      </trkpt>
      <trkpt lat="44.87008988857269" lon="11.683806907385588">
        <ele>1.37</ele>
      </trkpt>
      <trkpt lat="44.870242942124605" lon="11.683904975652695">
        <ele>1.39</ele>
      </trkpt>
      <trkpt lat="44.87049926072359" lon="11.68397018685937">
        <ele>1.42</ele>
      </trkpt>
      <trkpt lat="44.87075557932258" lon="11.684035398066044">
        <ele>1.48</ele>
      </trkpt>
      <trkpt lat="44.87101189792156" lon="11.684100525453687">
        <ele>1.52</ele>
      </trkpt>
      <trkpt lat="44.87126897089183" lon="11.684165988117456">
        <ele>1.59</ele>
      </trkpt>
      <trkpt lat="44.87154096364975" lon="11.684351982548833">
        <ele>1.7</ele>
      </trkpt>
      <trkpt lat="44.871770879253745" lon="11.684605618938804">
        <ele>1.85</ele>
      </trkpt>
      <trkpt lat="44.87200071103871" lon="11.684859339147806">
        <ele>1.98</ele>
      </trkpt>
      <trkpt lat="44.872230626642704" lon="11.685113059356809">
        <ele>2.11</ele>
      </trkpt>
      <trkpt lat="44.8724605422467" lon="11.685366779565811">
        <ele>2.29</ele>
      </trkpt>
      <trkpt lat="44.872689954936504" lon="11.685619996860623">
        <ele>2.46</ele>
      </trkpt>
      <trkpt lat="44.87293898127973" lon="11.685822419822216">
        <ele>2.59</ele>
      </trkpt>
      <trkpt lat="44.873187923803926" lon="11.68602492660284">
        <ele>2.68</ele>
      </trkpt>
      <trkpt lat="44.8733099643141" lon="11.686188960447907">
        <ele>2.79</ele>
      </trkpt>
      <trkpt lat="44.873435609042645" lon="11.68641627766192">
        <ele>2.93</ele>
      </trkpt>
      <trkpt lat="44.87356091849506" lon="11.686642924323678">
        <ele>3.08</ele>
      </trkpt>
      <trkpt lat="44.87377650104463" lon="11.686945846304297">
        <ele>3.18</ele>
      </trkpt>
      <trkpt lat="44.87399199977517" lon="11.687248768284917">
        <ele>3.27</ele>
      </trkpt>
      <trkpt lat="44.87420699559152" lon="11.68755093589425">
        <ele>3.44</ele>
      </trkpt>
      <trkpt lat="44.87437061034143" lon="11.687810691073537">
        <ele>3.63</ele>
      </trkpt>
      <trkpt lat="44.87453397363424" lon="11.688069943338633">
        <ele>3.75</ele>
      </trkpt>
      <trkpt lat="44.87454595975578" lon="11.688209921121597">
        <ele>3.86</ele>
      </trkpt>
      <trkpt lat="44.87451092340052" lon="11.688315952196717">
        <ele>3.97</ele>
      </trkpt>
      <trkpt lat="44.87451997585595" lon="11.688470933586359">
        <ele>4.08</ele>
      </trkpt>
      <trkpt lat="44.87465266138315" lon="11.688744351267815">
        <ele>4.21</ele>
      </trkpt>
      <trkpt lat="44.8747849278152" lon="11.689016930758953">
        <ele>4.29</ele>
      </trkpt>
      <trkpt lat="44.87491996027529" lon="11.689379950985312">
        <ele>4.31</ele>
      </trkpt>
      <trkpt lat="44.87499757669866" lon="11.689645992591977">
        <ele>4.33</ele>
      </trkpt>
      <trkpt lat="44.875072091817856" lon="11.689901305362582">
        <ele>4.42</ele>
      </trkpt>
      <trkpt lat="44.875074941664934" lon="11.68991094455123">
        <ele>4.47</ele>
      </trkpt>
      <trkpt lat="44.87483429722488" lon="11.690096268430352">
        <ele>4.56</ele>
      </trkpt>
      <trkpt lat="44.874593652784824" lon="11.690281592309475">
        <ele>4.59</ele>
      </trkpt>
      <trkpt lat="44.87435292452574" lon="11.690466916188598">
        <ele>4.57</ele>
      </trkpt>
      <trkpt lat="44.874088978394866" lon="11.690613934770226">
        <ele>4.52</ele>
      </trkpt>
      <trkpt lat="44.87379393540323" lon="11.69068593531847">
        <ele>4.5</ele>
      </trkpt>
      <trkpt lat="44.87363392487168" lon="11.690688952803612">
        <ele>4.52</ele>
      </trkpt>
      <trkpt lat="44.873461592942476" lon="11.69063899666071">
        <ele>4.58</ele>
      </trkpt>
      <trkpt lat="44.87328892573714" lon="11.690588956698775">
        <ele>4.57</ele>
      </trkpt>
      <trkpt lat="44.87303093075752" lon="11.690379995852709">
        <ele>4.52</ele>
      </trkpt>
      <trkpt lat="44.872886929661036" lon="11.690263990312815">
        <ele>4.45</ele>
      </trkpt>
      <trkpt lat="44.87274301238358" lon="11.69017095118761">
        <ele>4.39</ele>
      </trkpt>
      <trkpt lat="44.87259892746806" lon="11.690077995881438">
        <ele>4.32</ele>
      </trkpt>
      <trkpt lat="44.87233062274754" lon="11.689990991726518">
        <ele>4.29</ele>
      </trkpt>
      <trkpt lat="44.87206231802702" lon="11.689904071390629">
        <ele>4.36</ele>
      </trkpt>
      <trkpt lat="44.8717940133065" lon="11.68981715105474">
        <ele>4.37</ele>
      </trkpt>
      <trkpt lat="44.87152495421469" lon="11.689729979261756">
        <ele>4.31</ele>
      </trkpt>
      <trkpt lat="44.871373074129224" lon="11.689667534083128">
        <ele>4.18</ele>
      </trkpt>
      <trkpt lat="44.87122094258666" lon="11.689604921266437">
        <ele>4.02</ele>
      </trkpt>
      <trkpt lat="44.87106202170253" lon="11.689492939040065">
        <ele>3.89</ele>
      </trkpt>
      <trkpt lat="44.87090293318033" lon="11.689380956813693">
        <ele>3.78</ele>
      </trkpt>
      <trkpt lat="44.87077192403376" lon="11.689210971817374">
        <ele>3.73</ele>
      </trkpt>
      <trkpt lat="44.87066379748285" lon="11.689030257984996">
        <ele>3.69</ele>
      </trkpt>
      <trkpt lat="44.87055592238903" lon="11.688849963247776">
        <ele>3.65</ele>
      </trkpt>
      <trkpt lat="44.870476964861155" lon="11.68883697129786">
        <ele>3.63</ele>
      </trkpt>
      <trkpt lat="44.870326006785035" lon="11.688950965180993">
        <ele>3.64</ele>
      </trkpt>
      <trkpt lat="44.870174964889884" lon="11.689064959064126">
        <ele>3.58</ele>
      </trkpt>
      <trkpt lat="44.870069939643145" lon="11.689037969335914">
        <ele>3.52</ele>
      </trkpt>
      <trkpt lat="44.86987380310893" lon="11.688747955486178">
        <ele>3.43</ele>
      </trkpt>
      <trkpt lat="44.869677582755685" lon="11.688457941636443">
        <ele>3.39</ele>
      </trkpt>
      <trkpt lat="44.86948144622147" lon="11.688167927786708">
        <ele>3.37</ele>
      </trkpt>
      <trkpt lat="44.86928598023951" lon="11.687878919765353">
        <ele>3.37</ele>
      </trkpt>
      <trkpt lat="44.86919696442783" lon="11.687781941145658">
        <ele>3.38</ele>
      </trkpt>
      <trkpt lat="44.86911792308092" lon="11.68776199221611">
        <ele>3.39</ele>
      </trkpt>
      <trkpt lat="44.868976939469576" lon="11.68780691921711">
        <ele>3.42</ele>
      </trkpt>
      <trkpt lat="44.868685668334365" lon="11.68796231970191">
        <ele>3.41</ele>
      </trkpt>
      <trkpt lat="44.868394397199154" lon="11.68811772018671">
        <ele>3.47</ele>
      </trkpt>
      <trkpt lat="44.86810304224491" lon="11.688273036852479">
        <ele>3.58</ele>
      </trkpt>
      <trkpt lat="44.8678117711097" lon="11.68842843733728">
        <ele>3.66</ele>
      </trkpt>
      <trkpt lat="44.86752049997449" lon="11.688583754003048">
        <ele>3.76</ele>
      </trkpt>
      <trkpt lat="44.86722914502025" lon="11.688739154487848">
        <ele>3.93</ele>
      </trkpt>
      <trkpt lat="44.86693695187569" lon="11.688894974067807">
        <ele>4.06</ele>
      </trkpt>
      <trkpt lat="44.86664643511176" lon="11.689026905223727">
        <ele>4.14</ele>
      </trkpt>
      <trkpt lat="44.866355918347836" lon="11.689158836379647">
        <ele>4.22</ele>
      </trkpt>
      <trkpt lat="44.86606498248875" lon="11.68929093517363">
        <ele>4.23</ele>
      </trkpt>
      <trkpt lat="44.86593380570412" lon="11.689286157488823">
        <ele>4.3</ele>
      </trkpt>
      <trkpt lat="44.8659279383719" lon="11.68928598985076">
        <ele>4.39</ele>
      </trkpt>
      <trkpt lat="44.86610270105302" lon="11.689624199643731">
        <ele>4.45</ele>
      </trkpt>
      <trkpt lat="44.86627746373415" lon="11.689962493255734">
        <ele>4.55</ele>
      </trkpt>
      <trkpt lat="44.866452142596245" lon="11.690300786867738">
        <ele>4.68</ele>
      </trkpt>
      <trkpt lat="44.86662690527737" lon="11.690639080479741">
        <ele>4.8</ele>
      </trkpt>
      <trkpt lat="44.8668016679585" lon="11.690977374091744">
        <ele>4.94</ele>
      </trkpt>
      <trkpt lat="44.866974921897054" lon="11.691312985494733">
        <ele>5.05</ele>
      </trkpt>
      <trkpt lat="44.86706896685064" lon="11.691579949110746">
        <ele>5.1</ele>
      </trkpt>
      <trkpt lat="44.86713593825698" lon="11.691862922161818">
        <ele>5.12</ele>
      </trkpt>
      <trkpt lat="44.8671883251518" lon="11.692223008722067">
        <ele>5.14</ele>
      </trkpt>
      <trkpt lat="44.86724062822759" lon="11.692583095282316">
        <ele>5.25</ele>
      </trkpt>
      <trkpt lat="44.86729293130338" lon="11.692943098023534">
        <ele>5.35</ele>
      </trkpt>
      <trkpt lat="44.86734523437917" lon="11.693303184583783">
        <ele>5.38</ele>
      </trkpt>
      <trkpt lat="44.86739695072174" lon="11.693658996373415">
        <ele>5.33</ele>
      </trkpt>
      <trkpt lat="44.867383958771825" lon="11.694053951650858">
        <ele>5.36</ele>
      </trkpt>
      <trkpt lat="44.8673249501735" lon="11.694406997412443">
        <ele>5.37</ele>
      </trkpt>
      <trkpt lat="44.86722210422158" lon="11.694760713726282">
        <ele>5.41</ele>
      </trkpt>
      <trkpt lat="44.867119174450636" lon="11.695114430040121">
        <ele>5.38</ele>
      </trkpt>
      <trkpt lat="44.867016999050975" lon="11.695465967059135">
        <ele>5.34</ele>
      </trkpt>
      <trkpt lat="44.866995960474014" lon="11.695611979812384">
        <ele>5.29</ele>
      </trkpt>
      <trkpt lat="44.866996966302395" lon="11.69577894732356">
        <ele>5.22</ele>
      </trkpt>
      <trkpt lat="44.86702797934413" lon="11.69597097672522">
        <ele>5.14</ele>
      </trkpt>
      <trkpt lat="44.867058992385864" lon="11.696038953959942">
        <ele>5.03</ele>
      </trkpt>
      <trkpt lat="44.86720944754779" lon="11.696293260902166">
        <ele>4.87</ele>
      </trkpt>
      <trkpt lat="44.867359986528754" lon="11.69654748402536">
        <ele>4.71</ele>
      </trkpt>
      <trkpt lat="44.86750993877649" lon="11.696800952777267">
        <ele>4.57</ele>
      </trkpt>
      <trkpt lat="44.867592165246606" lon="11.697082836180925">
        <ele>4.44</ele>
      </trkpt>
      <trkpt lat="44.86767430789769" lon="11.697364719584584">
        <ele>4.32</ele>
      </trkpt>
      <trkpt lat="44.86775594763458" lon="11.697644926607609">
        <ele>4.24</ele>
      </trkpt>
      <trkpt lat="44.86784094013274" lon="11.697853971272707">
        <ele>4.13</ele>
      </trkpt>
      <trkpt lat="44.86800296232104" lon="11.69812093488872">
        <ele>3.96</ele>
      </trkpt>
      <trkpt lat="44.86819197423756" lon="11.698305672034621">
        <ele>3.85</ele>
      </trkpt>
      <trkpt lat="44.86838106997311" lon="11.698490409180522">
        <ele>3.77</ele>
      </trkpt>
      <trkpt lat="44.8685699980706" lon="11.69867497868836">
        <ele>3.7</ele>
      </trkpt>
      <trkpt lat="44.868799578398466" lon="11.698844293132424">
        <ele>3.61</ele>
      </trkpt>
      <trkpt lat="44.869029242545366" lon="11.69901360757649">
        <ele>3.48</ele>
      </trkpt>
      <trkpt lat="44.8692589905113" lon="11.699182922020555">
        <ele>3.3</ele>
      </trkpt>
      <trkpt lat="44.869445068761706" lon="11.699429098516703">
        <ele>3.2</ele>
      </trkpt>
      <trkpt lat="44.869631230831146" lon="11.69967527501285">
        <ele>3.09</ele>
      </trkpt>
      <trkpt lat="44.869817392900586" lon="11.699921451508999">
        <ele>2.97</ele>
      </trkpt>
      <trkpt lat="44.870002968236804" lon="11.700166957452893">
        <ele>2.93</ele>
      </trkpt>
      <trkpt lat="44.87014093436301" lon="11.700536934658885">
        <ele>2.89</ele>
      </trkpt>
      <trkpt lat="44.870218969881535" lon="11.700951922684908">
        <ele>2.88</ele>
      </trkpt>
      <trkpt lat="44.87022651359439" lon="11.701216623187065">
        <ele>2.8</ele>
      </trkpt>
      <trkpt lat="44.87023397348821" lon="11.701479982584715">
        <ele>2.76</ele>
      </trkpt>
      <trkpt lat="44.87020991742611" lon="11.701725572347641">
        <ele>2.71</ele>
      </trkpt>
      <trkpt lat="44.87018594518304" lon="11.701969988644123">
        <ele>2.64</ele>
      </trkpt>
      <trkpt lat="44.8701929859817" lon="11.702298978343606">
        <ele>2.63</ele>
      </trkpt>
      <trkpt lat="44.8702569399029" lon="11.7025479208678">
        <ele>2.67</ele>
      </trkpt>
      <trkpt lat="44.87037420272827" lon="11.702878251671791">
        <ele>2.69</ele>
      </trkpt>
      <trkpt lat="44.87049138173461" lon="11.70320849865675">
        <ele>2.7</ele>
      </trkpt>
      <trkpt lat="44.870607974007726" lon="11.703536985442042">
        <ele>2.73</ele>
      </trkpt>
      <trkpt lat="44.870709562674165" lon="11.703720213845372">
        <ele>2.75</ele>
      </trkpt>
      <trkpt lat="44.87081098370254" lon="11.703902939334512">
        <ele>2.78</ele>
      </trkpt>
      <trkpt lat="44.87094760872424" lon="11.70410762540996">
        <ele>2.81</ele>
      </trkpt>
      <trkpt lat="44.87108398228884" lon="11.704311976209283">
        <ele>2.87</ele>
      </trkpt>
      <trkpt lat="44.87120954319835" lon="11.704461006447673">
        <ele>2.94</ele>
      </trkpt>
      <trkpt lat="44.87133493646979" lon="11.704609952867031">
        <ele>3.03</ele>
      </trkpt>
      <trkpt lat="44.871443985030055" lon="11.704739956185222">
        <ele>3.13</ele>
      </trkpt>
      <trkpt lat="44.8716108687222" lon="11.70499543659389">
        <ele>3.28</ele>
      </trkpt>
      <trkpt lat="44.871777752414346" lon="11.705250917002559">
        <ele>3.4</ele>
      </trkpt>
      <trkpt lat="44.87194471992552" lon="11.705506397411227">
        <ele>3.47</ele>
      </trkpt>
      <trkpt lat="44.872110933065414" lon="11.705760955810547">
        <ele>3.51</ele>
      </trkpt>
      <trkpt lat="44.872173964977264" lon="11.705915937200189">
        <ele>3.55</ele>
      </trkpt>
      <trkpt lat="44.872002974152565" lon="11.706048958003521">
        <ele>3.61</ele>
      </trkpt>
      <trkpt lat="44.8719129525125" lon="11.706177955493331">
        <ele>3.66</ele>
      </trkpt>
      <trkpt lat="44.87182796001434" lon="11.706358920782804">
        <ele>3.71</ele>
      </trkpt>
      <trkpt lat="44.871726958081126" lon="11.706671984866261">
        <ele>3.76</ele>
      </trkpt>
      <trkpt lat="44.871680941432714" lon="11.70690592378378">
        <ele>3.79</ele>
      </trkpt>
      <trkpt lat="44.871639870107174" lon="11.707343542948365">
        <ele>3.8</ele>
      </trkpt>
      <trkpt lat="44.87159879878163" lon="11.70778107829392">
        <ele>3.77</ele>
      </trkpt>
      <trkpt lat="44.87155764363706" lon="11.708218697458506">
        <ele>3.79</ele>
      </trkpt>
      <trkpt lat="44.87151699140668" lon="11.708651958033442">
        <ele>3.87</ele>
      </trkpt>
      <trkpt lat="44.871445996686816" lon="11.709025958552957">
        <ele>3.89</ele>
      </trkpt>
      <trkpt lat="44.87143199890852" lon="11.709094941616058">
        <ele>3.9</ele>
      </trkpt>
      <trkpt lat="44.871378941461444" lon="11.709470953792334">
        <ele>3.95</ele>
      </trkpt>
      <trkpt lat="44.87139201723039" lon="11.709765158593655">
        <ele>4.0</ele>
      </trkpt>
      <trkpt lat="44.871404925361276" lon="11.710057938471437">
        <ele>4.08</ele>
      </trkpt>
      <trkpt lat="44.87130392342806" lon="11.710204957053065">
        <ele>4.0</ele>
      </trkpt>
      <trkpt lat="44.87111994065344" lon="11.710280980914831">
        <ele>3.89</ele>
      </trkpt>
      <trkpt lat="44.871118515729904" lon="11.710275867953897">
        <ele>3.84</ele>
      </trkpt>
      <trkpt lat="44.871091190725565" lon="11.710175788030028">
        <ele>3.79</ele>
      </trkpt>
      <trkpt lat="44.871022794395685" lon="11.70992475003004">
        <ele>3.7</ele>
      </trkpt>
      <trkpt lat="44.870925983414054" lon="11.70956994406879">
        <ele>3.57</ele>
      </trkpt>
      <trkpt lat="44.87080997787416" lon="11.709257969632745">
        <ele>3.54</ele>
      </trkpt>
      <trkpt lat="44.87064493820071" lon="11.709015984088182">
        <ele>3.52</ele>
      </trkpt>
      <trkpt lat="44.87058433704078" lon="11.708925291895866">
        <ele>3.46</ele>
      </trkpt>
      <trkpt lat="44.87055198289454" lon="11.708876928314567">
        <ele>3.46</ele>
      </trkpt>
      <trkpt lat="44.870410999283195" lon="11.708853961899877">
        <ele>3.38</ele>
      </trkpt>
      <trkpt lat="44.87029298208654" lon="11.708966949954629">
        <ele>3.28</ele>
      </trkpt>
      <trkpt lat="44.87025794573128" lon="11.709090918302536">
        <ele>3.18</ele>
      </trkpt>
      <trkpt lat="44.87025895155966" lon="11.709179934114218">
        <ele>3.09</ele>
      </trkpt>
      <trkpt lat="44.87021695822477" lon="11.709453938528895">
        <ele>3.0</ele>
      </trkpt>
      <trkpt lat="44.87014495767653" lon="11.709574973210692">
        <ele>2.93</ele>
      </trkpt>
      <trkpt lat="44.86999894492328" lon="11.709737917408347">
        <ele>2.91</ele>
      </trkpt>
      <trkpt lat="44.869856955483556" lon="11.709816958755255">
        <ele>2.87</ele>
      </trkpt>
      <trkpt lat="44.869830971583724" lon="11.709740934893489">
        <ele>2.8</ele>
      </trkpt>
      <trkpt lat="44.869570042937994" lon="11.709884935989976">
        <ele>2.77</ele>
      </trkpt>
      <trkpt lat="44.869309198111296" lon="11.710028853267431">
        <ele>2.65</ele>
      </trkpt>
      <trkpt lat="44.86904793418944" lon="11.71017293818295">
        <ele>2.57</ele>
      </trkpt>
      <trkpt lat="44.86887157894671" lon="11.71023789793253">
        <ele>2.61</ele>
      </trkpt>
      <trkpt lat="44.868694972246885" lon="11.71030294150114">
        <ele>2.68</ele>
      </trkpt>
      <trkpt lat="44.868469163775444" lon="11.710351891815662">
        <ele>2.73</ele>
      </trkpt>
      <trkpt lat="44.868242936208844" lon="11.710400925949216">
        <ele>2.74</ele>
      </trkpt>
      <trkpt lat="44.86802668310702" lon="11.710404949262738">
        <ele>2.75</ele>
      </trkpt>
      <trkpt lat="44.867809927091" lon="11.71040897257626">
        <ele>2.78</ele>
      </trkpt>
      <trkpt lat="44.86753433011472" lon="11.710367985069752">
        <ele>2.84</ele>
      </trkpt>
      <trkpt lat="44.86725873313844" lon="11.710326997563243">
        <ele>2.89</ele>
      </trkpt>
      <trkpt lat="44.86698305234313" lon="11.710286093875766">
        <ele>2.89</ele>
      </trkpt>
      <trkpt lat="44.86670745536685" lon="11.710245106369257">
        <ele>2.83</ele>
      </trkpt>
      <trkpt lat="44.86643185839057" lon="11.710204118862748">
        <ele>2.77</ele>
      </trkpt>
      <trkpt lat="44.86615617759526" lon="11.71016313135624">
        <ele>2.71</ele>
      </trkpt>
      <trkpt lat="44.865878988057375" lon="11.710121976211667">
        <ele>2.68</ele>
      </trkpt>
      <trkpt lat="44.865601463243365" lon="11.71005517244339">
        <ele>2.71</ele>
      </trkpt>
      <trkpt lat="44.865323854610324" lon="11.709988284856081">
        <ele>2.75</ele>
      </trkpt>
      <trkpt lat="44.865046329796314" lon="11.709921481087804">
        <ele>2.83</ele>
      </trkpt>
      <trkpt lat="44.864768804982305" lon="11.709854677319527">
        <ele>2.86</ele>
      </trkpt>
      <trkpt lat="44.864491280168295" lon="11.70978787355125">
        <ele>2.91</ele>
      </trkpt>
      <trkpt lat="44.864213755354285" lon="11.70972098596394">
        <ele>2.93</ele>
      </trkpt>
      <trkpt lat="44.863936230540276" lon="11.709654182195663">
        <ele>2.94</ele>
      </trkpt>
      <trkpt lat="44.8636569455266" lon="11.709586959332228">
        <ele>3.02</ele>
      </trkpt>
      <trkpt lat="44.863454941660166" lon="11.709561981260777">
        <ele>3.11</ele>
      </trkpt>
      <trkpt lat="44.86329157836735" lon="11.709596430882812">
        <ele>3.25</ele>
      </trkpt>
      <trkpt lat="44.863127963617444" lon="11.709630964323878">
        <ele>3.38</ele>
      </trkpt>
      <trkpt lat="44.86288296058774" lon="11.70972098596394">
        <ele>3.57</ele>
      </trkpt>
      <trkpt lat="44.862636029720306" lon="11.709855264052749">
        <ele>3.68</ele>
      </trkpt>
      <trkpt lat="44.862389182671905" lon="11.709989542141557">
        <ele>3.76</ele>
      </trkpt>
      <trkpt lat="44.86214225180447" lon="11.710123820230365">
        <ele>3.79</ele>
      </trkpt>
      <trkpt lat="44.86189540475607" lon="11.710258098319173">
        <ele>3.81</ele>
      </trkpt>
      <trkpt lat="44.861648473888636" lon="11.710392376407981">
        <ele>3.86</ele>
      </trkpt>
      <trkpt lat="44.86140095628798" lon="11.710526989772916">
        <ele>3.82</ele>
      </trkpt>
      <trkpt lat="44.86118302680552" lon="11.710664620622993">
        <ele>3.83</ele>
      </trkpt>
      <trkpt lat="44.86096509732306" lon="11.710802167654037">
        <ele>3.83</ele>
      </trkpt>
      <trkpt lat="44.860746916383505" lon="11.710939966142178">
        <ele>3.79</ele>
      </trkpt>
      <trkpt lat="44.860538709908724" lon="11.71106955036521">
        <ele>3.75</ele>
      </trkpt>
      <trkpt lat="44.86033041961491" lon="11.711199218407273">
        <ele>3.69</ele>
      </trkpt>
      <trkpt lat="44.860121961683035" lon="11.711328970268369">
        <ele>3.74</ele>
      </trkpt>
      <trkpt lat="44.85994250513613" lon="11.711457967758179">
        <ele>3.71</ele>
      </trkpt>
      <trkpt lat="44.8597629647702" lon="11.711586965247989">
        <ele>3.62</ele>
      </trkpt>
      <trkpt lat="44.85956892371178" lon="11.711758458986878">
        <ele>3.49</ele>
      </trkpt>
      <trkpt lat="44.85937496647239" lon="11.711929952725768">
        <ele>3.4</ele>
      </trkpt>
      <trkpt lat="44.85915091820061" lon="11.712168082594872">
        <ele>3.31</ele>
      </trkpt>
      <trkpt lat="44.85892695374787" lon="11.71240596100688">
        <ele>3.22</ele>
      </trkpt>
      <trkpt lat="44.85880189575255" lon="11.712546022608876">
        <ele>3.08</ele>
      </trkpt>
      <trkpt lat="44.85867692157626" lon="11.71268591657281">
        <ele>2.92</ele>
      </trkpt>
      <trkpt lat="44.858576925471425" lon="11.712801922112703">
        <ele>2.73</ele>
      </trkpt>
      <trkpt lat="44.858380956575274" lon="11.713014990091324">
        <ele>2.55</ele>
      </trkpt>
      <trkpt lat="44.858273919671774" lon="11.713039968162775">
        <ele>2.42</ele>
      </trkpt>
      <trkpt lat="44.85828791745007" lon="11.7131129745394">
        <ele>2.25</ele>
      </trkpt>
      <trkpt lat="44.858319936320186" lon="11.713217999786139">
        <ele>2.09</ele>
      </trkpt>
      <trkpt lat="44.85833493992686" lon="11.71328991651535">
        <ele>1.96</ele>
      </trkpt>
      <trkpt lat="44.85817291773856" lon="11.713546989485621">
        <ele>1.86</ele>
      </trkpt>
      <trkpt lat="44.858125979080796" lon="11.713590994477272">
        <ele>1.79</ele>
      </trkpt>
      <trkpt lat="44.85804392024875" lon="11.713600968942046">
        <ele>1.76</ele>
      </trkpt>
      <trkpt lat="44.85789195634425" lon="11.713784951716661">
        <ele>1.75</ele>
      </trkpt>
      <trkpt lat="44.8578289244324" lon="11.713873967528343">
        <ele>1.8</ele>
      </trkpt>
      <trkpt lat="44.85780595801771" lon="11.713835997506976">
        <ele>1.87</ele>
      </trkpt>
      <trkpt lat="44.85760227777064" lon="11.714119222015142">
        <ele>2.03</ele>
      </trkpt>
      <trkpt lat="44.8573989327997" lon="11.714401943609118">
        <ele>2.2</ele>
      </trkpt>
      <trkpt lat="44.857249818742275" lon="11.714607635512948">
        <ele>2.29</ele>
      </trkpt>
      <trkpt lat="44.85710095614195" lon="11.71481299214065">
        <ele>2.34</ele>
      </trkpt>
      <trkpt lat="44.85694698058069" lon="11.714960932731628">
        <ele>2.42</ele>
      </trkpt>
      <trkpt lat="44.856725027784705" lon="11.715085906907916">
        <ele>2.61</ele>
      </trkpt>
      <trkpt lat="44.856503158807755" lon="11.715210881084204">
        <ele>2.89</ele>
      </trkpt>
      <trkpt lat="44.85628120601177" lon="11.71533577144146">
        <ele>3.23</ele>
      </trkpt>
      <trkpt lat="44.85605891793966" lon="11.715460997074842">
        <ele>3.5</ele>
      </trkpt>
      <trkpt lat="44.85600393265486" lon="11.715491926297545">
        <ele>3.71</ele>
      </trkpt>
      <trkpt lat="44.85582799650729" lon="11.715589994564652">
        <ele>3.95</ele>
      </trkpt>
      <trkpt lat="44.85568349249661" lon="11.71569594182074">
        <ele>4.17</ele>
      </trkpt>
      <trkpt lat="44.85553898848593" lon="11.71580197289586">
        <ele>4.36</ele>
      </trkpt>
      <trkpt lat="44.85533983446658" lon="11.716070529073477">
        <ele>4.62</ele>
      </trkpt>
      <trkpt lat="44.85514068044722" lon="11.716339001432061">
        <ele>4.85</ele>
      </trkpt>
      <trkpt lat="44.854941945523024" lon="11.716606970876455">
        <ele>5.08</ele>
      </trkpt>
      <trkpt lat="44.85480045899749" lon="11.716731442138553">
        <ele>5.33</ele>
      </trkpt>
      <trkpt lat="44.85465897247195" lon="11.716855997219682">
        <ele>5.45</ele>
      </trkpt>
      <trkpt lat="44.854444060474634" lon="11.716974433511496">
        <ele>5.55</ele>
      </trkpt>
      <trkpt lat="44.85422898083925" lon="11.717092953622341">
        <ele>5.47</ele>
      </trkpt>
      <trkpt lat="44.85400501638651" lon="11.717221615836024">
        <ele>5.34</ele>
      </trkpt>
      <trkpt lat="44.85389655455947" lon="11.71728297136724">
        <ele>5.35</ele>
      </trkpt>
    </trkseg>
  </trk>
</gpx>
